File Created:,Mon Jul 29 11:24:06 2024
Heat Source Version:,9.0.0b26
Simulation Name:,WFK23
User Text:,Westfork Kickapoo
Output:,Sediment Temperature (Celsius)
""
Datetime,23.500,23.400,23.300,23.200,23.100,23.000,22.900,22.800,22.700,22.600,22.500,22.400,22.300,22.200,22.100,22.000,21.900,21.800,21.700,21.600,21.500,21.400,21.300,21.200,21.100,21.000,20.900,20.800,20.700,20.600,20.500,20.400,20.300,20.200,20.100,20.000,19.900,19.800,19.700,19.600,19.500,19.400,19.300,19.200,19.100,19.000,18.900,18.800,18.700,18.600,18.500,18.400,18.300,18.200,18.100,18.000,17.900,17.800,17.700,17.600,17.500,17.400,17.300,17.200,17.100,17.000,16.900,16.800,16.700,16.600,16.500,16.400,16.300,16.200,16.100,16.000,15.900,15.800,15.700,15.600,15.500,15.400,15.300,15.200,15.100,15.000,14.900,14.800,14.700,14.600,14.500,14.400,14.300,14.200,14.100,14.000,13.900,13.800,13.700,13.600,13.500,13.400,13.300,13.200,13.100,13.000,12.900,12.800,12.700,12.600,12.500,12.400,12.300,12.200,12.100,12.000,11.900,11.800,11.700,11.600,11.500,11.400,11.300,11.200,11.100,11.000,10.900,10.800,10.700,10.600,10.500,10.400,10.300,10.200,10.100,10.000,9.900,9.800,9.700,9.600,9.500,9.400,9.300,9.200,9.100,9.000,8.900,8.800,8.700,8.600,8.500,8.400,8.300,8.200,8.100,8.000,7.900,7.800,7.700,7.600,7.500,7.400,7.300,7.200,7.100,7.000,6.900,6.800,6.700,6.600,6.500,6.400,6.300,6.200,6.100,6.000,5.900,5.800,5.700,5.600,5.500,5.400,5.300,5.200,5.100,5.000,4.900,4.800,4.700,4.600,4.500,4.400,4.300,4.200,4.100,4.000,3.900,3.800,3.700,3.600,3.500,3.400,3.300,3.200,3.100,3.000,2.900,2.800,2.700,2.600,2.500,2.400,2.300,2.200,2.100,2.000,1.900,1.800,1.700,1.600,1.500,1.400,1.300,1.200,1.100,1.000,0.900,0.800,0.700,0.600,0.500,0.400,0.300,0.200,0.100,0.000
45108.0000000,20.8170,20.8170,20.8170,20.8170,20.8170,20.8170,20.8170,20.8170,20.8170,20.8170,20.8170,20.8170,20.8170,20.8170,20.8170,20.8170,20.8170,20.8170,20.8170,20.8170,20.8170,20.8170,20.8170,20.8170,20.8170,20.8170,20.8170,20.8170,20.8170,20.8170,20.8170,20.8170,20.8170,20.8170,20.8170,20.8170,20.8170,20.8170,20.8170,20.8170,20.8170,20.8170,20.8170,20.8170,20.8170,20.8170,20.8170,20.8170,20.8170,20.8170,20.8170,20.8170,20.8170,20.8170,20.8170,20.8170,20.8170,20.8170,20.8170,20.8170,20.8170,20.8170,20.8170,20.8170,20.8170,20.8170,20.8170,20.8170,20.8170,20.8170,20.8170,20.8170,20.8170,20.8170,20.8170,20.8170,20.8170,20.8170,20.8170,20.8170,20.8170,20.8170,20.8170,20.8170,20.8170,20.8170,20.8170,20.8170,20.8170,20.8170,20.8170,20.8170,20.8170,20.8170,20.8170,20.8170,20.8170,20.8170,20.8170,20.8170,20.8170,20.8170,20.8170,20.8170,20.8170,20.8170,20.8170,20.8170,20.8170,20.8170,20.8170,20.8170,20.8170,20.8170,20.8170,20.8170,20.8170,20.8170,20.8170,20.8170,20.8170,20.8170,20.8170,20.8170,20.8170,20.8170,20.8170,20.8170,20.8170,20.8170,20.8170,20.8170,20.8170,20.8170,20.8170,20.8170,20.8170,20.8170,20.8170,20.8170,20.8170,20.8170,20.8170,20.8170,20.8170,20.8170,20.8170,20.8170,20.8170,20.8170,20.8170,20.8170,20.8170,20.8170,20.8170,20.8170,20.8170,20.8170,20.8170,20.8170,20.8170,20.8170,20.8170,20.8170,20.8170,20.8170,20.8170,20.8170,20.8170,20.8170,20.8170,20.8170,20.8170,20.8170,20.8170,20.8170,20.8170,20.8170,20.8170,20.8170,20.8170,20.8170,20.8170,20.8170,20.8170,20.8170,20.8170,20.8170,20.8170,20.8170,20.8170,20.8170,20.8170,20.8170,20.8170,20.8170,20.8170,20.8170,20.8170,20.8170,20.8170,20.8170,20.8170,20.8170,20.8170,20.8170,20.8170,20.8170,20.8170,20.8170,20.8170,20.8170,20.8170,20.8170,20.8170,20.8170,20.8170,20.8170,20.8170,20.8170,20.8170,20.8170,20.8170,20.8170,20.8170,20.8170,20.8170,20.8170,20.8170,20.8170,20.8170,20.8170,20.8170,20.8170,20.8170,20.8170
45108.0416667,20.7686,20.7803,20.7739,20.7780,20.7895,20.7566,20.7662,20.6440,20.6911,20.6429,20.6885,20.6967,20.6730,20.6566,20.7086,20.7300,20.7621,20.7698,20.7556,20.7756,20.7920,20.7746,20.7604,20.7779,20.7794,20.7928,20.7771,20.7734,20.7838,20.7756,20.7933,20.7937,20.7968,20.7910,20.7926,20.7879,20.7904,20.7924,20.7823,20.7512,20.7602,20.7515,20.7489,20.7565,20.7849,20.7923,20.7866,20.7304,20.7223,20.7156,20.7254,20.7531,20.7627,20.7620,20.7159,20.7843,20.7853,20.7851,20.7819,20.7723,20.7730,20.7685,20.7789,20.7846,20.7795,20.7874,20.7943,20.7792,20.7944,20.8015,20.8024,20.8018,20.7984,20.7945,20.7860,20.7968,20.7944,20.7735,20.7681,20.7707,20.7680,20.7641,20.7367,20.6852,20.7287,20.7185,20.7554,20.7498,20.7651,20.7286,20.7719,20.7667,20.7705,20.7750,20.7404,20.7589,20.7671,20.7574,20.7631,20.7574,20.7632,20.7898,20.5830,20.6094,20.6807,20.7059,20.6916,20.6813,20.6807,20.7666,20.7462,20.7642,20.7535,20.7435,20.7588,20.7443,20.7565,20.7715,20.7734,20.7763,20.7514,20.7823,20.7656,20.7784,20.7910,20.7957,20.7937,20.7923,20.7817,20.7630,20.7765,20.7823,20.7880,20.7915,20.7892,20.7875,20.7880,20.7922,20.7732,20.7808,20.7891,20.7948,20.7904,20.7887,20.7939,20.7844,20.7868,20.7924,20.7871,20.7809,20.7859,20.7899,20.7955,20.8018,20.7888,20.7914,20.7925,20.7853,20.7176,20.7309,20.7737,20.7588,20.7051,20.7246,20.7155,20.6989,20.7406,20.7302,20.7682,20.7728,20.7570,20.6624,20.7318,20.7612,20.7681,20.7642,20.7598,20.7645,20.7639,20.7858,20.7752,20.7618,20.7615,20.7697,20.7486,20.7687,20.7686,20.7689,20.7692,20.7694,20.7696,20.7698,20.7701,20.7703,20.7705,20.7707,20.7709,20.7710,20.7711,20.7712,20.7712,20.7712,20.7712,20.7712,20.7711,20.7711,20.7710,20.7709,20.7709,20.7708,20.7707,20.7706,20.7705,20.7705,20.7704,20.7703,20.7702,20.7701,20.7701,20.7700,20.7699,20.7698,20.7697,20.7697,20.7696,20.7695,20.7694,20.7693,20.7693,20.7692,20.7691,20.7690,20.7689,20.7689,20.7687,20.7686
45108.0833333,20.6405,20.6897,20.6697,20.6855,20.7267,20.6306,20.6616,20.4171,20.4944,20.3654,20.4531,20.4439,20.3305,20.3419,20.4507,20.4794,20.5679,20.5854,20.4966,20.5759,20.6771,20.6121,20.5695,20.6497,20.6603,20.7214,20.6707,20.6515,20.7020,20.6668,20.7249,20.7272,20.7402,20.7234,20.7298,20.7128,20.7230,20.7291,20.6910,20.6452,20.6581,20.6263,20.6129,20.6274,20.7059,20.7176,20.6835,20.5790,20.5313,20.5039,20.5377,20.6001,20.6212,20.6158,20.4552,20.6791,20.6764,20.6766,20.6873,20.6529,20.6535,20.6380,20.6719,20.6905,20.6686,20.6949,20.7224,20.6960,20.7142,20.7408,20.7556,20.7630,20.7548,20.7366,20.7138,20.7518,20.7432,20.7078,20.6921,20.6982,20.6906,20.6793,20.6098,20.5016,20.5873,20.5547,20.6374,20.6130,20.6483,20.5319,20.6564,20.6525,20.6578,20.6637,20.5345,20.5901,20.6146,20.5828,20.6014,20.5779,20.5947,20.6819,20.2953,20.3250,20.4599,20.4991,20.4312,20.4228,20.3556,20.6010,20.4707,20.5030,20.5283,20.4811,20.5507,20.5033,20.5559,20.6208,20.6370,20.6508,20.5468,20.6634,20.6309,20.6723,20.7194,20.7347,20.7259,20.7284,20.6910,20.6302,20.6683,20.6834,20.7019,20.7165,20.7264,20.7181,20.7164,20.7292,20.6748,20.6904,20.7119,20.7322,20.7146,20.7076,20.7309,20.6937,20.7010,20.7320,20.7183,20.7015,20.7146,20.7167,20.7294,20.7539,20.7117,20.7258,20.7375,20.7157,20.5885,20.6038,20.6960,20.6583,20.5515,20.5873,20.5632,20.5180,20.6033,20.5619,20.6460,20.6399,20.5507,20.4075,20.5549,20.6224,20.6322,20.6105,20.5851,20.5943,20.5842,20.6762,20.6355,20.5847,20.5891,20.6324,20.5640,20.6339,20.6363,20.6401,20.6434,20.6465,20.6492,20.6516,20.6537,20.6555,20.6571,20.6584,20.6594,20.6603,20.6610,20.6616,20.6620,20.6623,20.6626,20.6628,20.6629,20.6629,20.6629,20.6629,20.6629,20.6628,20.6627,20.6626,20.6625,20.6623,20.6621,20.6620,20.6618,20.6615,20.6613,20.6611,20.6609,20.6606,20.6604,20.6601,20.6598,20.6596,20.6593,20.6591,20.6588,20.6585,20.6583,20.6580,20.6577,20.6575,20.6572,20.6568
45108.1250000,20.4586,20.5568,20.5197,20.5514,20.6345,20.4598,20.5213,20.1781,20.2821,20.0852,20.2060,20.1803,19.9969,20.0143,20.1632,20.1850,20.3146,20.3251,20.1277,20.2519,20.4680,20.3179,20.2204,20.3972,20.4185,20.5732,20.4584,20.4110,20.5502,20.4750,20.6055,20.6151,20.6478,20.6179,20.6331,20.6003,20.6226,20.6351,20.5602,20.5150,20.5323,20.4761,20.4520,20.4729,20.6031,20.6144,20.5396,20.3956,20.3011,20.2519,20.3097,20.4045,20.4357,20.4235,20.1455,20.5282,20.5144,20.5117,20.5441,20.4728,20.4702,20.4378,20.5023,20.5381,20.4901,20.5419,20.6008,20.5704,20.5761,20.6270,20.6673,20.6931,20.6802,20.6430,20.6031,20.6831,20.6689,20.6274,20.6020,20.6137,20.6020,20.5842,20.4766,20.3261,20.4423,20.3917,20.5113,20.4691,20.5209,20.3369,20.5259,20.5217,20.5250,20.5280,20.3024,20.3848,20.4203,20.3637,20.3910,20.3439,20.3663,20.5214,19.9975,20.0275,20.2157,20.2660,20.1457,20.1397,20.0032,20.3858,20.1134,20.1274,20.1924,20.0877,20.2142,20.1149,20.2099,20.3431,20.3789,20.4064,20.1586,20.4196,20.3729,20.4682,20.5831,20.6219,20.6053,20.6203,20.5452,20.4320,20.5028,20.5307,20.5668,20.5976,20.6314,20.6146,20.6106,20.6358,20.5407,20.5649,20.6013,20.6399,20.6050,20.5902,20.6367,20.5631,20.5744,20.6405,20.6168,20.5876,20.6110,20.6090,20.6290,20.6774,20.5979,20.6274,20.6561,20.6174,20.4433,20.4609,20.6011,20.5418,20.3924,20.4413,20.4041,20.3350,20.4531,20.3820,20.5011,20.4772,20.3140,20.1356,20.3408,20.4407,20.4479,20.4014,20.3482,20.3572,20.3315,20.5074,20.4253,20.3274,20.3353,20.4220,20.2954,20.4239,20.4281,20.4354,20.4423,20.4489,20.4551,20.4611,20.4668,20.4721,20.4771,20.4817,20.4861,20.4901,20.4937,20.4971,20.5001,20.5029,20.5054,20.5076,20.5095,20.5112,20.5127,20.5139,20.5149,20.5158,20.5165,20.5170,20.5174,20.5177,20.5179,20.5180,20.5180,20.5179,20.5178,20.5176,20.5174,20.5171,20.5168,20.5165,20.5161,20.5158,20.5154,20.5150,20.5146,20.5141,20.5137,20.5132,20.5128,20.5123,20.5118,20.5112
45108.1666667,20.2343,20.3881,20.3328,20.3831,20.5163,20.2549,20.3516,19.9289,20.0570,19.8032,19.9507,19.9116,19.6786,19.6894,19.8698,19.8847,20.0472,20.0480,19.7580,19.9078,20.2242,19.9866,19.8332,20.0901,20.1133,20.3690,20.1688,20.0752,20.3228,20.1833,20.4145,20.4359,20.5023,20.4581,20.4904,20.4399,20.4826,20.5065,20.3888,20.3600,20.3834,20.3028,20.2692,20.2972,20.4814,20.4915,20.3731,20.1979,20.0611,19.9938,20.0704,20.1915,20.2304,20.2109,19.8380,20.3522,20.3242,20.3167,20.3722,20.2603,20.2521,20.2003,20.2937,20.3458,20.2661,20.3431,20.4362,20.4047,20.3830,20.4602,20.5343,20.5874,20.5688,20.5061,20.4455,20.5838,20.5645,20.5260,20.4914,20.5117,20.4972,20.4738,20.3293,20.1451,20.2874,20.2228,20.3758,20.3183,20.3854,20.1473,20.3881,20.3846,20.3858,20.3856,20.0844,20.1833,20.2258,20.1501,20.1820,20.1165,20.1403,20.3478,19.7189,19.7463,19.9714,20.0287,19.8644,19.8575,19.6648,20.1531,19.7555,19.7466,19.8387,19.6871,19.8513,19.7088,19.8293,20.0170,20.0661,20.1001,19.7035,20.0906,20.0207,20.1708,20.3730,20.4418,20.4113,20.4480,20.3179,20.1331,20.2515,20.3005,20.3645,20.4209,20.4945,20.4699,20.4656,20.5092,20.3697,20.4051,20.4593,20.5200,20.4660,20.4436,20.5163,20.4043,20.4198,20.5241,20.4898,20.4480,20.4820,20.4742,20.5007,20.5755,20.4554,20.5015,20.5507,20.4939,20.2820,20.3021,20.4895,20.4100,20.2267,20.2868,20.2387,20.1507,20.2950,20.1992,20.3462,20.3058,20.0900,19.8824,20.1223,20.2459,20.2476,20.1773,20.0990,20.1048,20.0640,20.3108,20.1885,20.0505,20.0590,20.1806,20.0054,20.1794,20.1832,20.1917,20.2000,20.2082,20.2161,20.2240,20.2317,20.2392,20.2465,20.2535,20.2603,20.2668,20.2731,20.2792,20.2850,20.2905,20.2957,20.3007,20.3054,20.3098,20.3140,20.3178,20.3214,20.3248,20.3278,20.3306,20.3332,20.3355,20.3376,20.3394,20.3410,20.3425,20.3437,20.3447,20.3456,20.3463,20.3468,20.3472,20.3475,20.3476,20.3476,20.3476,20.3474,20.3472,20.3469,20.3466,20.3461,20.3457,20.3451,20.3445
45108.2083333,19.9902,20.1951,20.1202,20.1885,20.3754,20.0243,20.1571,19.6700,19.8197,19.5180,19.6877,19.6379,19.3696,19.3672,19.5730,19.5825,19.7726,19.7651,19.4044,19.5704,19.9683,19.6570,19.4633,19.7762,19.7986,20.1434,19.8613,19.7237,20.0629,19.8528,20.1772,20.2058,20.3070,20.2415,20.2941,20.2198,20.2900,20.3310,20.1601,20.1690,20.2020,20.0964,20.0550,20.0932,20.3380,20.3489,20.1870,19.9895,19.8174,19.7371,19.8284,19.9712,20.0168,19.9908,19.5507,20.1639,20.1216,20.1090,20.1861,20.0357,20.0212,19.9514,20.0687,20.1343,20.0237,20.1217,20.2455,20.2126,20.1484,20.2478,20.3594,20.4461,20.4203,20.3251,20.2407,20.4506,20.4260,20.3995,20.3558,20.3883,20.3722,20.3442,20.1616,19.9481,20.1163,20.0401,20.2265,20.1553,20.2379,19.9528,20.2400,20.2391,20.2389,20.2364,19.8759,19.9860,20.0338,19.9446,19.9796,19.9020,19.9264,20.1722,19.4637,19.4884,19.7369,19.7986,19.6016,19.5905,19.3590,19.9197,19.4268,19.3991,19.5041,19.3238,19.5062,19.3371,19.4679,19.6902,19.7473,19.7833,19.2865,19.7457,19.6533,19.8418,20.1231,20.2174,20.1639,20.2225,20.0231,19.7551,19.9197,19.9883,20.0831,20.1713,20.3015,20.2672,20.2645,20.3350,20.1430,20.1955,20.2745,20.3647,20.2906,20.2619,20.3664,20.2148,20.2364,20.3827,20.3383,20.2847,20.3304,20.3174,20.3505,20.4525,20.2925,20.3545,20.4254,20.3507,20.1083,20.1310,20.3631,20.2650,20.0549,20.1248,20.0678,19.9651,20.1305,20.0148,20.1846,20.1302,19.8796,19.6484,19.9077,20.0486,20.0450,19.9556,19.8590,19.8615,19.8103,20.1074,19.9528,19.7888,19.7964,19.9391,19.7340,19.9338,19.9361,19.9441,19.9522,19.9601,19.9680,19.9759,19.9837,19.9915,19.9992,20.0067,20.0142,20.0215,20.0287,20.0357,20.0426,20.0494,20.0560,20.0624,20.0687,20.0748,20.0807,20.0864,20.0919,20.0972,20.1023,20.1072,20.1119,20.1164,20.1206,20.1246,20.1284,20.1319,20.1353,20.1384,20.1412,20.1439,20.1464,20.1486,20.1506,20.1524,20.1541,20.1555,20.1567,20.1578,20.1587,20.1594,20.1600,20.1604,20.1607,20.1606
45108.2500000,19.7520,19.9985,19.9077,19.9909,20.2286,19.7998,19.9602,19.4193,19.5850,19.2471,19.4313,19.3715,19.0783,19.0549,19.2785,19.2831,19.4962,19.4816,19.0679,19.2437,19.7085,19.3373,19.1166,19.4680,19.4897,19.9113,19.5584,19.3859,19.7966,19.5257,19.9256,19.9579,20.0889,19.9979,20.0674,19.9635,20.0607,20.1178,19.8846,19.9448,19.9879,19.8553,19.8058,19.8569,20.1723,20.1843,19.9778,19.7674,19.5644,19.4758,19.5819,19.7446,19.7979,19.7680,19.2803,19.9700,19.9150,19.8989,19.9966,19.8124,19.7926,19.7082,19.8432,19.9191,19.7821,19.8957,20.0456,20.0099,19.8917,20.0069,20.1554,20.2783,20.2439,20.1081,20.0017,20.2885,20.2577,20.2516,20.1991,20.2476,20.2323,20.1999,19.9789,19.7394,19.9315,19.8455,20.0657,19.9809,20.0796,19.7518,20.0838,20.0870,20.0867,20.0816,19.6718,19.7905,19.8435,19.7467,19.7833,19.6980,19.7228,19.9978,19.2314,19.2538,19.5165,19.5811,19.3615,19.3439,19.0880,19.6947,19.1365,19.0964,19.2053,19.0129,19.1987,19.0191,19.1487,19.3879,19.4486,19.4838,18.9376,19.4207,19.3115,19.5215,19.8647,19.9776,19.8980,19.9753,19.7083,19.3724,19.5654,19.6441,19.7618,19.8776,20.0675,20.0180,20.0137,20.1141,19.8592,19.9293,20.0367,20.1648,20.0664,20.0315,20.1770,19.9788,20.0106,20.2099,20.1564,20.0918,20.1523,20.1352,20.1776,20.3100,20.1127,20.1917,20.2855,20.1945,19.9284,19.9527,20.2277,20.1134,19.8828,19.9617,19.8991,19.7850,19.9661,19.8343,20.0208,19.9545,19.6812,19.4319,19.7010,19.8546,19.8467,19.7439,19.6356,19.6356,19.5787,19.9088,19.7314,19.5539,19.5602,19.7132,19.4950,19.7043,19.7050,19.7123,19.7195,19.7267,19.7338,19.7410,19.7482,19.7554,19.7626,19.7697,19.7767,19.7838,19.7907,19.7976,19.8045,19.8112,19.8179,19.8245,19.8310,19.8374,19.8438,19.8500,19.8561,19.8621,19.8680,19.8738,19.8794,19.8849,19.8902,19.8955,19.9005,19.9054,19.9102,19.9147,19.9191,19.9234,19.9274,19.9313,19.9350,19.9386,19.9419,19.9451,19.9480,19.9508,19.9534,19.9558,19.9580,19.9600,19.9617,19.9627
45108.2916667,19.5359,19.8212,19.7235,19.8182,20.1098,19.6262,19.8014,19.2143,19.3930,19.0445,19.2325,19.1653,18.8645,18.8014,19.0276,19.0275,19.2572,19.2353,18.7889,18.9612,19.4775,19.0624,18.8248,19.1987,19.2208,19.7096,19.2998,19.0958,19.5595,19.2396,19.6950,19.7319,19.8886,19.7751,19.8554,19.7224,19.8456,19.9167,19.6285,19.7390,19.7844,19.6343,19.5747,19.6404,20.0243,20.0233,19.7755,19.5603,19.3255,19.2393,19.3598,19.5379,19.6003,19.5723,19.0541,19.7962,19.7305,19.7198,19.8400,19.6299,19.6071,19.5141,19.6548,19.7339,19.5816,19.6989,19.8694,19.8286,19.6363,19.7639,19.9519,20.1162,20.0743,19.8853,19.7771,20.1297,20.0912,20.1200,20.0619,20.1284,20.1275,20.0891,19.8404,19.5888,19.7818,19.6946,19.9384,19.8389,19.9493,19.6017,19.9623,19.9659,19.9679,19.9545,19.5200,19.6378,19.6947,19.6087,19.6382,19.5513,19.5743,19.8614,19.0527,19.0757,19.3455,19.4117,19.1799,19.1499,18.8782,19.5043,18.9078,18.8588,18.9728,18.7818,18.9629,18.7886,18.9064,19.1495,19.2119,19.2450,18.6929,19.1617,19.0420,19.2554,19.6414,19.7645,19.6614,19.7573,19.4367,19.0688,19.2662,19.3428,19.4709,19.6055,19.8462,19.7765,19.7674,19.8939,19.5818,19.6578,19.7816,19.9492,19.8227,19.7796,19.9681,19.7150,19.7582,20.0231,19.9648,19.8906,19.9645,19.9367,19.9912,20.1601,19.9349,20.0368,20.1560,20.0536,19.7719,19.7933,20.1124,19.9876,19.7460,19.8372,19.7812,19.6595,19.8431,19.6994,19.8851,19.8087,19.5282,19.2585,19.5264,19.6884,19.6775,19.5743,19.4620,19.4606,19.4030,19.7543,19.5666,19.3902,19.3950,19.5494,19.3380,19.5389,19.5395,19.5470,19.5544,19.5616,19.5688,19.5757,19.5826,19.5895,19.5964,19.6032,19.6099,19.6166,19.6232,19.6298,19.6363,19.6428,19.6493,19.6557,19.6620,19.6683,19.6746,19.6808,19.6869,19.6930,19.6990,19.7050,19.7108,19.7166,19.7224,19.7280,19.7335,19.7390,19.7444,19.7496,19.7548,19.7599,19.7648,19.7697,19.7744,19.7790,19.7834,19.7878,19.7920,19.7960,19.8000,19.8038,19.8074,19.8108,19.8139,19.8161
45108.3333333,19.3747,19.6865,19.6044,19.6892,20.0348,19.5354,19.6942,19.0663,19.2695,18.9349,19.1217,19.0466,18.7529,18.6428,18.8476,18.8552,19.0936,19.0662,18.6152,18.7670,19.3106,18.8712,18.6239,19.0106,19.0322,19.5747,19.1261,18.8836,19.3860,19.0310,19.5202,19.5633,19.7389,19.6106,19.6919,19.5330,19.6890,19.7709,19.4456,19.5988,19.6259,19.4873,19.4051,19.4847,19.9442,19.8954,19.6156,19.3989,19.1363,19.0789,19.2054,19.3863,19.4565,19.4375,18.9049,19.6746,19.6001,19.6046,19.7483,19.5191,19.4960,19.4007,19.5253,19.6004,19.4577,19.5565,19.7507,19.6989,19.4042,19.5474,19.7815,19.9910,19.9435,19.6855,19.6130,20.0074,19.9592,20.0385,19.9785,20.0772,20.0982,20.0482,19.7843,19.5321,19.6906,19.6167,19.8702,19.7532,19.8699,19.5325,19.9038,19.9001,19.9167,19.8925,19.4674,19.5713,19.6353,19.5897,19.5949,19.5125,19.5308,19.8100,18.9669,18.9906,19.2587,19.3243,19.0911,19.0402,18.7563,19.3756,18.7678,18.7126,18.8404,18.6601,18.8289,18.6742,18.7690,19.0087,19.0707,19.0985,18.5681,18.9996,18.8750,19.0795,19.4943,19.6125,19.4914,19.6096,19.2570,18.8939,19.0761,19.1398,19.2664,19.4104,19.6871,19.5923,19.5780,19.7233,19.3757,19.4446,19.5603,19.7591,19.6073,19.5565,19.7764,19.4743,19.5294,19.8585,19.8009,19.7199,19.7959,19.7436,19.8093,20.0177,19.7798,19.9140,20.0576,19.9543,19.6601,19.6671,20.0454,19.9122,19.6672,19.7738,19.7408,19.6105,19.7857,19.6316,19.7988,19.7167,19.4486,19.1567,19.4111,19.5763,19.5633,19.4773,19.3679,19.3658,19.3119,19.6777,19.4904,19.3259,19.3294,19.4806,19.2922,19.4693,19.4705,19.4798,19.4889,19.4978,19.5065,19.5144,19.5223,19.5304,19.5384,19.5462,19.5539,19.5614,19.5688,19.5761,19.5833,19.5903,19.5973,19.6041,19.6108,19.6175,19.6241,19.6306,19.6370,19.6433,19.6496,19.6558,19.6619,19.6680,19.6740,19.6800,19.6858,19.6916,19.6974,19.7031,19.7087,19.7143,19.7197,19.7252,19.7305,19.7357,19.7409,19.7460,19.7510,19.7559,19.7608,19.7655,19.7701,19.7745,19.7787,19.7819
45108.3750000,19.3007,19.6208,19.5962,19.6321,20.0819,19.5794,19.6661,19.0259,19.2507,18.9563,19.1355,19.0480,18.7665,18.6135,18.7695,18.7995,19.0397,19.0090,18.5788,18.6993,19.2742,18.8292,18.5550,18.9510,18.9720,19.5544,19.0857,18.7845,19.3178,18.9386,19.4389,19.4931,19.6788,19.5446,19.6360,19.4566,19.6367,19.7252,19.3830,19.5707,19.5801,19.4647,19.3308,19.4434,19.9849,19.8554,19.5653,19.3166,19.0538,19.0495,19.1692,19.3352,19.4109,19.4100,18.8949,19.6449,19.5625,19.5971,19.7652,19.5225,19.5003,19.4073,19.5056,19.5388,19.4427,19.4865,19.7224,19.6605,19.2177,19.3874,19.6792,19.9413,19.8913,19.5397,19.5552,19.9612,19.9006,20.0516,19.9934,20.1412,20.1982,20.1266,19.8582,19.6160,19.6848,19.6764,19.9375,19.7488,19.8622,19.5916,19.9822,19.9724,19.9991,19.9427,19.5531,19.6395,19.7076,19.7448,19.7001,19.6253,19.6355,19.8862,19.0138,19.0413,19.3009,19.3633,19.1378,19.0558,18.7554,19.3414,18.7456,18.6852,18.8435,18.6867,18.8342,18.7120,18.7711,19.0032,19.0637,19.0827,18.5882,18.9696,18.8419,19.0255,19.4632,19.5567,19.4231,19.5722,19.2062,18.8775,19.0323,19.0736,19.1907,19.3385,19.6387,19.5116,19.4933,19.6504,19.2951,19.3442,19.4193,19.6339,19.4744,19.4113,19.6465,19.3098,19.3845,19.7883,19.7220,19.6396,19.6980,19.6008,19.6714,19.9142,19.6903,19.8669,20.0272,19.9351,19.6311,19.6068,20.0633,19.9284,19.6799,19.8084,19.8205,19.6757,19.8286,19.6597,19.7853,19.6997,19.4564,19.1435,19.3779,19.5440,19.5302,19.4850,19.3840,19.3820,19.3353,19.7192,19.5407,19.3961,19.3984,19.5459,19.3938,19.5329,19.5352,19.5477,19.5599,19.5718,19.5834,19.5933,19.6034,19.6140,19.6243,19.6343,19.6440,19.6536,19.6630,19.6722,19.6812,19.6900,19.6986,19.7071,19.7154,19.7235,19.7315,19.7394,19.7471,19.7547,19.7622,19.7695,19.7767,19.7838,19.7908,19.7977,19.8045,19.8112,19.8178,19.8243,19.8307,19.8370,19.8433,19.8495,19.8556,19.8616,19.8675,19.8734,19.8792,19.8849,19.8905,19.8961,19.9015,19.9068,19.9119,19.9160
45108.4166667,19.3423,19.6426,19.7413,19.8018,20.3332,19.8196,19.8648,19.1594,19.3926,19.1729,19.3346,19.2275,18.9654,18.7718,18.8970,18.9150,19.1461,19.1113,18.7275,18.7983,19.4037,18.9720,18.6971,19.0697,19.0909,19.7007,19.2337,18.8655,19.4065,19.0142,19.5002,19.5734,19.7560,19.6272,19.7290,19.5343,19.7408,19.8316,19.4961,19.7098,19.7159,19.6291,19.3917,19.6361,20.2098,19.9447,19.6719,19.4326,19.1383,19.2248,19.3193,19.4455,19.5216,19.5507,19.0894,19.7610,19.6719,19.7551,19.9461,19.6967,19.6766,19.5908,19.6742,19.6828,19.6043,19.5436,19.8299,19.7506,19.1015,19.3144,19.6831,20.0099,19.9622,19.4845,19.6540,20.0381,19.9585,20.2097,20.1580,20.3817,20.4888,20.3813,20.1192,19.8981,19.7944,19.9131,20.1739,19.8715,20.0661,19.8697,20.2394,20.2207,20.2617,20.1566,19.8360,19.8949,19.9671,20.1362,20.0112,19.9476,19.9448,20.1437,19.2433,19.2786,19.5232,19.5795,19.3708,19.2465,18.9190,19.4428,18.8824,18.8165,19.0283,18.9022,19.0234,18.9468,18.9557,19.1791,19.2375,19.2433,18.7924,19.1150,18.9844,19.1361,19.5940,19.6385,19.4981,19.6906,19.3281,19.0575,19.1762,19.1852,19.2873,19.4364,19.7516,19.5809,19.5611,19.7230,19.3909,19.4070,19.3985,19.6819,19.5236,19.4027,19.6771,19.2853,19.3897,19.8655,19.7891,19.7130,19.7286,19.5637,19.6319,19.8967,19.7312,19.9570,20.1188,20.0577,19.7470,19.6646,20.2169,20.0836,19.8351,19.9912,20.0759,19.9091,20.0199,19.8288,19.8807,19.7927,19.5877,19.2508,19.4574,19.6224,19.6083,19.6326,19.5437,19.5425,19.5057,19.9212,19.7570,19.6374,19.6397,19.7869,19.6809,19.7706,19.7746,19.7925,19.8099,19.8268,19.8431,19.8569,19.8709,19.8855,19.8997,19.9135,19.9269,19.9400,19.9527,19.9651,19.9771,19.9889,20.0004,20.0117,20.0227,20.0334,20.0439,20.0542,20.0642,20.0741,20.0837,20.0932,20.1025,20.1116,20.1205,20.1293,20.1379,20.1464,20.1547,20.1629,20.1709,20.1788,20.1866,20.1942,20.2018,20.2092,20.2165,20.2237,20.2308,20.2377,20.2446,20.2514,20.2580,20.2646,20.2708,20.2761
45108.4583333,19.5367,19.9061,20.1000,20.2185,20.8255,20.3122,20.3058,19.5017,19.7468,19.6402,19.7772,19.6442,19.4133,19.1755,19.2582,19.2591,19.4699,19.4316,19.1265,19.1261,19.7624,19.3648,19.1140,19.4299,19.4518,20.0724,19.6326,19.2456,19.7151,19.3221,19.7621,19.8661,20.0266,19.9161,20.0322,19.8278,20.0617,20.1476,19.8422,20.0721,20.0777,20.0363,19.6352,20.0775,20.6781,20.2125,19.9909,19.8124,19.4542,19.6808,19.7295,19.7864,19.8565,19.9297,19.5705,20.0864,19.9927,20.1465,20.3547,20.1076,20.0908,20.0174,20.0763,20.0722,20.0108,19.9390,20.1470,20.0351,19.0997,19.3705,19.8380,20.2440,20.2041,19.5586,19.9599,20.2888,20.1808,20.5668,20.5269,20.8656,21.0336,20.8721,20.6234,20.4333,20.0432,20.3813,20.6393,20.3443,20.5379,20.4164,20.7421,20.7142,20.7717,20.5997,20.3834,20.4043,20.4787,20.8361,20.5946,20.5450,20.5226,20.6442,19.7077,19.7572,19.9814,20.0291,19.8467,19.6694,19.2983,19.7266,19.2263,19.1544,19.4466,19.3583,19.4478,19.4305,19.3725,19.5875,19.6438,19.6312,19.2275,19.4833,19.3483,19.4573,19.9379,19.9033,19.7619,20.0142,19.6708,19.4786,19.5547,19.5210,19.6047,19.7553,20.0808,19.8500,19.8315,19.9910,19.7130,19.6837,19.5859,19.9405,19.7870,19.6210,19.9368,19.4624,19.6187,20.1650,20.0749,20.0166,19.9582,19.6999,19.7547,20.0204,19.9722,20.2530,20.3931,20.3899,20.0754,19.9031,20.5666,20.4377,20.1925,20.3808,20.5700,20.3731,20.4166,20.1943,20.1314,20.0424,19.8955,19.5232,19.6901,19.8505,19.8351,19.9624,19.8879,19.8876,19.8625,20.3301,20.1820,20.0906,20.0943,20.2471,20.1946,20.2242,20.2300,20.2554,20.2800,20.3039,20.3271,20.3468,20.3667,20.3874,20.4075,20.4269,20.4458,20.4641,20.4819,20.4992,20.5161,20.5324,20.5484,20.5639,20.5790,20.5937,20.6080,20.6220,20.6357,20.6490,20.6620,20.6746,20.6870,20.6991,20.7110,20.7226,20.7339,20.7450,20.7559,20.7666,20.7770,20.7873,20.7973,20.8072,20.8169,20.8264,20.8358,20.8450,20.8540,20.8629,20.8716,20.8802,20.8886,20.8969,20.9048,20.9117
45108.5000000,19.8836,20.5204,20.6589,20.8426,21.5172,21.0297,20.9510,20.0392,20.2915,20.3243,20.4287,20.2711,20.0910,19.7953,19.8272,19.8131,19.9942,19.9572,19.7683,19.6860,20.3307,19.9966,19.7840,20.0211,20.0449,20.6462,20.2667,19.8747,20.2343,19.8710,20.2253,20.3670,20.4869,20.4098,20.5391,20.3387,20.5918,20.6653,20.4229,20.6410,20.6490,20.6699,20.3717,20.7680,21.3635,20.6601,20.5252,20.4087,20.0031,20.3914,20.3761,20.3441,20.4031,20.5291,20.3259,20.6110,20.5213,20.7581,20.9707,20.7446,20.7347,20.6834,20.7060,20.6836,20.6564,20.5615,20.6682,20.5162,19.2899,19.6057,20.1583,20.6358,20.6084,19.7951,20.4588,20.6986,20.5603,21.0890,21.0660,21.5402,21.7721,21.5491,21.3228,21.1738,20.7123,21.0633,21.3032,21.0405,21.2151,21.1953,21.4532,21.4171,21.4935,21.2505,21.1838,21.1568,21.2297,21.7989,21.4294,21.4028,21.3583,21.3715,20.3907,20.4571,20.6491,20.6860,20.5451,20.3048,19.9007,20.1886,19.7941,19.7223,20.0885,20.0494,20.0964,20.1488,20.0153,20.2110,20.2634,20.2303,19.9099,20.0684,19.9333,19.9865,20.4742,20.3423,20.2104,20.5254,20.2258,20.1404,20.1632,20.0826,20.1412,20.2866,20.6063,20.3144,20.3015,20.4479,20.2590,20.1795,20.0660,20.4063,20.2801,20.1557,20.4165,19.9301,20.1034,20.6798,20.5773,20.5473,20.3964,20.0454,20.0776,20.3100,20.4321,20.7523,20.8455,20.9204,20.6106,20.3390,21.0896,20.9702,20.7332,20.9496,21.2563,21.0321,20.9927,20.7448,20.5411,20.4587,20.4074,19.9810,20.0835,20.2287,20.2120,20.4600,20.4053,20.4065,20.3971,20.9107,20.7835,20.7264,20.7329,20.8880,20.8943,20.8595,20.8683,20.9027,20.9361,20.9687,21.0004,21.0279,21.0556,21.0841,21.1118,21.1387,21.1647,21.1901,21.2147,21.2386,21.2619,21.2845,21.3065,21.3279,21.3487,21.3689,21.3886,21.4078,21.4264,21.4446,21.4623,21.4795,21.4963,21.5127,21.5286,21.5442,21.5594,21.5742,21.5887,21.6029,21.6167,21.6302,21.6435,21.6564,21.6691,21.6815,21.6936,21.7055,21.7172,21.7286,21.7398,21.7508,21.7616,21.7721,21.7822,21.7911
45108.5416667,20.5106,21.2018,21.2986,21.5392,22.2756,21.8135,21.6718,20.6667,20.9262,21.0963,21.1728,21.0017,20.8862,20.5353,20.5166,20.4958,20.6423,20.6124,20.5621,20.4041,21.0219,20.7739,20.6127,20.7578,20.7851,21.3363,21.0424,20.6666,20.8904,20.5900,20.8269,21.0042,21.0737,21.0422,21.1781,20.9988,21.2585,21.3152,21.1673,21.3390,21.3466,21.4405,21.2411,21.5951,22.1612,21.2340,21.2189,21.1510,20.7379,21.2761,21.1847,21.0550,21.0957,21.2708,21.2555,21.2633,21.1859,21.5015,21.7045,21.5168,21.5175,21.4967,21.4756,21.4311,21.4546,21.3282,21.3283,21.1351,19.7012,20.0336,20.6242,21.1406,21.1279,20.1944,21.0938,21.2110,21.0480,21.6937,21.6888,22.2870,22.5787,22.2983,22.0971,21.9867,21.5817,21.8421,22.0581,21.8307,21.9873,22.0783,22.2622,22.2170,22.3141,22.0082,22.1114,22.0388,22.1089,22.8665,22.3895,22.3921,22.3311,22.2268,21.1988,21.2823,21.4329,21.4590,21.3722,21.0655,20.6598,20.7745,20.5341,20.4754,20.8823,20.9018,20.8976,21.0212,20.8164,20.9758,21.0197,20.9671,20.7707,20.8048,20.6772,20.6653,21.1298,20.9002,20.7898,21.1549,20.9238,20.9624,20.9277,20.8055,20.8331,20.9626,21.2520,20.9141,20.9111,21.0342,20.9592,20.8334,20.6916,21.0043,20.9234,20.8425,21.0386,20.6862,20.8041,21.3493,21.2471,21.2560,21.0109,20.5919,20.5921,20.7501,21.0712,21.3976,21.4230,21.5801,21.2841,20.9277,21.7095,21.6043,21.3782,21.6123,22.0244,21.7816,21.6612,21.4022,21.0599,20.9952,21.0674,20.5803,20.5993,20.7167,20.7003,21.0638,21.0351,21.0381,21.0469,21.5779,21.4770,21.4563,21.4645,21.6148,21.6736,21.5829,21.5949,21.6375,21.6792,21.7201,21.7601,21.7955,21.8312,21.8680,21.9039,21.9389,21.9730,22.0063,22.0388,22.0706,22.1015,22.1316,22.1610,22.1897,22.2176,22.2448,22.2713,22.2970,22.3222,22.3467,22.3705,22.3937,22.4163,22.4384,22.4598,22.4808,22.5012,22.5210,22.5404,22.5593,22.5778,22.5958,22.6133,22.6305,22.6472,22.6635,22.6795,22.6951,22.7104,22.7253,22.7399,22.7542,22.7681,22.7817,22.7947,22.8060
45108.5833333,21.2351,21.8293,21.9014,22.1803,22.9727,22.5217,22.3449,21.2717,21.5386,21.8133,21.8745,21.7016,21.6425,21.2668,21.2079,21.1925,21.3097,21.2940,21.3798,21.1700,21.7281,21.5740,21.4701,21.5266,21.5590,22.0388,21.8404,21.5012,21.5861,21.3741,21.4795,21.6823,21.7018,21.7217,21.8541,21.7107,21.9640,22.0039,21.9692,22.0650,22.0662,22.2350,22.1150,22.4325,22.9520,21.8512,21.9700,21.9270,21.5507,22.1968,22.0351,21.8194,21.8401,22.0534,22.2270,21.9568,21.8988,22.2757,22.4554,22.3179,22.3305,22.3433,22.2752,22.2058,22.2886,22.1278,22.0357,21.8072,20.3054,20.6229,21.1899,21.6996,21.7026,20.7315,21.7968,21.7639,21.5878,22.2981,22.3093,22.9925,23.3339,23.0090,22.8327,22.7487,22.3870,22.5855,22.7800,22.5815,22.7227,22.9027,23.0343,22.9797,23.0981,22.7475,22.9999,22.8993,22.9702,23.8533,23.3135,23.3440,23.2789,23.0795,21.9948,22.0941,22.2077,22.2269,22.1974,21.8330,21.4643,21.4036,21.3478,21.3165,21.7201,21.7985,21.7442,21.9278,21.6715,21.7818,21.8139,21.7468,21.7029,21.6032,21.4911,21.4125,21.8184,21.5065,21.4279,21.8193,21.6746,21.8370,21.7486,21.5968,21.5901,21.6922,21.9264,21.5684,21.5782,21.6709,21.7178,21.5569,21.3799,21.6051,21.5825,21.5813,21.7038,21.4558,21.5734,22.0476,21.9607,22.0107,21.6986,21.2616,21.2375,21.2958,21.8146,22.1100,22.0577,22.2874,22.0107,21.6035,22.3443,22.2568,22.0425,22.2791,22.7651,22.5156,22.3299,22.0780,21.6222,21.5842,21.7861,21.2390,21.1698,21.2507,21.2374,21.6913,21.6921,21.6976,21.7251,22.2371,22.1656,22.1777,22.1862,22.3243,22.4200,22.2930,22.3085,22.3571,22.4050,22.4521,22.4986,22.5402,22.5824,22.6258,22.6686,22.7104,22.7515,22.7918,22.8314,22.8702,22.9083,22.9456,22.9821,23.0180,23.0530,23.0874,23.1210,23.1539,23.1860,23.2175,23.2482,23.2782,23.3076,23.3362,23.3642,23.3916,23.4183,23.4443,23.4698,23.4946,23.5188,23.5425,23.5656,23.5881,23.6101,23.6316,23.6526,23.6731,23.6931,23.7126,23.7317,23.7503,23.7685,23.7861,23.8028,23.8171
45108.6250000,21.8518,22.3828,22.4293,22.7354,23.5834,23.1036,22.9200,21.7896,22.0681,22.3946,22.4620,22.2881,22.2433,21.9062,21.8304,21.8262,21.9290,21.9300,22.1132,21.8831,22.3926,22.3127,22.2495,22.2501,22.2888,22.7061,22.5875,22.1986,22.2565,22.1278,22.1256,22.3483,22.3244,22.3930,22.5185,22.4128,22.6547,22.6798,22.7469,22.7654,22.7593,22.9899,22.9305,23.2175,23.6958,22.4629,22.7046,22.6715,22.3408,23.0549,22.8448,22.5666,22.5705,22.8119,23.1193,22.6405,22.6034,23.0255,23.1783,23.0872,23.1097,23.1496,23.0438,22.9534,23.0861,22.8989,22.7334,22.4782,21.0079,21.3080,21.8207,22.2934,22.3120,21.3572,22.5353,22.3428,22.1593,22.8919,22.9144,23.6517,24.0286,23.6671,23.5055,23.4289,23.1076,23.2524,23.4345,23.2537,23.3843,23.6024,23.7229,23.6620,23.7978,23.4143,23.7412,23.6411,23.7200,24.6691,24.1021,24.1427,24.0837,23.8471,22.6825,22.7969,22.8993,22.9185,22.9269,22.5292,22.1969,22.0144,22.1185,22.1222,22.5155,22.6357,22.5521,22.7740,22.4916,22.5628,22.5846,22.5081,22.5782,22.3899,22.2933,22.1628,22.5016,22.1227,22.0782,22.4800,22.4177,22.6700,22.5477,22.3791,22.3453,22.4204,22.5936,22.2294,22.2505,22.3119,22.4630,22.2791,22.0404,22.0729,22.1047,22.2636,22.3335,22.0873,22.2728,22.6988,22.6282,22.7093,22.3629,21.9376,21.9080,21.8808,22.5611,22.8222,22.7014,22.9891,22.7260,22.2922,22.9660,22.8942,22.6872,22.9182,23.4512,23.1979,22.9655,22.7241,22.1839,22.1728,22.4731,21.8795,21.7426,21.7889,21.7796,22.2986,22.3231,22.3301,22.3703,22.8569,22.8075,22.8374,22.8448,22.9749,23.0830,22.9427,22.9592,23.0102,23.0608,23.1109,23.1606,23.2055,23.2513,23.2987,23.3456,23.3919,23.4376,23.4828,23.5274,23.5714,23.6148,23.6576,23.6998,23.7413,23.7822,23.8225,23.8620,23.9010,23.9392,23.9768,24.0137,24.0500,24.0856,24.1205,24.1548,24.1883,24.2213,24.2536,24.2852,24.3162,24.3466,24.3763,24.4054,24.4339,24.4618,24.4891,24.5158,24.5419,24.5674,24.5924,24.6168,24.6407,24.6640,24.6865,24.7079,24.7256
45108.6666667,22.3126,22.8596,22.8886,23.1978,24.0780,23.5719,23.3935,22.2266,22.5083,22.8525,22.9293,22.7584,22.7132,22.4290,22.3473,22.3549,22.4513,22.4684,22.7085,22.4846,22.9527,22.9247,22.8894,22.8650,22.9125,23.2800,23.2245,22.7495,22.8414,22.7843,22.7046,22.9405,22.8881,23.0014,23.1189,23.0545,23.2808,23.2956,23.4536,23.3917,23.3780,23.6575,23.6424,23.9027,24.3389,23.0309,23.3790,23.3352,23.0617,23.7943,23.5552,23.2405,23.2317,23.4880,23.8817,23.2633,23.2495,23.6971,23.8216,23.7762,23.8088,23.8726,23.7380,23.6311,23.8077,23.6009,23.3816,23.1063,21.7555,22.0262,22.4584,22.8714,22.9087,22.0383,23.2592,22.9117,22.7348,23.4406,23.4742,24.2254,24.6238,24.2429,24.1060,24.0406,23.7431,23.8557,24.0131,23.8492,23.9642,24.2148,24.3166,24.2451,24.3916,23.9903,24.3617,24.2654,24.3476,25.2998,24.7403,24.7813,24.7313,24.4890,23.2439,23.3644,23.4656,23.4878,23.5180,23.1054,22.8129,22.5542,22.7799,22.8151,23.1825,23.3226,23.2333,23.4671,23.1918,23.2398,23.2578,23.1829,23.3419,23.1036,23.0256,22.8609,23.1264,22.7060,22.6993,23.0928,23.1120,23.4343,23.2885,23.1148,23.0571,23.1027,23.2077,22.8580,22.8906,22.9200,23.1609,22.9653,22.6182,22.6213,22.6460,22.8969,22.8436,22.6955,22.9004,23.2642,23.2093,23.3078,22.9525,22.5593,22.5312,22.4382,23.2149,23.4425,23.2789,23.5995,23.3490,22.9277,23.5160,23.4604,23.2595,23.4788,24.0275,23.7813,23.5265,23.3089,22.7194,22.7366,23.1173,22.4861,22.2879,22.2980,22.2931,22.8454,22.8902,22.8994,22.9498,23.3933,23.3637,23.4057,23.4129,23.5319,23.6416,23.5041,23.5227,23.5751,23.6272,23.6789,23.7302,23.7768,23.8243,23.8736,23.9225,23.9708,24.0188,24.0662,24.1133,24.1599,24.2061,24.2519,24.2971,24.3420,24.3863,24.4302,24.4736,24.5166,24.5590,24.6009,24.6422,24.6831,24.7234,24.7631,24.8023,24.8409,24.8790,24.9164,24.9533,24.9896,25.0253,25.0605,25.0950,25.1289,25.1623,25.1950,25.2272,25.2587,25.2897,25.3202,25.3500,25.3792,25.4078,25.4355,25.4617,25.4832
45108.7083333,22.6497,23.1916,23.2196,23.4953,24.3650,23.8464,23.6834,22.5123,22.7816,23.0982,23.1857,23.0264,22.9710,22.7522,22.6778,22.7009,22.7976,22.8273,23.0791,22.8893,23.3090,23.3017,23.2770,23.2578,23.3113,23.6465,23.6193,23.1598,23.2447,23.2453,23.1237,23.3559,23.2935,23.4363,23.5413,23.5143,23.7219,23.7355,23.9551,23.8254,23.8033,24.1068,24.1132,24.3496,24.7556,23.4627,23.8840,23.8052,23.6073,24.2902,24.0493,23.7353,23.7180,23.9672,24.3750,23.7197,23.7266,24.1669,24.2642,24.2524,24.2925,24.3705,24.2256,24.1123,24.3178,24.1088,23.8763,23.5978,22.4937,22.7120,23.0234,23.3442,23.3950,22.6839,23.8351,23.3716,23.2160,23.8350,23.8729,24.5824,24.9806,24.6032,24.4787,24.4035,24.1411,24.2361,24.3800,24.2266,24.3299,24.5735,24.6859,24.6051,24.7573,24.3656,24.7329,24.6581,24.7444,25.6140,25.1147,25.1494,25.1165,24.9064,23.6027,23.7203,23.8236,23.8495,23.8858,23.4746,23.2369,22.9478,23.2522,23.3146,23.6226,23.7574,23.6802,23.8910,23.6547,23.6911,23.7068,23.6420,23.8332,23.6076,23.5481,23.3807,23.5766,23.1574,23.1887,23.5508,23.6371,23.9870,23.8444,23.6886,23.6183,23.6348,23.6681,23.3597,23.4019,23.4027,23.7025,23.5156,23.1224,23.0910,23.1453,23.4211,23.2287,23.2374,23.4136,23.6751,23.6385,23.7396,23.4037,23.0713,23.0456,22.8995,23.6857,23.8671,23.6892,23.9995,23.7552,23.3882,23.8780,23.8313,23.6261,23.8288,24.3428,24.1077,23.8801,23.6933,23.1259,23.1736,23.5927,22.9670,22.7346,22.7121,22.7128,23.2510,23.3096,23.3193,23.3732,23.7489,23.7311,23.7702,23.7744,23.8804,23.9643,23.8578,23.8768,23.9265,23.9762,24.0261,24.0761,24.1218,24.1687,24.2178,24.2668,24.3155,24.3641,24.4124,24.4606,24.5085,24.5561,24.6034,24.6504,24.6971,24.7434,24.7893,24.8349,24.8801,24.9248,24.9692,25.0131,25.0566,25.0997,25.1423,25.1845,25.2262,25.2675,25.3084,25.3487,25.3886,25.4280,25.4670,25.5054,25.5434,25.5809,25.6178,25.6543,25.6902,25.7256,25.7605,25.7949,25.8287,25.8619,25.8942,25.9246,25.9492
45108.7500000,22.8964,23.3583,23.3888,23.5863,24.4555,23.9214,23.7950,22.6498,22.9001,23.1565,23.2563,23.1150,23.0417,22.8902,22.8328,22.8669,22.9670,23.0031,23.2213,23.0840,23.4654,23.4477,23.3982,23.4264,23.4602,23.8068,23.7655,23.3750,23.4525,23.4815,23.3634,23.5430,23.5251,23.6796,23.7747,23.7735,23.9633,23.9826,24.2183,24.0482,24.0234,24.3188,24.3301,24.5455,24.9440,23.7366,24.1841,24.0569,23.9248,24.5066,24.2954,24.0207,24.0036,24.2300,24.5683,23.9955,24.0186,24.4259,24.5023,24.5067,24.5498,24.6281,24.4939,24.3749,24.5935,24.3659,24.1863,23.9202,23.1270,23.2965,23.4831,23.7026,23.7630,23.2445,24.2471,23.7006,23.5805,24.0821,24.1190,24.7509,25.1274,24.7717,24.6493,24.5511,24.3350,24.4133,24.5505,24.4034,24.4976,24.6908,24.8380,24.7525,24.9018,24.5396,24.8364,24.7995,24.8902,25.6141,25.2104,25.2271,25.2167,25.0849,23.7221,23.8340,23.9577,23.9932,24.0179,23.6298,23.4445,23.1824,23.5083,23.5887,23.8261,23.9337,23.8863,24.0482,23.8735,23.9135,23.9303,23.8809,24.0431,23.8821,23.8325,23.6893,23.8354,23.4513,23.5115,23.8294,23.9512,24.2687,24.1599,24.0402,23.9754,23.9756,23.9560,23.7040,23.7542,23.7360,24.0536,23.8935,23.5225,23.4387,23.5376,23.7930,23.5447,23.6640,23.7945,23.9444,23.9270,24.0226,23.7265,23.4689,23.4421,23.2558,23.9853,24.1152,23.9426,24.2140,23.9702,23.6782,24.0675,24.0214,23.8041,23.9856,24.4280,24.2067,24.0371,23.8770,23.3826,23.4493,23.8396,23.2466,23.0287,22.9919,23.0011,23.4873,23.5500,23.5625,23.6146,23.9250,23.9093,23.9333,23.9364,24.0323,24.0749,24.0169,24.0351,24.0793,24.1238,24.1685,24.2135,24.2549,24.2977,24.3426,24.3878,24.4330,24.4784,24.5239,24.5695,24.6152,24.6609,24.7067,24.7525,24.7983,24.8440,24.8897,24.9352,24.9807,25.0259,25.0710,25.1158,25.1605,25.2048,25.2489,25.2927,25.3362,25.3794,25.4222,25.4647,25.5068,25.5485,25.5898,25.6307,25.6713,25.7114,25.7511,25.7904,25.8292,25.8677,25.9057,25.9432,25.9802,26.0167,26.0524,26.0859,26.1126
45108.7916667,22.9950,23.3903,23.4113,23.5608,24.4162,23.8446,23.7725,22.6623,22.8980,23.0715,23.1905,23.0659,22.9518,22.8717,22.8539,22.8951,23.0054,23.0425,23.1938,23.1136,23.4812,23.4243,23.3439,23.4231,23.4484,23.8201,23.7204,23.3997,23.5017,23.5139,23.4520,23.6020,23.6090,23.7630,23.8426,23.8518,24.0346,24.0710,24.2754,24.1047,24.0709,24.3432,24.3495,24.5486,24.9692,23.8764,24.3029,24.1295,24.0287,24.4901,24.3327,24.1231,24.1145,24.3111,24.5074,24.1196,24.1507,24.5140,24.5828,24.5761,24.6081,24.6746,24.5806,24.4646,24.6755,24.4728,24.3420,24.0959,23.5814,23.7253,23.8208,23.9594,24.0265,23.6838,24.4961,23.9374,23.8460,24.2162,24.2554,24.7799,25.1320,24.7991,24.6898,24.5615,24.3814,24.4572,24.5967,24.4528,24.5429,24.6602,24.8541,24.7677,24.9063,24.5606,24.7597,24.7590,24.8595,25.4210,25.1159,25.1041,25.1131,25.0867,23.6589,23.7612,23.9213,23.9686,23.9564,23.6072,23.4467,23.2761,23.5541,23.6400,23.8278,23.8886,23.8885,23.9863,23.8830,23.9487,23.9719,23.9406,24.0101,23.9618,23.9117,23.8150,23.9449,23.6131,23.6872,23.9624,24.0800,24.3109,24.2582,24.1806,24.1378,24.1393,24.0894,23.8954,23.9539,23.9321,24.2218,24.0999,23.7853,23.6848,23.8041,24.0235,23.7725,23.9457,24.0338,24.0876,24.1017,24.1850,23.9385,23.7511,23.7270,23.5234,24.1622,24.2504,24.0936,24.3164,24.0665,23.8451,24.1523,24.0999,23.8656,24.0251,24.3847,24.1759,24.0704,23.9257,23.5230,23.5930,23.9024,23.3483,23.1812,23.1474,23.1625,23.5761,23.6278,23.6424,23.6839,23.9635,23.9339,23.9267,23.9307,24.0311,24.0185,24.0224,24.0399,24.0788,24.1180,24.1576,24.1975,24.2344,24.2725,24.3126,24.3530,24.3936,24.4345,24.4755,24.5169,24.5584,24.6001,24.6421,24.6842,24.7265,24.7689,24.8115,24.8541,24.8969,24.9397,24.9826,25.0256,25.0685,25.1115,25.1544,25.1973,25.2401,25.2829,25.3255,25.3680,25.4103,25.4525,25.4945,25.5363,25.5778,25.6191,25.6602,25.7010,25.7414,25.7816,25.8215,25.8610,25.9001,25.9387,25.9765,26.0121,26.0402
45108.8333333,22.9278,23.2943,23.2969,23.4387,24.2712,23.6316,23.6344,22.5598,22.7931,22.8703,23.0165,22.9060,22.7546,22.7458,22.7650,22.8110,22.9377,22.9731,23.0384,23.0157,23.3890,23.2771,23.1719,23.3032,23.3318,23.7295,23.5737,23.2954,23.4366,23.4131,23.4232,23.5588,23.5871,23.7172,23.7985,23.7989,23.9761,24.0256,24.1643,24.0256,24.0014,24.2202,24.2163,24.4032,24.8701,23.9037,24.2724,24.0595,23.9600,24.2980,24.2056,24.0749,24.0807,24.2444,24.2715,24.1162,24.1451,24.4577,24.5325,24.5008,24.5305,24.5747,24.5236,24.4382,24.6051,24.4558,24.3717,24.1493,23.8497,23.9830,24.0244,24.1075,24.1769,23.9771,24.6106,24.1008,24.0342,24.2839,24.3150,24.7573,25.0653,24.7667,24.6466,24.4882,24.3643,24.4153,24.5610,24.4174,24.5092,24.5442,24.7829,24.6941,24.8229,24.5138,24.5900,24.6241,24.7234,25.1308,24.9147,24.8729,24.8958,24.9737,23.4822,23.5731,23.7719,23.8292,23.7699,23.4684,23.3071,23.2543,23.4320,23.5085,23.6649,23.6665,23.7216,23.7480,23.7168,23.8253,23.8598,23.8479,23.7875,23.8767,23.8191,23.7838,23.9295,23.6605,23.7354,23.9738,24.0573,24.1760,24.1864,24.1504,24.1375,24.1513,24.1095,23.9572,24.0158,24.0035,24.2283,24.1484,23.9082,23.8161,23.9351,24.1122,23.8974,24.0714,24.1350,24.1508,24.1670,24.2343,24.0430,23.9191,23.9032,23.7061,24.2344,24.2951,24.1634,24.3353,24.0734,23.9168,24.1637,24.1013,23.8496,23.9882,24.2652,24.0702,24.0253,23.8905,23.5819,23.6451,23.8589,23.3337,23.2271,23.2046,23.2218,23.5535,23.5835,23.5978,23.6232,23.8969,23.8423,23.7959,23.8015,23.9146,23.8431,23.9108,23.9274,23.9617,23.9962,24.0311,24.0664,24.0993,24.1333,24.1690,24.2050,24.2412,24.2777,24.3145,24.3516,24.3889,24.4264,24.4643,24.5023,24.5406,24.5791,24.6178,24.6567,24.6958,24.7350,24.7745,24.8140,24.8538,24.8936,24.9336,24.9736,25.0138,25.0540,25.0943,25.1346,25.1749,25.2153,25.2557,25.2960,25.3363,25.3766,25.4168,25.4569,25.4970,25.5369,25.5767,25.6163,25.6557,25.6948,25.7331,25.7693,25.7978
45108.8750000,22.7200,23.0922,23.0669,23.2162,24.0384,23.2985,23.3877,22.3487,22.5875,22.5517,22.7344,22.6346,22.4310,22.5055,22.5748,22.6217,22.7738,22.8058,22.7710,22.8071,23.2117,23.0332,22.8959,23.0894,23.1203,23.5556,23.3346,23.0806,23.2825,23.2089,23.3055,23.4299,23.4839,23.5801,23.6678,23.6472,23.8237,23.8856,23.9316,23.8417,23.8358,23.9810,23.9625,24.1387,24.6709,23.8313,24.1127,23.8682,23.7446,23.9660,23.9435,23.8980,23.9217,24.0515,23.8895,24.0036,24.0253,24.2874,24.3777,24.3064,24.3309,24.3460,24.3504,24.3032,24.4099,24.3248,24.2918,24.0947,23.9425,24.0764,24.1007,24.1572,24.2227,24.1136,24.5758,24.1710,24.1229,24.2795,24.2993,24.6743,24.9356,24.6693,24.5175,24.3236,24.2739,24.2936,24.4564,24.3189,24.4127,24.3583,24.6450,24.5641,24.6752,24.4089,24.3564,24.4254,24.5208,24.7876,24.6468,24.5784,24.6095,24.7820,23.2312,23.3084,23.5439,23.6103,23.5008,23.2487,23.0691,23.1493,23.1952,23.2525,23.3880,23.3274,23.4334,23.3889,23.4195,23.5755,23.6214,23.6261,23.4118,23.6480,23.5755,23.6098,23.8003,23.5996,23.6635,23.8749,23.8965,23.8867,23.9650,23.9699,23.9951,24.0336,24.0284,23.9046,23.9581,23.9642,24.0967,24.0605,23.9002,23.8342,23.9324,24.0661,23.9114,24.0414,24.0939,24.1200,24.1277,24.1696,24.0390,23.9646,23.9640,23.7990,24.1983,24.2482,24.1518,24.2695,23.9869,23.8866,24.1076,24.0291,23.7574,23.8803,24.0789,23.8936,23.9098,23.7777,23.5667,23.6179,23.7331,23.2325,23.1907,23.1853,23.1998,23.4482,23.4507,23.4621,23.4678,23.7524,23.6640,23.5750,23.5809,23.7102,23.5797,23.7064,23.7201,23.7487,23.7778,23.8074,23.8375,23.8661,23.8957,23.9267,23.9581,23.9898,24.0219,24.0543,24.0871,24.1202,24.1536,24.1873,24.2213,24.2556,24.2902,24.3250,24.3600,24.3953,24.4309,24.4666,24.5026,24.5387,24.5750,24.6115,24.6482,24.6850,24.7220,24.7591,24.7964,24.8337,24.8712,24.9088,24.9465,24.9842,25.0220,25.0598,25.0977,25.1357,25.1736,25.2116,25.2495,25.2873,25.3250,25.3622,25.3972,25.4246
45108.9166667,22.4084,22.8177,22.7583,22.9231,23.7560,22.8953,23.0710,22.0577,22.3087,22.1536,22.3758,22.2764,22.0008,22.1615,22.2880,22.3325,22.5209,22.5477,22.3951,22.4913,22.9601,22.6988,22.5199,22.7900,22.8232,23.3196,23.0172,22.7656,23.0535,22.9126,23.1134,23.2286,23.3138,23.3692,23.4669,23.4147,23.5978,23.6729,23.6112,23.5857,23.5980,23.6642,23.6277,23.7967,24.4095,23.6804,23.8517,23.5843,23.4103,23.5300,23.5788,23.6186,23.6631,23.7612,23.3956,23.8019,23.8080,24.0233,24.1416,24.0136,24.0294,24.0088,24.0747,24.0689,24.1052,24.0878,24.1171,23.9470,23.8709,24.0204,24.0618,24.1199,24.1746,24.1003,24.4080,24.1507,24.1114,24.2081,24.2121,24.5377,24.7559,24.5162,24.3140,24.0721,24.1044,24.0891,24.2897,24.1501,24.2558,24.0945,24.4517,24.3836,24.4784,24.2498,24.0575,24.1636,24.2597,24.4109,24.3292,24.2350,24.2727,24.5371,22.9360,23.0021,23.2738,23.3475,23.1856,22.9775,22.7645,22.9826,22.8793,22.9127,23.0424,22.9234,23.0738,22.9668,23.0451,23.2488,23.3047,23.3210,22.9471,23.3202,23.2257,23.3280,23.5856,23.4501,23.4893,23.6855,23.6192,23.4687,23.6161,23.6576,23.7258,23.7990,23.8559,23.7455,23.7911,23.8267,23.8452,23.8508,23.7702,23.7491,23.8088,23.9010,23.8234,23.8724,23.9230,24.0022,23.9933,24.0036,23.9308,23.8858,23.9055,23.7990,24.0559,24.1167,24.0683,24.1297,23.8173,23.7603,23.9989,23.8986,23.6034,23.7196,23.8507,23.6653,23.7417,23.5994,23.4835,23.5160,23.5225,23.0501,23.0822,23.1023,23.1126,23.2846,23.2565,23.2641,23.2492,23.5618,23.4352,23.3040,23.3090,23.4571,23.2730,23.4489,23.4578,23.4799,23.5026,23.5258,23.5496,23.5726,23.5965,23.6216,23.6473,23.6734,23.7000,23.7270,23.7546,23.7826,23.8110,23.8398,23.8691,23.8987,23.9287,23.9591,23.9898,24.0209,24.0523,24.0840,24.1159,24.1482,24.1807,24.2134,24.2464,24.2797,24.3131,24.3467,24.3806,24.4146,24.4488,24.4832,24.5177,24.5523,24.5871,24.6220,24.6570,24.6922,24.7274,24.7627,24.7981,24.8335,24.8688,24.9036,24.9366,24.9622
45108.9583333,22.0243,22.4890,22.3945,22.5797,23.4412,22.4554,22.7130,21.7214,21.9897,21.7264,21.9848,21.8820,21.5395,21.7656,21.9450,21.9830,22.2086,22.2268,21.9517,22.0991,22.6509,22.2978,22.0726,22.4240,22.4596,23.0354,22.6430,22.3794,22.7675,22.5507,22.8637,22.9724,23.0933,23.1054,23.2160,23.1270,23.3224,23.4116,23.2409,23.2853,23.3146,23.3052,23.2508,23.4160,24.1130,23.4773,23.5305,23.2462,23.0101,23.0468,23.1583,23.2748,23.3397,23.4096,22.8573,23.5379,23.5231,23.6972,23.8514,23.6596,23.6652,23.6081,23.7331,23.7666,23.7305,23.7759,23.8709,23.7263,23.6634,23.8369,23.9220,24.0066,24.0469,23.9655,24.1411,24.0537,24.0168,24.0837,24.0705,24.3633,24.5455,24.3283,24.0693,23.7804,23.8890,23.8419,24.0883,23.9415,24.0636,23.7985,24.2287,24.1746,24.2548,24.0569,23.7310,23.8685,23.9668,24.0275,23.9896,23.8729,23.9151,24.2614,22.6103,22.6683,22.9766,23.0580,22.8477,22.6784,22.4293,22.7777,22.5293,22.5385,22.6691,22.5030,22.6867,22.5317,22.6428,22.8873,22.9517,22.9760,22.4721,22.9470,22.8303,22.9894,23.3194,23.2420,23.2480,23.4368,23.2735,22.9964,23.1980,23.2662,23.3727,23.4819,23.6136,23.5046,23.5399,23.6116,23.5079,23.5499,23.5426,23.5780,23.5883,23.6416,23.6498,23.5979,23.6521,23.8115,23.7824,23.7597,23.7404,23.7093,23.7495,23.7169,23.8289,23.9148,23.9232,23.9294,23.5842,23.5608,23.8486,23.7245,23.4065,23.5241,23.6006,23.4106,23.5423,23.3841,23.3539,23.3636,23.2675,22.8186,22.9215,22.9711,22.9766,23.0822,23.0251,23.0295,22.9970,23.3454,23.1827,23.0169,23.0215,23.1868,22.9633,23.1747,23.1797,23.1970,23.2146,23.2326,23.2511,23.2692,23.2880,23.3077,23.3279,23.3484,23.3695,23.3910,23.4130,23.4354,23.4582,23.4816,23.5054,23.5296,23.5543,23.5794,23.6049,23.6309,23.6573,23.6840,23.7112,23.7387,23.7667,23.7949,23.8236,23.8525,23.8818,23.9114,23.9412,23.9714,24.0018,24.0325,24.0634,24.0945,24.1259,24.1574,24.1892,24.2211,24.2533,24.2855,24.3179,24.3504,24.3830,24.4151,24.4455,24.4691
