File Created:,Mon Jul 29 15:14:29 2024
Heat Source Version:,9.0.0b26
Simulation Name:,WFK23
User Text:,Westfork Kickapoo
Output:,Solar Radiation Flux Entering Stream (watts/square meter)
""
Datetime,23.500,23.400,23.300,23.200,23.100,23.000,22.900,22.800,22.700,22.600,22.500,22.400,22.300,22.200,22.100,22.000,21.900,21.800,21.700,21.600,21.500,21.400,21.300,21.200,21.100,21.000,20.900,20.800,20.700,20.600,20.500,20.400,20.300,20.200,20.100,20.000,19.900,19.800,19.700,19.600,19.500,19.400,19.300,19.200,19.100,19.000,18.900,18.800,18.700,18.600,18.500,18.400,18.300,18.200,18.100,18.000,17.900,17.800,17.700,17.600,17.500,17.400,17.300,17.200,17.100,17.000,16.900,16.800,16.700,16.600,16.500,16.400,16.300,16.200,16.100,16.000,15.900,15.800,15.700,15.600,15.500,15.400,15.300,15.200,15.100,15.000,14.900,14.800,14.700,14.600,14.500,14.400,14.300,14.200,14.100,14.000,13.900,13.800,13.700,13.600,13.500,13.400,13.300,13.200,13.100,13.000,12.900,12.800,12.700,12.600,12.500,12.400,12.300,12.200,12.100,12.000,11.900,11.800,11.700,11.600,11.500,11.400,11.300,11.200,11.100,11.000,10.900,10.800,10.700,10.600,10.500,10.400,10.300,10.200,10.100,10.000,9.900,9.800,9.700,9.600,9.500,9.400,9.300,9.200,9.100,9.000,8.900,8.800,8.700,8.600,8.500,8.400,8.300,8.200,8.100,8.000,7.900,7.800,7.700,7.600,7.500,7.400,7.300,7.200,7.100,7.000,6.900,6.800,6.700,6.600,6.500,6.400,6.300,6.200,6.100,6.000,5.900,5.800,5.700,5.600,5.500,5.400,5.300,5.200,5.100,5.000,4.900,4.800,4.700,4.600,4.500,4.400,4.300,4.200,4.100,4.000,3.900,3.800,3.700,3.600,3.500,3.400,3.300,3.200,3.100,3.000,2.900,2.800,2.700,2.600,2.500,2.400,2.300,2.200,2.100,2.000,1.900,1.800,1.700,1.600,1.500,1.400,1.300,1.200,1.100,1.000,0.900,0.800,0.700,0.600,0.500,0.400,0.300,0.200,0.100,0.000
45108.0000000,0.0000,0.0000,0.0000,0.0000,0.0000,0.0000,0.0000,0.0000,0.0000,0.0000,0.0000,0.0000,0.0000,0.0000,0.0000,0.0000,0.0000,0.0000,0.0000,0.0000,0.0000,0.0000,0.0000,0.0000,0.0000,0.0000,0.0000,0.0000,0.0000,0.0000,0.0000,0.0000,0.0000,0.0000,0.0000,0.0000,0.0000,0.0000,0.0000,0.0000,0.0000,0.0000,0.0000,0.0000,0.0000,0.0000,0.0000,0.0000,0.0000,0.0000,0.0000,0.0000,0.0000,0.0000,0.0000,0.0000,0.0000,0.0000,0.0000,0.0000,0.0000,0.0000,0.0000,0.0000,0.0000,0.0000,0.0000,0.0000,0.0000,0.0000,0.0000,0.0000,0.0000,0.0000,0.0000,0.0000,0.0000,0.0000,0.0000,0.0000,0.0000,0.0000,0.0000,0.0000,0.0000,0.0000,0.0000,0.0000,0.0000,0.0000,0.0000,0.0000,0.0000,0.0000,0.0000,0.0000,0.0000,0.0000,0.0000,0.0000,0.0000,0.0000,0.0000,0.0000,0.0000,0.0000,0.0000,0.0000,0.0000,0.0000,0.0000,0.0000,0.0000,0.0000,0.0000,0.0000,0.0000,0.0000,0.0000,0.0000,0.0000,0.0000,0.0000,0.0000,0.0000,0.0000,0.0000,0.0000,0.0000,0.0000,0.0000,0.0000,0.0000,0.0000,0.0000,0.0000,0.0000,0.0000,0.0000,0.0000,0.0000,0.0000,0.0000,0.0000,0.0000,0.0000,0.0000,0.0000,0.0000,0.0000,0.0000,0.0000,0.0000,0.0000,0.0000,0.0000,0.0000,0.0000,0.0000,0.0000,0.0000,0.0000,0.0000,0.0000,0.0000,0.0000,0.0000,0.0000,0.0000,0.0000,0.0000,0.0000,0.0000,0.0000,0.0000,0.0000,0.0000,0.0000,0.0000,0.0000,0.0000,0.0000,0.0000,0.0000,0.0000,0.0000,0.0000,0.0000,0.0000,0.0000,0.0000,0.0000,0.0000,0.0000,0.0000,0.0000,0.0000,0.0000,0.0000,0.0000,0.0000,0.0000,0.0000,0.0000,0.0000,0.0000,0.0000,0.0000,0.0000,0.0000,0.0000,0.0000,0.0000,0.0000,0.0000,0.0000,0.0000,0.0000,0.0000,0.0000,0.0000,0.0000,0.0000,0.0000,0.0000,0.0000,0.0000,0.0000,0.0000,0.0000,0.0000,0.0000,0.0000,0.0000,0.0000,0.0000
45108.0416667,0.0000,0.0000,0.0000,0.0000,0.0000,0.0000,0.0000,0.0000,0.0000,0.0000,0.0000,0.0000,0.0000,0.0000,0.0000,0.0000,0.0000,0.0000,0.0000,0.0000,0.0000,0.0000,0.0000,0.0000,0.0000,0.0000,0.0000,0.0000,0.0000,0.0000,0.0000,0.0000,0.0000,0.0000,0.0000,0.0000,0.0000,0.0000,0.0000,0.0000,0.0000,0.0000,0.0000,0.0000,0.0000,0.0000,0.0000,0.0000,0.0000,0.0000,0.0000,0.0000,0.0000,0.0000,0.0000,0.0000,0.0000,0.0000,0.0000,0.0000,0.0000,0.0000,0.0000,0.0000,0.0000,0.0000,0.0000,0.0000,0.0000,0.0000,0.0000,0.0000,0.0000,0.0000,0.0000,0.0000,0.0000,0.0000,0.0000,0.0000,0.0000,0.0000,0.0000,0.0000,0.0000,0.0000,0.0000,0.0000,0.0000,0.0000,0.0000,0.0000,0.0000,0.0000,0.0000,0.0000,0.0000,0.0000,0.0000,0.0000,0.0000,0.0000,0.0000,0.0000,0.0000,0.0000,0.0000,0.0000,0.0000,0.0000,0.0000,0.0000,0.0000,0.0000,0.0000,0.0000,0.0000,0.0000,0.0000,0.0000,0.0000,0.0000,0.0000,0.0000,0.0000,0.0000,0.0000,0.0000,0.0000,0.0000,0.0000,0.0000,0.0000,0.0000,0.0000,0.0000,0.0000,0.0000,0.0000,0.0000,0.0000,0.0000,0.0000,0.0000,0.0000,0.0000,0.0000,0.0000,0.0000,0.0000,0.0000,0.0000,0.0000,0.0000,0.0000,0.0000,0.0000,0.0000,0.0000,0.0000,0.0000,0.0000,0.0000,0.0000,0.0000,0.0000,0.0000,0.0000,0.0000,0.0000,0.0000,0.0000,0.0000,0.0000,0.0000,0.0000,0.0000,0.0000,0.0000,0.0000,0.0000,0.0000,0.0000,0.0000,0.0000,0.0000,0.0000,0.0000,0.0000,0.0000,0.0000,0.0000,0.0000,0.0000,0.0000,0.0000,0.0000,0.0000,0.0000,0.0000,0.0000,0.0000,0.0000,0.0000,0.0000,0.0000,0.0000,0.0000,0.0000,0.0000,0.0000,0.0000,0.0000,0.0000,0.0000,0.0000,0.0000,0.0000,0.0000,0.0000,0.0000,0.0000,0.0000,0.0000,0.0000,0.0000,0.0000,0.0000,0.0000,0.0000,0.0000,0.0000,0.0000,0.0000,0.0000,0.0000
45108.0833333,0.0000,0.0000,0.0000,0.0000,0.0000,0.0000,0.0000,0.0000,0.0000,0.0000,0.0000,0.0000,0.0000,0.0000,0.0000,0.0000,0.0000,0.0000,0.0000,0.0000,0.0000,0.0000,0.0000,0.0000,0.0000,0.0000,0.0000,0.0000,0.0000,0.0000,0.0000,0.0000,0.0000,0.0000,0.0000,0.0000,0.0000,0.0000,0.0000,0.0000,0.0000,0.0000,0.0000,0.0000,0.0000,0.0000,0.0000,0.0000,0.0000,0.0000,0.0000,0.0000,0.0000,0.0000,0.0000,0.0000,0.0000,0.0000,0.0000,0.0000,0.0000,0.0000,0.0000,0.0000,0.0000,0.0000,0.0000,0.0000,0.0000,0.0000,0.0000,0.0000,0.0000,0.0000,0.0000,0.0000,0.0000,0.0000,0.0000,0.0000,0.0000,0.0000,0.0000,0.0000,0.0000,0.0000,0.0000,0.0000,0.0000,0.0000,0.0000,0.0000,0.0000,0.0000,0.0000,0.0000,0.0000,0.0000,0.0000,0.0000,0.0000,0.0000,0.0000,0.0000,0.0000,0.0000,0.0000,0.0000,0.0000,0.0000,0.0000,0.0000,0.0000,0.0000,0.0000,0.0000,0.0000,0.0000,0.0000,0.0000,0.0000,0.0000,0.0000,0.0000,0.0000,0.0000,0.0000,0.0000,0.0000,0.0000,0.0000,0.0000,0.0000,0.0000,0.0000,0.0000,0.0000,0.0000,0.0000,0.0000,0.0000,0.0000,0.0000,0.0000,0.0000,0.0000,0.0000,0.0000,0.0000,0.0000,0.0000,0.0000,0.0000,0.0000,0.0000,0.0000,0.0000,0.0000,0.0000,0.0000,0.0000,0.0000,0.0000,0.0000,0.0000,0.0000,0.0000,0.0000,0.0000,0.0000,0.0000,0.0000,0.0000,0.0000,0.0000,0.0000,0.0000,0.0000,0.0000,0.0000,0.0000,0.0000,0.0000,0.0000,0.0000,0.0000,0.0000,0.0000,0.0000,0.0000,0.0000,0.0000,0.0000,0.0000,0.0000,0.0000,0.0000,0.0000,0.0000,0.0000,0.0000,0.0000,0.0000,0.0000,0.0000,0.0000,0.0000,0.0000,0.0000,0.0000,0.0000,0.0000,0.0000,0.0000,0.0000,0.0000,0.0000,0.0000,0.0000,0.0000,0.0000,0.0000,0.0000,0.0000,0.0000,0.0000,0.0000,0.0000,0.0000,0.0000,0.0000,0.0000,0.0000,0.0000,0.0000,0.0000
45108.1250000,0.0000,0.0000,0.0000,0.0000,0.0000,0.0000,0.0000,0.0000,0.0000,0.0000,0.0000,0.0000,0.0000,0.0000,0.0000,0.0000,0.0000,0.0000,0.0000,0.0000,0.0000,0.0000,0.0000,0.0000,0.0000,0.0000,0.0000,0.0000,0.0000,0.0000,0.0000,0.0000,0.0000,0.0000,0.0000,0.0000,0.0000,0.0000,0.0000,0.0000,0.0000,0.0000,0.0000,0.0000,0.0000,0.0000,0.0000,0.0000,0.0000,0.0000,0.0000,0.0000,0.0000,0.0000,0.0000,0.0000,0.0000,0.0000,0.0000,0.0000,0.0000,0.0000,0.0000,0.0000,0.0000,0.0000,0.0000,0.0000,0.0000,0.0000,0.0000,0.0000,0.0000,0.0000,0.0000,0.0000,0.0000,0.0000,0.0000,0.0000,0.0000,0.0000,0.0000,0.0000,0.0000,0.0000,0.0000,0.0000,0.0000,0.0000,0.0000,0.0000,0.0000,0.0000,0.0000,0.0000,0.0000,0.0000,0.0000,0.0000,0.0000,0.0000,0.0000,0.0000,0.0000,0.0000,0.0000,0.0000,0.0000,0.0000,0.0000,0.0000,0.0000,0.0000,0.0000,0.0000,0.0000,0.0000,0.0000,0.0000,0.0000,0.0000,0.0000,0.0000,0.0000,0.0000,0.0000,0.0000,0.0000,0.0000,0.0000,0.0000,0.0000,0.0000,0.0000,0.0000,0.0000,0.0000,0.0000,0.0000,0.0000,0.0000,0.0000,0.0000,0.0000,0.0000,0.0000,0.0000,0.0000,0.0000,0.0000,0.0000,0.0000,0.0000,0.0000,0.0000,0.0000,0.0000,0.0000,0.0000,0.0000,0.0000,0.0000,0.0000,0.0000,0.0000,0.0000,0.0000,0.0000,0.0000,0.0000,0.0000,0.0000,0.0000,0.0000,0.0000,0.0000,0.0000,0.0000,0.0000,0.0000,0.0000,0.0000,0.0000,0.0000,0.0000,0.0000,0.0000,0.0000,0.0000,0.0000,0.0000,0.0000,0.0000,0.0000,0.0000,0.0000,0.0000,0.0000,0.0000,0.0000,0.0000,0.0000,0.0000,0.0000,0.0000,0.0000,0.0000,0.0000,0.0000,0.0000,0.0000,0.0000,0.0000,0.0000,0.0000,0.0000,0.0000,0.0000,0.0000,0.0000,0.0000,0.0000,0.0000,0.0000,0.0000,0.0000,0.0000,0.0000,0.0000,0.0000,0.0000,0.0000,0.0000,0.0000,0.0000
45108.1666667,0.0000,0.0000,0.0000,0.0000,0.0000,0.0000,0.0000,0.0000,0.0000,0.0000,0.0000,0.0000,0.0000,0.0000,0.0000,0.0000,0.0000,0.0000,0.0000,0.0000,0.0000,0.0000,0.0000,0.0000,0.0000,0.0000,0.0000,0.0000,0.0000,0.0000,0.0000,0.0000,0.0000,0.0000,0.0000,0.0000,0.0000,0.0000,0.0000,0.0000,0.0000,0.0000,0.0000,0.0000,0.0000,0.0000,0.0000,0.0000,0.0000,0.0000,0.0000,0.0000,0.0000,0.0000,0.0000,0.0000,0.0000,0.0000,0.0000,0.0000,0.0000,0.0000,0.0000,0.0000,0.0000,0.0000,0.0000,0.0000,0.0000,0.0000,0.0000,0.0000,0.0000,0.0000,0.0000,0.0000,0.0000,0.0000,0.0000,0.0000,0.0000,0.0000,0.0000,0.0000,0.0000,0.0000,0.0000,0.0000,0.0000,0.0000,0.0000,0.0000,0.0000,0.0000,0.0000,0.0000,0.0000,0.0000,0.0000,0.0000,0.0000,0.0000,0.0000,0.0000,0.0000,0.0000,0.0000,0.0000,0.0000,0.0000,0.0000,0.0000,0.0000,0.0000,0.0000,0.0000,0.0000,0.0000,0.0000,0.0000,0.0000,0.0000,0.0000,0.0000,0.0000,0.0000,0.0000,0.0000,0.0000,0.0000,0.0000,0.0000,0.0000,0.0000,0.0000,0.0000,0.0000,0.0000,0.0000,0.0000,0.0000,0.0000,0.0000,0.0000,0.0000,0.0000,0.0000,0.0000,0.0000,0.0000,0.0000,0.0000,0.0000,0.0000,0.0000,0.0000,0.0000,0.0000,0.0000,0.0000,0.0000,0.0000,0.0000,0.0000,0.0000,0.0000,0.0000,0.0000,0.0000,0.0000,0.0000,0.0000,0.0000,0.0000,0.0000,0.0000,0.0000,0.0000,0.0000,0.0000,0.0000,0.0000,0.0000,0.0000,0.0000,0.0000,0.0000,0.0000,0.0000,0.0000,0.0000,0.0000,0.0000,0.0000,0.0000,0.0000,0.0000,0.0000,0.0000,0.0000,0.0000,0.0000,0.0000,0.0000,0.0000,0.0000,0.0000,0.0000,0.0000,0.0000,0.0000,0.0000,0.0000,0.0000,0.0000,0.0000,0.0000,0.0000,0.0000,0.0000,0.0000,0.0000,0.0000,0.0000,0.0000,0.0000,0.0000,0.0000,0.0000,0.0000,0.0000,0.0000,0.0000,0.0000,0.0000,0.0000
45108.2083333,0.0000,0.0000,0.0000,0.0000,0.0000,0.0000,0.0000,0.0000,0.0000,0.0000,0.0000,0.0000,0.0000,0.0000,0.0000,0.0000,0.0000,0.0000,0.0000,0.0000,0.0000,0.0000,0.0000,0.0000,0.0000,0.0000,0.0000,0.0000,0.0000,0.0000,0.0000,0.0000,0.0000,0.0000,0.0000,0.0000,0.0000,0.0000,0.0000,0.0000,0.0000,0.0000,0.0000,0.0000,0.0000,0.0000,0.0000,0.0000,0.0000,0.0000,0.0000,0.0000,0.0000,0.0000,0.0000,0.0000,0.0000,0.0000,0.0000,0.0000,0.0000,0.0000,0.0000,0.0000,0.0000,0.0000,0.0000,0.0000,0.0000,0.0000,0.0000,0.0000,0.0000,0.0000,0.0000,0.0000,0.0000,0.0000,0.0000,0.0000,0.0000,0.0000,0.0000,0.0000,0.0000,0.0000,0.0000,0.0000,0.0000,0.0000,0.0000,0.0000,0.0000,0.0000,0.0000,0.0000,0.0000,0.0000,0.0000,0.0000,0.0000,0.0000,0.0000,0.0000,0.0000,0.0000,0.0000,0.0000,0.0000,0.0000,0.0000,0.0000,0.0000,0.0000,0.0000,0.0000,0.0000,0.0000,0.0000,0.0000,0.0000,0.0000,0.0000,0.0000,0.0000,0.0000,0.0000,0.0000,0.0000,0.0000,0.0000,0.0000,0.0000,0.0000,0.0000,0.0000,0.0000,0.0000,0.0000,0.0000,0.0000,0.0000,0.0000,0.0000,0.0000,0.0000,0.0000,0.0000,0.0000,0.0000,0.0000,0.0000,0.0000,0.0000,0.0000,0.0000,0.0000,0.0000,0.0000,0.0000,0.0000,0.0000,0.0000,0.0000,0.0000,0.0000,0.0000,0.0000,0.0000,0.0000,0.0000,0.0000,0.0000,0.0000,0.0000,0.0000,0.0000,0.0000,0.0000,0.0000,0.0000,0.0000,0.0000,0.0000,0.0000,0.0000,0.0000,0.0000,0.0000,0.0000,0.0000,0.0000,0.0000,0.0000,0.0000,0.0000,0.0000,0.0000,0.0000,0.0000,0.0000,0.0000,0.0000,0.0000,0.0000,0.0000,0.0000,0.0000,0.0000,0.0000,0.0000,0.0000,0.0000,0.0000,0.0000,0.0000,0.0000,0.0000,0.0000,0.0000,0.0000,0.0000,0.0000,0.0000,0.0000,0.0000,0.0000,0.0000,0.0000,0.0000,0.0000,0.0000,0.0000,0.0000,0.0000,0.0000
45108.2500000,4.1049,8.3264,11.4568,7.8856,11.2088,12.1340,11.5374,11.6165,12.3552,13.1309,12.8691,12.6958,11.4339,11.9293,10.3995,12.5186,13.5006,13.4837,13.0394,12.6639,11.5124,10.5130,8.7994,11.2112,11.1535,12.9339,11.4621,6.4314,11.7017,10.7434,11.1961,9.8070,11.3212,11.3091,9.5253,8.6842,10.5290,11.3482,12.3324,12.9978,9.6224,12.7267,10.2794,12.1507,12.7740,12.0438,12.6596,11.1773,11.2375,11.2045,12.0253,11.9961,12.2507,12.3371,9.7660,11.7583,11.0878,11.7683,12.9421,12.4656,12.2489,12.3767,9.9473,7.9181,9.7480,6.9800,11.6895,11.6988,11.6615,11.9153,11.7201,11.8290,11.5882,12.3216,11.5650,7.8161,7.8752,6.6503,5.1391,5.6285,10.2506,12.4147,13.4725,13.3421,7.9916,12.3663,12.5738,9.1906,9.1475,12.3131,12.7162,10.4869,11.6428,9.7240,12.3528,11.1723,12.2492,13.0264,12.8350,13.1581,13.3445,12.7634,12.9636,12.3828,12.6702,12.5045,12.1769,10.7450,11.8075,13.0979,13.3800,13.0341,12.8916,12.7314,13.0323,12.9362,13.0450,13.0915,12.7989,12.7141,11.3115,13.3783,13.2818,12.9747,12.4383,13.0890,12.9052,13.0963,12.7012,12.8609,12.6977,12.4063,11.5864,11.2750,11.0112,11.4304,11.4376,12.6051,12.1486,10.8218,10.4268,13.2075,13.2760,12.8598,12.9469,7.4992,9.9385,10.3689,12.7387,12.7626,12.5254,11.2846,12.6649,13.1304,13.1427,12.5741,13.5382,12.3855,12.1505,13.0491,12.2317,12.8033,12.8325,13.4881,13.9054,13.2233,13.0781,13.2434,12.9343,12.8433,12.5749,12.6723,13.0972,13.1740,13.6535,13.0523,13.5115,13.3513,13.3410,12.9529,13.6468,13.2675,12.5725,13.4309,12.7880,13.7678,13.9043,13.9864,14.0642,14.1404,14.2167,14.1218,14.0876,14.1486,14.2088,14.2626,14.3158,14.3690,14.4221,14.4752,14.5283,14.5813,14.6343,14.6873,14.7402,14.7930,14.8458,14.8985,14.9512,15.0037,15.0563,15.1087,15.1611,15.2133,15.2655,15.3176,15.3696,15.4215,15.4734,15.5251,15.5767,15.6282,15.6796,15.7308,15.7820,15.8330,15.8839,15.9347,15.9853,16.0358,16.0856,16.1348,16.1839,16.2329,16.2817,16.3304
45108.2916667,13.5076,27.4005,37.7027,25.9517,36.8906,44.7004,37.9745,38.2349,50.8041,53.3571,47.2981,51.8623,47.5706,49.4021,34.2305,41.2059,54.5739,54.5182,53.0558,41.6851,37.8961,34.6080,28.9678,47.0365,46.8462,52.7077,47.8615,21.1768,48.6500,40.3328,46.9852,42.4109,47.3967,47.3568,31.3669,28.5979,44.7872,47.4848,50.7262,52.9173,31.6902,46.7002,33.8566,40.0214,42.0762,39.6709,41.6992,36.8170,37.0154,36.9077,49.7131,49.6168,50.4555,50.7402,32.1717,48.8331,46.6244,48.8663,52.7330,51.1633,50.4493,50.8705,32.7686,26.0838,42.2111,22.9998,38.5185,38.5493,38.4265,49.3485,48.7053,49.0643,48.2706,45.2651,42.5818,25.9043,26.1829,22.2406,17.8866,18.5507,34.1726,50.9925,54.4793,54.0496,26.3469,40.7694,41.4530,30.2992,30.1570,40.5931,41.9220,34.5719,38.3876,32.0603,40.7243,40.1104,40.3874,42.9552,46.5351,53.4423,54.0569,42.0887,42.7493,50.8855,51.8332,51.2870,50.0721,45.4843,48.9883,52.2122,54.0236,53.0333,52.5632,45.2953,53.0270,52.7098,53.0687,53.2219,52.2565,51.9769,37.3144,54.1677,53.8495,52.8365,41.0339,53.2132,52.6069,53.2375,51.9340,52.4607,51.9222,50.9608,48.2559,47.2280,46.3575,47.7408,47.7644,51.6164,50.1100,35.7050,34.4041,53.6041,53.8299,42.4336,42.7215,24.7455,36.3411,34.2167,52.0567,52.1356,51.3527,47.2580,51.8130,53.3491,53.3900,45.7007,54.6952,50.8910,50.1154,43.0646,40.3671,42.2536,52.3660,54.5296,55.4824,53.4571,53.1765,53.7221,52.7020,52.4016,51.5157,51.8370,53.2396,53.4929,55.0755,53.0912,54.6069,54.0782,53.8748,52.7633,55.0533,53.8016,51.5074,54.3409,46.4549,55.4527,55.9032,56.1744,56.4311,56.6827,56.9346,56.6214,56.5084,56.7095,56.9085,57.0860,57.2616,57.4371,57.6125,57.7878,57.9630,58.1380,58.3129,58.4877,58.6623,58.8367,59.0109,59.1849,59.3587,59.5323,59.7057,59.8788,60.0516,60.2241,60.3964,60.5684,60.7401,60.9114,61.0824,61.2531,61.4234,61.5934,61.7630,61.9322,62.1011,62.2695,62.4375,62.6051,62.7723,62.9390,63.1033,63.2658,63.4278,63.5894,63.7505,63.9112
45108.3333333,27.0835,54.9410,124.0078,52.0380,73.9744,128.4711,76.1501,76.6724,129.9311,135.0507,133.3225,132.0529,123.4466,127.1191,68.6435,131.0084,137.4900,137.3782,134.4456,131.9666,124.3643,91.6892,58.0940,122.3713,121.9886,133.7435,124.0226,42.4739,125.6034,119.2740,122.2639,113.0886,123.0886,123.0083,111.2252,105.6693,117.8530,123.2637,129.7649,134.1601,63.5667,132.3674,67.9147,80.2827,132.6773,127.8521,131.9208,73.8563,74.2542,122.3045,127.7279,127.5348,129.2170,129.7878,86.2557,125.9616,121.5303,126.0283,133.7853,130.6365,129.2041,130.0491,65.7378,52.3275,112.6775,46.1466,125.4977,125.5587,125.3124,126.9902,125.6994,126.4199,124.8268,129.6757,124.6718,58.3354,53.6080,47.1706,37.8457,42.7623,70.0114,130.2822,137.2793,136.4170,52.8756,129.9586,131.3313,60.8068,60.5216,81.4653,132.2740,117.5250,125.1683,112.4721,129.8696,122.0555,129.1805,134.3209,133.0540,135.1929,136.4263,132.5796,133.9051,130.0605,131.9627,130.8664,128.4280,119.2184,126.2518,132.7229,136.3588,134.3706,133.4265,132.3647,134.3563,133.7186,134.4387,134.7457,132.8069,132.2452,96.1685,136.6430,136.0041,133.9703,130.4167,134.7261,133.5088,134.7745,132.1574,133.2148,132.1332,130.2030,124.7724,122.7085,120.9601,123.7374,123.7849,131.5179,128.4932,119.7062,117.0866,135.5079,135.9611,133.2038,133.7804,49.6835,113.8486,116.6980,132.3994,132.5573,130.9855,122.7639,131.9097,134.9940,135.0760,131.3077,137.6964,130.0578,128.5004,134.4546,129.0386,132.8263,133.0193,137.3634,139.2761,135.2090,134.6456,135.7413,133.6928,133.0896,131.3108,131.9559,134.7723,135.2811,138.4588,134.4744,137.5179,136.4562,136.0478,133.8159,138.4142,135.9002,131.2934,136.9829,132.7208,139.2150,140.1196,140.6643,141.1797,141.6849,142.1906,141.5617,141.3350,141.7388,142.1384,142.4948,142.8473,143.1997,143.5519,143.9039,144.2557,144.6072,144.9585,145.3094,145.6600,146.0102,146.3601,146.7095,147.0585,147.4071,147.7552,148.1028,148.4498,148.7963,149.1423,149.4876,149.8323,150.1764,150.5198,150.8626,151.2046,151.5459,151.8865,152.2263,152.5653,152.9035,153.2409,153.5774,153.9131,154.2479,154.5778,154.9041,155.2295,155.5540,155.8776,156.2002
45108.3750000,40.1981,81.5465,230.1216,77.2396,227.6826,236.7420,113.0337,231.6713,238.9088,246.5079,243.9425,242.0578,229.2829,234.7340,151.4475,240.5069,250.1280,249.9620,245.6086,241.9286,230.6429,220.8456,128.2460,227.6812,227.1119,244.5609,230.1282,63.0547,232.4741,223.0773,227.5158,213.8938,228.7394,228.6198,211.1259,202.8771,220.9646,228.9969,238.6485,245.1738,212.0661,242.5104,100.8324,236.8545,242.9676,235.8034,241.8443,109.6571,227.8923,227.5656,235.6175,235.3308,237.8282,238.6752,213.4441,232.9935,226.4137,233.0928,244.6104,239.9352,237.8084,239.0630,215.2249,77.6950,213.2703,68.5241,232.2975,232.3879,232.0221,234.5135,232.5967,233.6666,231.3004,238.5008,231.0686,194.2570,87.0267,182.8102,62.1884,72.4422,218.1330,239.3930,249.7845,248.5039,78.5302,238.9090,240.9479,90.3088,89.8851,238.3869,242.3483,220.4440,231.7921,212.9360,238.7773,227.1692,237.7508,245.3828,243.5010,246.6779,248.5099,242.7960,244.7646,239.0540,241.8795,240.2513,236.6296,222.9489,233.3961,243.0081,248.4084,245.4548,244.0518,242.4738,245.4312,244.4825,245.5518,246.0068,243.1259,242.2909,228.4927,248.8234,247.8740,244.8525,239.5731,245.9748,244.1663,246.0461,242.1580,243.7286,242.1216,239.2539,231.1861,228.1195,225.5211,229.6474,229.7181,241.2052,236.7114,223.6591,219.7652,247.1319,247.8050,243.7084,244.5647,119.7190,214.9529,219.1847,242.5112,242.7455,240.4101,228.1955,241.7833,246.3655,246.4872,240.8884,250.3800,239.0310,236.7172,245.5633,237.5167,243.1442,243.4306,249.8846,252.7256,246.6826,245.8455,247.4733,244.4298,243.5336,240.8909,241.8493,246.0337,246.7896,251.5108,245.5910,250.1130,248.5356,247.9286,244.6128,251.4446,247.7088,240.8639,249.3168,242.9836,252.6325,253.9766,254.7859,255.5518,256.3023,257.0537,256.1193,255.7824,256.3824,256.9761,257.5056,258.0294,258.5530,259.0763,259.5994,260.1220,260.6443,261.1662,261.6876,262.2085,262.7289,263.2487,263.7679,264.2864,264.8043,265.3215,265.8379,266.3536,266.8684,267.3824,267.8955,268.4077,268.9189,269.4292,269.9384,270.4466,270.9537,271.4597,271.9646,272.4683,272.9708,273.4721,273.9721,274.4709,274.9683,275.4585,275.9433,276.4268,276.9089,277.3896,277.8690
45108.4166667,50.7311,102.9168,392.4432,348.2838,389.3574,400.7883,393.4091,394.3875,403.5224,413.1137,409.8752,407.4960,391.3712,398.2513,379.3307,405.5373,417.6809,417.4710,411.9756,407.3302,393.0825,380.7125,359.5079,389.3361,388.6145,410.6391,392.4148,330.1453,395.3740,383.5103,389.1131,371.9142,390.6560,390.5041,368.4165,358.0009,380.8353,390.9756,403.1603,411.3992,369.5949,408.0316,127.3147,400.8850,408.6017,399.5556,407.1832,388.8200,389.5656,389.1510,399.3169,398.9550,402.1076,403.1760,371.3138,396.0001,387.6904,396.1262,410.6702,404.7667,402.0811,403.6653,373.5637,348.4195,371.0961,336.7131,395.1035,395.2172,394.7552,397.9017,395.4807,396.8319,393.8423,402.9360,393.5458,347.0522,134.9495,332.5949,105.1624,176.0170,377.1868,404.0422,417.1687,415.5512,99.2058,403.4226,405.9987,201.2910,363.4691,402.7642,407.7685,380.0989,394.4258,370.6059,403.2570,388.5865,401.9529,411.5878,409.2103,413.2243,415.5388,408.3184,410.8054,403.5900,407.1601,405.1031,400.5275,383.2389,396.4395,408.5846,415.4077,411.6744,409.8997,407.9040,411.6387,410.4362,411.7862,412.3590,408.7162,407.6594,390.2227,415.9133,414.7130,410.8943,404.2209,412.3110,410.0251,412.3998,407.4855,409.4698,407.4380,403.8135,393.6169,389.7402,386.4539,391.6696,391.7593,406.2743,400.5943,384.1024,379.1763,413.7627,414.6126,409.4346,410.5160,342.7462,373.0898,378.4348,407.9163,408.2112,405.2593,389.8212,406.9952,412.7865,412.9400,405.8626,417.8593,403.5141,400.5892,411.7704,401.6000,408.7129,409.0742,417.2317,420.8205,413.1813,412.1230,414.1805,410.3335,409.2007,405.8604,407.0719,412.3610,413.3165,419.2840,411.8015,417.5172,415.5234,414.7557,410.5651,419.2003,414.4763,405.8235,416.5074,408.5002,420.6972,422.3962,423.4192,424.3873,425.3361,426.2859,425.1047,424.6788,425.4372,426.1877,426.8570,427.5192,428.1810,428.8426,429.5037,430.1644,430.8246,431.4842,432.1433,432.8018,433.4596,434.1166,434.7730,435.4284,436.0831,436.7368,437.3896,438.0415,438.6922,439.3419,439.9905,440.6380,441.2842,441.9292,442.5729,443.2153,443.8563,444.4960,445.1342,445.7709,446.4061,447.0397,447.6718,448.3023,448.9310,449.5507,450.1635,450.7747,451.3841,451.9918,452.5978
45108.4583333,51.2873,548.8650,587.9778,543.3220,584.8434,596.3951,588.9321,589.9215,599.1581,608.8559,605.5804,603.1741,586.8683,593.8246,574.6912,601.1910,613.4703,613.2575,607.6993,603.0010,588.5889,576.0732,554.6244,584.7850,584.0498,606.3208,587.8793,524.8901,590.8682,578.8663,584.5327,567.1323,586.0898,585.9344,563.5880,553.0491,576.1460,586.4026,598.7275,607.0631,564.7642,603.6471,254.0910,596.4061,604.2099,595.0566,602.7744,584.1930,584.9472,584.5237,594.8078,594.4416,597.6301,598.7092,566.4642,591.4450,583.0344,591.5739,606.2914,600.3179,597.6004,599.2035,568.7429,543.2987,566.2471,531.4045,590.5041,590.6184,590.1507,593.3355,590.8845,592.2524,589.2238,598.4283,588.9165,541.8527,542.5945,527.2184,157.5409,156.8199,572.3176,599.5085,612.7990,611.1614,100.4575,598.8652,601.4745,558.9521,558.4103,598.2006,603.2681,575.2524,589.7433,565.6243,598.6990,583.8318,597.3646,607.1084,604.7004,608.7661,611.1100,603.7949,606.3134,599.0047,602.6208,600.5379,595.9040,578.3866,591.7584,604.0611,610.9717,607.1875,605.3862,603.3609,607.1400,605.9147,607.2801,607.8559,604.1609,603.0871,585.4209,611.4475,610.2303,606.3603,599.5959,607.7928,605.4757,607.8802,602.8995,604.9090,602.8486,599.1751,588.8420,584.9114,581.5770,586.8638,586.9551,601.6588,595.9017,579.1974,574.1962,609.2431,610.1031,604.8547,605.9490,537.2706,568.0201,573.4302,603.3060,603.6027,600.6107,584.9651,602.3704,608.2392,608.3943,601.2196,613.3780,598.8378,595.8729,607.2052,596.8977,604.1068,604.4716,612.7390,616.3722,608.6276,607.5547,609.6400,605.7409,604.5926,601.2073,602.4351,607.7961,608.7646,614.8127,607.2290,613.0222,611.0014,610.2224,605.9761,614.7279,609.9362,601.1646,611.9920,603.8724,616.2360,617.9582,618.9951,619.9765,620.9382,621.9010,620.7036,620.2719,621.0407,621.8014,622.4799,623.1511,623.8220,624.4925,625.1626,625.8323,626.5016,627.1702,627.8383,628.5058,629.1725,629.8386,630.5038,631.1683,631.8318,632.4945,633.1562,633.8169,634.4766,635.1352,635.7926,636.4489,637.1040,637.7577,638.4102,639.0614,639.7112,640.3596,641.0065,641.6519,642.2957,642.9380,643.5787,644.2178,644.8552,645.4833,646.1045,646.7240,647.3417,647.9577,648.5719
45108.5000000,53.1664,620.8075,661.3531,615.0591,658.1011,670.0750,662.3381,663.3638,672.9390,682.9924,679.5965,677.1019,660.1980,667.4093,647.5741,675.0456,687.7752,687.5544,681.7921,676.9214,661.9798,649.0039,626.7673,658.0336,657.2703,680.3577,661.2376,595.9352,664.3354,651.8926,657.7668,639.7269,659.3805,659.2190,636.0513,625.1250,649.0696,659.7027,672.4801,681.1220,637.2677,677.5786,645.7717,670.0696,678.1594,668.6696,676.6711,657.4064,658.1883,657.7484,668.4102,668.0306,671.3360,672.4543,639.0230,664.9225,656.2022,665.0564,680.3151,674.1220,671.3046,672.9667,641.3859,615.0060,638.7985,602.6658,663.9405,664.0588,663.5740,666.8759,664.3346,665.7529,662.6123,672.1557,662.2924,613.4956,614.2646,598.3225,188.1541,186.2487,645.0749,673.2679,687.0482,685.3502,615.5758,672.5978,675.3033,631.2135,630.6517,671.9090,677.1634,648.1152,663.1373,638.1293,672.4257,657.0080,671.0394,681.1398,678.6430,682.8587,685.2891,677.7036,680.3150,672.7364,676.4860,674.3263,669.5215,651.3564,665.2219,677.9789,685.1446,681.2202,679.3516,677.2508,681.1686,679.8967,681.3120,681.9082,678.0757,676.9617,658.6428,685.6306,684.3682,680.3550,673.3401,681.8398,679.4370,681.9300,676.7650,678.8484,676.7116,672.9021,662.1868,658.1105,654.6520,660.1345,660.2292,675.4757,669.5055,652.1850,646.9971,683.3396,684.2311,678.7884,679.9229,608.7046,640.5911,646.2001,677.1805,677.4877,674.3849,658.1608,676.2099,682.2956,682.4564,675.0159,687.6240,672.5456,669.4710,681.2226,670.5338,678.0095,678.3876,686.9607,690.7275,682.6961,681.5834,683.7458,679.7024,678.5116,675.0011,676.2744,681.8338,682.8381,689.1099,681.2456,687.2533,685.1576,684.3497,679.9464,689.0219,684.0523,674.9559,686.1835,677.7628,690.5840,692.3700,693.4453,694.4629,695.4603,696.4587,695.2170,694.7693,695.5666,696.3554,697.0590,697.7550,698.4508,699.1461,699.8411,700.5356,701.2296,701.9230,702.6158,703.3079,703.9994,704.6901,705.3800,706.0690,706.7571,707.4443,708.1305,708.8157,709.4998,710.1827,710.8645,711.5451,712.2244,712.9024,713.5790,714.2543,714.9281,715.6005,716.2713,716.9406,717.6083,718.2744,718.9388,719.6015,720.2625,720.9139,721.5581,722.2005,722.8411,723.4799,724.1168
45108.5416667,579.5242,636.0043,677.9045,630.0648,674.5448,686.9191,678.9239,679.9838,689.8788,700.2679,696.7587,694.1808,676.7126,684.1647,663.6673,692.0561,705.2107,704.9826,699.0280,693.9947,678.5546,665.1459,642.1674,674.4777,673.6893,697.5475,677.7900,610.3091,680.9915,668.1336,674.2039,655.5624,675.8716,675.7050,651.7646,640.4740,665.2175,676.2054,689.4090,698.3392,653.0228,694.6783,661.8111,686.9195,695.2793,685.4732,693.7414,673.8345,674.6425,674.1883,685.2057,684.8134,688.2290,689.3848,654.8394,681.6022,672.5913,681.7404,697.5077,691.1082,688.1969,689.9143,657.2809,630.0217,654.6072,617.2737,680.5898,680.7121,680.2111,683.6230,680.9971,682.4626,679.2176,689.0789,678.8875,628.4655,629.2602,225.5804,198.1203,188.1129,661.0994,690.2309,704.4699,702.7154,630.6201,689.5396,692.3351,646.7779,646.1974,688.8278,694.2570,664.2419,679.7651,653.9248,689.3617,673.4317,687.9302,698.3676,695.7877,700.1436,702.6549,694.8173,697.5155,689.6849,693.5592,691.3276,686.3630,667.5942,681.9208,695.1020,702.5059,698.4512,696.5208,694.3503,698.3987,697.0850,698.5475,699.1639,695.2043,694.0535,675.1257,703.0106,701.7064,697.5598,690.3119,699.0942,696.6115,699.1875,693.8510,696.0037,693.7960,689.8600,678.7888,674.5771,671.0041,676.6686,676.7665,692.5198,686.3514,668.4549,663.0953,700.6452,701.5664,695.9430,697.1153,623.5314,656.4771,662.2728,694.2823,694.6000,691.3941,674.6311,693.2797,699.5675,699.7337,692.0462,705.0730,689.4941,686.3174,698.4592,687.4154,695.1394,695.5301,704.3880,708.2801,699.9821,698.8325,701.0667,696.8891,695.6587,692.0316,693.3472,699.0912,700.1288,706.6090,698.4835,704.6906,702.5254,701.6907,697.1411,706.5180,701.3836,691.9853,703.5858,694.8857,708.1326,709.9778,711.0888,712.1403,713.1707,714.2023,712.9194,712.4569,713.2806,714.0956,714.8226,715.5417,716.2605,716.9790,717.6970,718.4145,719.1315,719.8480,720.5638,721.2789,721.9933,722.7070,723.4197,724.1317,724.8426,725.5526,726.2616,726.9695,727.6763,728.3820,729.0864,729.7895,730.4914,731.1919,731.8910,732.5887,733.2849,733.9796,734.6727,735.3642,736.0541,736.7423,737.4287,738.1135,738.7964,739.4694,740.1349,740.7987,741.4606,742.1206,742.7787
45108.5833333,474.2097,535.4315,580.8450,529.0048,577.2160,590.6315,581.9685,583.1171,593.8404,605.0993,601.2972,598.5041,579.5748,587.6510,565.4395,596.2035,610.4590,610.2123,603.7605,598.3068,581.5791,567.0545,542.1591,577.1740,576.3243,602.1790,580.7793,507.6704,584.2516,570.3222,576.8998,556.7058,578.7096,578.5305,552.5964,540.3664,567.1749,579.0799,593.3854,603.0591,553.9726,599.1009,563.5018,590.7048,599.7638,589.1418,598.0981,576.5357,577.4110,576.9224,588.8582,588.4332,592.1343,593.3879,555.9729,584.9605,575.2020,585.1091,602.1872,595.2553,592.1019,593.9621,558.6157,529.0904,555.7187,515.3222,583.8920,584.0252,583.4827,587.1777,584.3344,585.9213,582.4092,593.0885,582.0577,527.4562,528.3169,198.6904,174.1245,495.5322,562.8278,594.3692,609.7861,607.8864,529.8464,593.6341,596.6601,547.3366,546.7081,592.8617,598.7395,566.2416,583.0615,555.0846,593.4402,576.2037,591.9021,603.2128,600.4201,605.1351,607.8537,599.3714,602.2926,593.8167,598.0104,595.5943,590.2198,569.9088,585.4155,599.6825,607.6972,603.3105,601.2241,598.8780,603.2633,601.8474,603.4322,604.1030,599.8215,598.5785,578.0941,608.2741,606.8636,602.3769,594.5356,604.0399,601.3539,604.1430,598.3689,600.6996,598.3118,594.0532,582.0733,577.5176,573.6548,579.7832,579.8887,596.9398,590.2659,570.8935,565.1017,605.7357,606.7337,600.6496,601.9194,522.2967,557.9469,564.2237,598.8611,599.2066,595.7381,577.5997,597.7779,604.5819,604.7621,596.4457,610.5410,593.6856,590.2489,603.3862,591.4367,599.7940,600.2179,609.8023,614.0170,605.0404,603.7968,606.2142,601.6942,600.3631,596.4385,597.8619,604.0766,605.1992,612.2107,603.4191,610.1349,607.7922,606.8898,601.9665,612.1123,606.5601,596.3927,608.9452,599.5353,613.8669,615.8632,617.0652,618.2028,619.3176,620.4336,619.0457,618.5453,619.4365,620.3183,621.1047,621.8828,622.6605,623.4377,624.2146,624.9909,625.7666,626.5417,627.3162,628.0899,628.8628,629.6348,630.4060,631.1762,631.9454,632.7136,633.4806,634.2465,635.0112,635.7746,636.5367,637.2974,638.0568,638.8146,639.5710,640.3258,641.0790,641.8306,642.5805,643.3286,644.0750,644.8196,645.5622,646.3030,647.0419,647.7700,648.4900,649.2081,649.9242,650.6383,651.3503
45108.6250000,502.2309,556.4837,596.7306,550.7810,593.5064,605.3934,597.7142,598.7323,608.2366,618.2155,614.8451,612.3691,595.5909,602.7488,583.0611,610.3287,622.9639,622.7449,617.0257,612.1914,597.3620,584.4843,562.4145,593.4491,592.6930,615.6092,596.6344,82.8514,599.7102,587.3610,593.1915,575.2877,594.7940,594.6342,571.6412,560.7975,584.5630,595.1165,607.7983,616.3750,572.8526,612.8608,581.2953,605.4112,613.4409,604.0230,611.9639,592.8452,593.6212,593.1857,603.7675,603.3907,606.6715,607.7819,574.6048,600.3079,591.6542,600.4404,615.5835,609.4372,606.6412,608.2906,576.9492,550.7694,574.3812,538.5350,599.3423,599.4599,598.9788,602.2555,599.7337,601.1412,598.0252,607.4957,597.7096,174.0849,550.0495,185.7056,163.5038,520.9614,580.6342,608.6100,622.2841,620.5993,551.3684,607.9493,610.6338,566.8843,566.3268,607.2654,612.4791,583.6547,598.5651,573.7500,607.7782,592.4828,606.4063,616.4321,613.9547,618.1376,620.5492,613.0233,615.6144,608.0950,611.8154,609.6723,604.9048,586.8828,600.6400,613.2974,620.4073,616.5142,614.6612,612.5778,616.4661,615.2061,616.6109,617.2037,613.4024,612.2980,594.1229,620.8994,619.6473,615.6658,608.7068,617.1398,614.7560,617.2299,612.1059,614.1732,612.0537,608.2744,597.6438,593.6001,590.1701,595.6090,595.7028,610.8304,604.9076,587.7217,582.5772,618.6333,619.5181,614.1188,615.2447,544.5891,576.2239,581.7902,612.5262,612.8316,609.7535,593.6576,611.5639,617.6015,617.7612,610.3801,622.8884,607.9298,604.8797,616.5382,605.9340,613.3505,613.7259,622.2312,625.9693,618.0020,616.8982,619.0436,615.0322,613.8509,610.3681,611.6313,617.1466,618.1429,624.3651,616.5631,622.5231,620.4441,619.6428,615.2741,624.2778,619.3486,610.3247,621.4637,613.1107,625.8300,627.6018,628.6685,629.6781,630.6675,631.6580,630.4262,629.9820,630.7729,631.5555,632.2535,632.9440,633.6342,634.3240,635.0135,635.7024,636.3909,637.0788,637.7661,638.4528,639.1387,639.8239,640.5083,641.1919,641.8745,642.5563,643.2370,643.9167,644.5954,645.2729,645.9493,646.6244,647.2983,647.9709,648.6422,649.3121,649.9806,650.6476,651.3131,651.9771,652.6395,653.3003,653.9594,654.6168,655.2725,655.9187,656.5578,657.1951,657.8306,658.4643,659.0962
45108.6666667,52.1955,382.8632,422.6692,377.2341,419.4930,431.2535,423.6611,424.6678,434.0665,443.9347,440.6026,438.1547,421.5641,428.6428,409.1757,436.1391,448.6335,448.4175,442.7632,437.9836,423.3240,410.5960,388.7784,419.4680,418.7252,441.3859,422.6340,81.9051,425.6785,413.4716,419.2363,401.5399,420.8235,420.6671,397.9405,387.2235,410.7180,421.1514,433.6884,442.1657,399.1516,438.7000,407.5058,431.3457,439.2854,429.9774,437.8258,418.9311,419.6982,419.2713,429.7313,429.3588,432.6026,433.7018,400.9170,426.3178,417.7674,426.4477,441.4127,435.3384,432.5751,434.2052,403.2321,377.3600,400.6931,365.3106,425.3924,425.5094,425.0340,428.2716,425.7805,427.1709,424.0944,433.4516,423.7887,375.9478,150.9484,131.9326,203.0289,347.9842,406.9523,434.5865,448.0937,446.4292,378.0640,433.9476,436.5984,393.3859,392.8353,433.2702,438.4197,409.9476,424.6888,400.1780,433.7773,418.6802,432.4342,442.3475,439.9010,444.0315,446.4132,438.9831,441.5422,434.1173,437.7910,435.6744,430.9660,413.1750,426.7588,439.2567,446.2779,442.4359,440.6094,438.5554,442.3983,441.1602,442.5493,443.1383,439.3893,438.3015,420.3581,446.7951,445.5598,441.6300,434.7625,443.0877,440.7352,443.1788,438.1216,440.1634,438.0725,434.3425,423.8495,419.8598,416.4777,421.8452,421.9374,436.8741,431.0289,414.0581,408.9879,444.5798,445.4544,440.1257,441.2384,371.4979,402.7238,408.2236,438.5624,438.8657,435.8279,419.9408,437.6143,443.5740,443.7320,436.4485,448.7941,434.0315,431.0216,442.5280,432.0618,439.3816,439.7533,448.1481,451.8409,443.9793,442.8902,445.0076,441.0487,439.8829,436.4454,437.6921,443.1352,444.1184,450.2595,442.5593,448.4414,446.3895,445.5994,441.2870,450.1734,445.3117,436.4070,447.4016,439.1611,451.7131,453.4615,454.5143,455.5105,456.4869,457.4644,456.2488,455.8105,456.5911,457.3634,458.0522,458.7336,459.4147,460.0955,460.7758,461.4557,462.1352,462.8140,463.4923,464.1699,464.8468,465.5230,466.1984,466.8730,467.5467,468.2195,468.8913,469.5621,470.2318,470.9004,471.5679,472.2341,472.8992,473.5629,474.2254,474.8865,475.5462,476.2044,476.8612,477.5164,478.1701,478.8222,479.4727,480.1215,480.7686,481.4063,482.0369,482.6658,483.2930,483.9184,484.5420
45108.7083333,43.1223,229.5257,262.4124,224.8809,259.7949,269.5130,263.2416,264.0732,271.8374,279.9894,277.2373,275.2154,261.5108,267.3585,251.2779,273.5515,283.8727,283.6945,279.0243,275.0764,262.9689,252.4580,234.4385,259.7905,259.1793,277.8982,262.4140,67.6459,264.9304,254.8493,259.6109,244.9968,260.9233,260.7949,242.0268,233.1771,252.5816,261.1988,271.5531,278.5537,243.0342,275.6956,249.9380,269.6269,276.1851,268.4990,274.9799,259.3779,260.0114,259.6606,268.2989,267.9914,270.6706,271.5791,244.5094,265.4832,258.4238,265.5899,277.9467,272.9308,270.6491,271.9951,246.4201,225.0573,244.3232,215.1296,264.7338,264.8308,264.4383,267.1113,265.0548,266.2027,263.6638,271.3890,263.4146,109.6753,100.8674,91.7769,78.1597,200.8448,249.5327,272.3432,283.4927,282.1187,225.6975,271.8227,274.0104,238.3425,237.8880,271.2627,275.5130,252.0112,264.1857,243.9542,271.6815,259.2258,270.5791,278.7668,276.7477,280.1565,282.1222,275.9911,278.1033,271.9760,275.0077,273.2607,269.3747,254.6951,265.9049,276.2184,282.0129,278.8434,277.3378,275.6444,278.8173,277.7988,278.9459,279.4339,276.3423,275.4461,260.6404,282.4553,281.4366,278.1944,272.5292,279.3984,277.4578,279.4747,275.3026,276.9878,275.2633,272.1861,263.5291,260.2384,257.4499,261.8776,261.9535,274.2792,269.4571,255.4521,251.2731,280.6384,281.3606,276.9647,277.8834,79.2031,246.1087,250.6490,275.6793,275.9305,273.4245,260.3177,274.8981,279.8149,279.9455,273.9375,284.1225,271.9443,269.4614,278.9538,270.3194,276.3580,276.6652,283.5907,286.6389,280.1543,279.2560,281.0028,277.7369,276.7753,273.9394,274.9679,279.4580,280.2692,285.3353,278.9830,283.8353,282.1427,281.4913,277.9333,285.2642,281.2551,273.9100,282.9804,276.1842,286.5383,287.9806,288.8490,289.6708,290.4762,291.2825,290.2798,289.9183,290.5621,291.1992,291.7674,292.3295,292.8914,293.4529,294.0142,294.5750,295.1355,295.6955,296.2550,296.8139,297.3723,297.9301,298.4873,299.0437,299.5995,300.1544,300.7086,301.2619,301.8144,302.3659,302.9165,303.4661,304.0147,304.5623,305.1087,305.6540,306.1982,306.7412,307.2830,307.8235,308.3627,308.9006,309.4372,309.9724,310.5062,311.0322,311.5524,312.0712,312.5886,313.1044,313.6188
45108.7500000,27.2735,100.5132,121.3130,52.4024,119.6613,125.8086,121.8431,122.3690,127.2790,132.4344,130.6942,129.4157,75.5922,124.4475,114.2787,128.3640,134.8910,134.7785,131.8254,129.3291,121.6739,115.0289,58.4994,119.6679,74.1581,131.1199,76.2221,42.7695,122.9238,116.5504,119.5612,65.2226,120.3918,120.3111,108.4461,102.8517,115.1204,120.5687,127.1152,131.5408,109.0872,129.7362,113.4544,125.9023,130.0490,125.1904,129.2873,119.4249,119.8254,119.6046,125.0658,124.8713,126.5653,127.1401,82.1440,123.2875,118.8258,123.3546,131.1654,127.9947,126.5525,127.4032,111.2373,52.6896,109.9114,46.4648,122.8223,122.8838,122.6357,124.3251,123.0255,123.7509,122.1470,127.0294,121.9913,52.0381,52.4319,52.8533,36.8678,48.6821,73.8958,127.6422,134.6874,133.8191,98.1737,127.3172,128.6993,106.1624,105.8752,126.9629,129.6484,114.7982,122.4948,109.7114,127.2276,119.3606,126.5345,131.7109,130.4353,132.5888,133.8306,129.9578,131.2923,127.4215,129.3367,128.2329,125.7778,116.5057,123.5870,130.1022,133.7629,131.7613,130.8111,129.7422,131.7476,131.1059,131.8311,132.1404,130.1887,129.6233,120.2716,134.0511,133.4079,131.3603,127.7828,132.1215,130.8960,132.1703,129.5355,130.6001,129.5114,127.5681,122.1007,120.0229,118.2629,121.0589,121.1067,128.8924,125.8473,117.0003,114.3634,132.9097,133.3661,130.5901,131.1707,50.0201,111.1039,113.9731,129.7808,129.9400,128.3575,120.0802,129.2879,132.3931,132.4757,128.6820,135.1140,127.4237,125.8559,131.8503,126.3976,130.2110,130.4053,134.7789,136.7048,132.6103,132.0431,133.1461,131.0838,130.4766,128.6857,129.3352,132.1706,132.6828,135.8820,131.8706,134.9348,133.8659,133.4548,131.2077,135.8372,133.3064,128.6685,134.3965,130.1058,136.6438,137.5546,138.1029,138.6219,139.1304,139.6396,139.0064,138.7781,139.1847,139.5870,139.9457,140.3007,140.6555,141.0101,141.3645,141.7186,142.0725,142.4261,142.7794,143.1324,143.4850,143.8372,144.1890,144.5404,144.8913,145.2417,145.5916,145.9410,146.2899,146.6381,146.9858,147.3328,147.6793,148.0250,148.3701,148.7144,149.0580,149.4009,149.7430,150.0843,150.4248,150.7644,151.1032,151.4412,151.7782,152.1104,152.4389,152.7665,153.0932,153.4189,153.7437
45108.7916667,18.8642,61.3909,61.6860,36.2447,74.6352,78.8871,76.1443,62.8757,79.9041,83.4698,82.2662,81.3819,52.2835,54.8420,70.9124,80.6546,85.1690,85.0911,83.0487,81.3221,76.0274,48.3382,40.4607,51.5531,51.2905,82.5608,52.7175,29.5807,76.8922,49.4146,74.5665,45.1096,52.0747,52.0201,43.8159,39.9480,48.4351,75.2634,79.7911,82.8520,44.2690,81.6039,70.3433,78.9524,81.8203,78.4600,81.2935,74.4726,74.7496,74.5969,78.3739,78.2394,79.4110,79.8085,44.9453,77.1441,74.0584,77.1905,82.5924,57.3684,56.3708,56.9592,45.7789,36.4401,67.8932,32.1343,76.8226,76.8651,76.6936,77.8619,62.1251,77.4648,76.3556,56.7288,53.2496,35.9883,36.2607,30.6206,23.6634,25.9201,47.2150,57.1829,85.0283,84.4279,36.8167,79.9315,80.8873,42.3392,65.1033,79.6864,81.5436,71.2739,76.5966,44.8014,79.8695,59.0880,67.6311,82.9700,82.0879,83.5771,84.4359,81.7577,82.6806,80.0038,81.3282,80.5649,55.9279,49.5206,54.4166,58.9210,84.3891,83.0049,82.3478,81.6087,82.9955,82.5517,83.0532,83.2671,81.9175,81.5266,60.9201,84.5885,84.1437,82.7277,80.2539,83.2541,82.4067,83.2879,81.4659,82.2021,81.4492,80.1054,76.3247,74.8879,50.7806,52.7130,75.6374,81.0212,78.9156,72.7978,48.0883,83.7992,84.1148,82.1952,82.5967,34.5885,45.8396,47.8278,68.7406,81.7457,80.6514,74.9278,81.2948,83.4420,83.4991,80.8759,85.3234,80.0058,78.9216,83.0667,79.2962,81.9331,82.0675,85.0917,86.4235,83.5922,83.2000,83.9627,82.5367,82.1168,80.8785,81.3276,83.2882,83.6424,85.8546,83.0808,85.1995,84.4605,84.1761,82.6224,85.8235,84.0735,80.8666,84.8274,81.8605,86.3813,87.0111,87.3902,87.7491,88.1007,88.4528,88.0150,87.8571,88.1383,88.4164,88.6645,88.9099,89.1553,89.4005,89.6455,89.8904,90.1351,90.3796,90.6239,90.8680,91.1118,91.3553,91.5986,91.8416,92.0842,92.3265,92.5685,92.8101,93.0513,93.2921,93.5325,93.7725,94.0120,94.2511,94.4897,94.7278,94.9654,95.2025,95.4390,95.6750,95.9105,96.1454,96.3796,96.6133,96.8464,97.0761,97.3032,97.5297,97.7556,97.9809,98.2055
45108.8333333,5.8846,11.9367,16.4246,11.3051,16.0697,17.3964,16.5412,16.6546,17.7138,19.8559,19.4805,18.1749,16.3055,17.1033,14.9100,17.9482,19.3562,19.3319,18.6951,18.1567,16.5060,15.0734,12.6166,16.0748,15.9923,18.5455,16.4356,9.2221,16.7793,15.4052,16.0545,14.0627,16.2339,16.2167,13.6589,12.4530,15.0983,16.2731,17.6847,18.6387,13.7987,18.2505,14.7413,17.4251,18.3193,18.2964,19.1795,17.0537,16.1158,16.3397,17.2459,17.2040,17.5693,17.9916,14.0060,16.8633,15.9019,16.8776,18.5610,17.8776,17.5668,17.7501,14.2660,11.3558,13.9802,10.0114,17.7878,17.8010,16.7262,17.0902,16.8103,16.9666,16.6212,17.6731,16.5884,11.2111,11.2959,9.5389,7.3714,8.0736,14.7046,17.8090,20.3449,19.1393,11.4646,17.7405,18.0381,13.1846,13.1228,17.6640,18.2423,15.0440,16.7031,13.9502,17.7211,16.0281,17.5732,19.7048,19.4302,19.1684,19.1454,18.3118,18.5991,17.7659,18.1782,17.9405,17.4119,15.4164,16.9407,18.3432,19.1313,18.7007,19.5114,18.2667,18.9245,18.5613,18.7176,19.7981,18.3650,18.2436,16.2310,19.1967,19.0584,19.6305,18.8607,18.7819,18.5182,18.7926,18.2258,18.4550,18.2208,17.8027,16.6264,16.1795,15.8012,16.4027,16.4130,18.0886,17.4336,15.5292,14.9628,19.9644,20.0626,18.8976,18.7883,10.7618,14.2624,14.8803,18.2814,18.3158,17.9754,16.1947,18.1755,18.8436,18.8614,18.0455,20.4390,18.7847,17.4377,19.7369,17.5542,19.3843,19.4261,20.3669,20.7813,19.9006,19.7786,20.0158,18.5631,18.4325,18.0472,18.1869,18.7968,18.9070,19.5952,18.7323,19.3914,19.1615,19.0731,18.5897,19.5856,19.0415,18.0440,19.2762,18.3537,19.7599,19.9558,20.0737,20.1853,20.2947,20.4042,20.2680,20.2189,20.3064,20.3929,20.4701,20.5464,20.6227,20.6990,20.7752,20.8514,20.9275,21.0036,21.0796,21.1555,21.2313,21.3071,21.3827,21.4583,21.5338,21.6092,21.6844,21.7596,21.8346,21.9095,21.9843,22.0589,22.1334,22.2078,22.2820,22.3561,22.4300,22.5037,22.5773,22.6507,22.7240,22.7970,22.8699,22.9426,23.0151,23.0865,23.1572,23.2276,23.2979,23.3680,23.4378
45108.8750000,0.0000,0.0000,0.0000,0.0000,0.0000,0.0000,0.0000,0.0000,0.0000,0.0000,0.0000,0.0000,0.0000,0.0000,0.0000,0.0000,0.0000,0.0000,0.0000,0.0000,0.0000,0.0000,0.0000,0.0000,0.0000,0.0000,0.0000,0.0000,0.0000,0.0000,0.0000,0.0000,0.0000,0.0000,0.0000,0.0000,0.0000,0.0000,0.0000,0.0000,0.0000,0.0000,0.0000,0.0000,0.0000,0.0000,0.0000,0.0000,0.0000,0.0000,0.0000,0.0000,0.0000,0.0000,0.0000,0.0000,0.0000,0.0000,0.0000,0.0000,0.0000,0.0000,0.0000,0.0000,0.0000,0.0000,0.0000,0.0000,0.0000,0.0000,0.0000,0.0000,0.0000,0.0000,0.0000,0.0000,0.0000,0.0000,0.0000,0.0000,0.0000,0.0000,0.0000,0.0000,0.0000,0.0000,0.0000,0.0000,0.0000,0.0000,0.0000,0.0000,0.0000,0.0000,0.0000,0.0000,0.0000,0.0000,0.0000,0.0000,0.0000,0.0000,0.0000,0.0000,0.0000,0.0000,0.0000,0.0000,0.0000,0.0000,0.0000,0.0000,0.0000,0.0000,0.0000,0.0000,0.0000,0.0000,0.0000,0.0000,0.0000,0.0000,0.0000,0.0000,0.0000,0.0000,0.0000,0.0000,0.0000,0.0000,0.0000,0.0000,0.0000,0.0000,0.0000,0.0000,0.0000,0.0000,0.0000,0.0000,0.0000,0.0000,0.0000,0.0000,0.0000,0.0000,0.0000,0.0000,0.0000,0.0000,0.0000,0.0000,0.0000,0.0000,0.0000,0.0000,0.0000,0.0000,0.0000,0.0000,0.0000,0.0000,0.0000,0.0000,0.0000,0.0000,0.0000,0.0000,0.0000,0.0000,0.0000,0.0000,0.0000,0.0000,0.0000,0.0000,0.0000,0.0000,0.0000,0.0000,0.0000,0.0000,0.0000,0.0000,0.0000,0.0000,0.0000,0.0000,0.0000,0.0000,0.0000,0.0000,0.0000,0.0000,0.0000,0.0000,0.0000,0.0000,0.0000,0.0000,0.0000,0.0000,0.0000,0.0000,0.0000,0.0000,0.0000,0.0000,0.0000,0.0000,0.0000,0.0000,0.0000,0.0000,0.0000,0.0000,0.0000,0.0000,0.0000,0.0000,0.0000,0.0000,0.0000,0.0000,0.0000,0.0000,0.0000,0.0000,0.0000,0.0000,0.0000,0.0000,0.0000,0.0000,0.0000,0.0000
45108.9166667,0.0000,0.0000,0.0000,0.0000,0.0000,0.0000,0.0000,0.0000,0.0000,0.0000,0.0000,0.0000,0.0000,0.0000,0.0000,0.0000,0.0000,0.0000,0.0000,0.0000,0.0000,0.0000,0.0000,0.0000,0.0000,0.0000,0.0000,0.0000,0.0000,0.0000,0.0000,0.0000,0.0000,0.0000,0.0000,0.0000,0.0000,0.0000,0.0000,0.0000,0.0000,0.0000,0.0000,0.0000,0.0000,0.0000,0.0000,0.0000,0.0000,0.0000,0.0000,0.0000,0.0000,0.0000,0.0000,0.0000,0.0000,0.0000,0.0000,0.0000,0.0000,0.0000,0.0000,0.0000,0.0000,0.0000,0.0000,0.0000,0.0000,0.0000,0.0000,0.0000,0.0000,0.0000,0.0000,0.0000,0.0000,0.0000,0.0000,0.0000,0.0000,0.0000,0.0000,0.0000,0.0000,0.0000,0.0000,0.0000,0.0000,0.0000,0.0000,0.0000,0.0000,0.0000,0.0000,0.0000,0.0000,0.0000,0.0000,0.0000,0.0000,0.0000,0.0000,0.0000,0.0000,0.0000,0.0000,0.0000,0.0000,0.0000,0.0000,0.0000,0.0000,0.0000,0.0000,0.0000,0.0000,0.0000,0.0000,0.0000,0.0000,0.0000,0.0000,0.0000,0.0000,0.0000,0.0000,0.0000,0.0000,0.0000,0.0000,0.0000,0.0000,0.0000,0.0000,0.0000,0.0000,0.0000,0.0000,0.0000,0.0000,0.0000,0.0000,0.0000,0.0000,0.0000,0.0000,0.0000,0.0000,0.0000,0.0000,0.0000,0.0000,0.0000,0.0000,0.0000,0.0000,0.0000,0.0000,0.0000,0.0000,0.0000,0.0000,0.0000,0.0000,0.0000,0.0000,0.0000,0.0000,0.0000,0.0000,0.0000,0.0000,0.0000,0.0000,0.0000,0.0000,0.0000,0.0000,0.0000,0.0000,0.0000,0.0000,0.0000,0.0000,0.0000,0.0000,0.0000,0.0000,0.0000,0.0000,0.0000,0.0000,0.0000,0.0000,0.0000,0.0000,0.0000,0.0000,0.0000,0.0000,0.0000,0.0000,0.0000,0.0000,0.0000,0.0000,0.0000,0.0000,0.0000,0.0000,0.0000,0.0000,0.0000,0.0000,0.0000,0.0000,0.0000,0.0000,0.0000,0.0000,0.0000,0.0000,0.0000,0.0000,0.0000,0.0000,0.0000,0.0000,0.0000,0.0000,0.0000,0.0000,0.0000,0.0000,0.0000
45108.9583333,0.0000,0.0000,0.0000,0.0000,0.0000,0.0000,0.0000,0.0000,0.0000,0.0000,0.0000,0.0000,0.0000,0.0000,0.0000,0.0000,0.0000,0.0000,0.0000,0.0000,0.0000,0.0000,0.0000,0.0000,0.0000,0.0000,0.0000,0.0000,0.0000,0.0000,0.0000,0.0000,0.0000,0.0000,0.0000,0.0000,0.0000,0.0000,0.0000,0.0000,0.0000,0.0000,0.0000,0.0000,0.0000,0.0000,0.0000,0.0000,0.0000,0.0000,0.0000,0.0000,0.0000,0.0000,0.0000,0.0000,0.0000,0.0000,0.0000,0.0000,0.0000,0.0000,0.0000,0.0000,0.0000,0.0000,0.0000,0.0000,0.0000,0.0000,0.0000,0.0000,0.0000,0.0000,0.0000,0.0000,0.0000,0.0000,0.0000,0.0000,0.0000,0.0000,0.0000,0.0000,0.0000,0.0000,0.0000,0.0000,0.0000,0.0000,0.0000,0.0000,0.0000,0.0000,0.0000,0.0000,0.0000,0.0000,0.0000,0.0000,0.0000,0.0000,0.0000,0.0000,0.0000,0.0000,0.0000,0.0000,0.0000,0.0000,0.0000,0.0000,0.0000,0.0000,0.0000,0.0000,0.0000,0.0000,0.0000,0.0000,0.0000,0.0000,0.0000,0.0000,0.0000,0.0000,0.0000,0.0000,0.0000,0.0000,0.0000,0.0000,0.0000,0.0000,0.0000,0.0000,0.0000,0.0000,0.0000,0.0000,0.0000,0.0000,0.0000,0.0000,0.0000,0.0000,0.0000,0.0000,0.0000,0.0000,0.0000,0.0000,0.0000,0.0000,0.0000,0.0000,0.0000,0.0000,0.0000,0.0000,0.0000,0.0000,0.0000,0.0000,0.0000,0.0000,0.0000,0.0000,0.0000,0.0000,0.0000,0.0000,0.0000,0.0000,0.0000,0.0000,0.0000,0.0000,0.0000,0.0000,0.0000,0.0000,0.0000,0.0000,0.0000,0.0000,0.0000,0.0000,0.0000,0.0000,0.0000,0.0000,0.0000,0.0000,0.0000,0.0000,0.0000,0.0000,0.0000,0.0000,0.0000,0.0000,0.0000,0.0000,0.0000,0.0000,0.0000,0.0000,0.0000,0.0000,0.0000,0.0000,0.0000,0.0000,0.0000,0.0000,0.0000,0.0000,0.0000,0.0000,0.0000,0.0000,0.0000,0.0000,0.0000,0.0000,0.0000,0.0000,0.0000,0.0000,0.0000,0.0000,0.0000,0.0000,0.0000,0.0000
