File Created:,Sun Jul 28 15:05:28 2024
Heat Source Version:,9.0.0b26
Simulation Name:,WFK23
User Text:,Westfork Kickapoo
Output:,Stream Temperature (Celsius)
""
Datetime,23.500,23.400,23.300,23.200,23.100,23.000,22.900,22.800,22.700,22.600,22.500,22.400,22.300,22.200,22.100,22.000,21.900,21.800,21.700,21.600,21.500,21.400,21.300,21.200,21.100,21.000,20.900,20.800,20.700,20.600,20.500,20.400,20.300,20.200,20.100,20.000,19.900,19.800,19.700,19.600,19.500,19.400,19.300,19.200,19.100,19.000,18.900,18.800,18.700,18.600,18.500,18.400,18.300,18.200,18.100,18.000,17.900,17.800,17.700,17.600,17.500,17.400,17.300,17.200,17.100,17.000,16.900,16.800,16.700,16.600,16.500,16.400,16.300,16.200,16.100,16.000,15.900,15.800,15.700,15.600,15.500,15.400,15.300,15.200,15.100,15.000,14.900,14.800,14.700,14.600,14.500,14.400,14.300,14.200,14.100,14.000,13.900,13.800,13.700,13.600,13.500,13.400,13.300,13.200,13.100,13.000,12.900,12.800,12.700,12.600,12.500,12.400,12.300,12.200,12.100,12.000,11.900,11.800,11.700,11.600,11.500,11.400,11.300,11.200,11.100,11.000,10.900,10.800,10.700,10.600,10.500,10.400,10.300,10.200,10.100,10.000,9.900,9.800,9.700,9.600,9.500,9.400,9.300,9.200,9.100,9.000,8.900,8.800,8.700,8.600,8.500,8.400,8.300,8.200,8.100,8.000,7.900,7.800,7.700,7.600,7.500,7.400,7.300,7.200,7.100,7.000,6.900,6.800,6.700,6.600,6.500,6.400,6.300,6.200,6.100,6.000,5.900,5.800,5.700,5.600,5.500,5.400,5.300,5.200,5.100,5.000,4.900,4.800,4.700,4.600,4.500,4.400,4.300,4.200,4.100,4.000,3.900,3.800,3.700,3.600,3.500,3.400,3.300,3.200,3.100,3.000,2.900,2.800,2.700,2.600,2.500,2.400,2.300,2.200,2.100,2.000,1.900,1.800,1.700,1.600,1.500,1.400,1.300,1.200,1.100,1.000,0.900,0.800,0.700,0.600,0.500,0.400,0.300,0.200,0.100,0.000
45108.0000000,20.8170,20.8091,20.8121,20.8108,20.8063,20.8090,20.8095,20.7518,20.8095,20.8102,20.8102,20.8127,20.8152,20.7747,20.8113,20.8141,20.8139,20.8125,20.8146,20.8152,20.8128,20.8109,20.8115,20.8131,20.8138,20.8118,20.8122,20.8154,20.8100,20.8151,20.8145,20.8142,20.8139,20.8127,20.8131,20.8135,20.8125,20.8132,20.8153,20.7838,20.8112,20.8123,20.8115,20.8113,20.8086,20.8138,20.8155,20.7729,20.8141,20.8137,20.8025,20.8132,20.8114,20.8096,20.8137,20.8143,20.8145,20.8138,20.8036,20.8120,20.8129,20.8125,20.8140,20.8140,20.8144,20.8144,20.8140,20.8063,20.8166,20.8159,20.8146,20.8138,20.8143,20.8156,20.8137,20.8122,20.8150,20.7819,20.8097,20.8005,20.8015,20.8020,20.8109,20.7901,20.8095,20.8093,20.8102,20.8112,20.8112,20.8125,20.8147,20.7887,20.8067,20.8121,20.8146,20.8128,20.8131,20.8089,20.8119,20.8130,20.8134,20.8324,20.7048,20.8055,20.8113,20.8120,20.8167,20.7730,20.8145,20.8140,20.8148,20.8159,20.8006,20.8133,20.8127,20.8115,20.8136,20.8134,20.8123,20.8135,20.8160,20.8148,20.8095,20.8143,20.8136,20.8145,20.8146,20.8110,20.8142,20.8149,20.8151,20.8153,20.8151,20.8149,20.8066,20.8145,20.8149,20.8142,20.8122,20.8151,20.8153,20.8143,20.8150,20.8149,20.8131,20.8158,20.8154,20.8098,20.8135,20.8142,20.8148,20.8161,20.8159,20.8158,20.8149,20.8135,20.8101,20.8211,20.7684,20.8127,20.8178,20.8195,20.7606,20.7969,20.7994,20.8068,20.8122,20.8125,20.8152,20.8149,20.8169,20.7854,20.8135,20.8151,20.8141,20.8138,20.8145,20.8143,20.8148,20.8123,20.8122,20.8135,20.8127,20.8083,20.8122,20.8127,20.8130,20.8134,20.8131,20.8131,20.8130,20.8130,20.8130,20.8131,20.8134,20.8134,20.8130,20.8130,20.8133,20.8131,20.8130,20.8130,20.8129,20.8129,20.8130,20.8133,20.8133,20.8130,20.8129,20.8133,20.8130,20.8129,20.8129,20.8129,20.8129,20.8129,20.8132,20.8131,20.8129,20.8128,20.8132,20.8129,20.8128,20.8128,20.8128,20.8128,20.8128,20.8131,20.8130,20.8128,20.8128,20.8131,20.8129,20.8128,20.8127,20.8127
45108.0416667,20.4840,20.4639,20.4653,20.4579,20.4339,20.4231,20.3594,19.6958,19.7237,19.7365,19.7601,19.8129,19.8984,19.6229,19.7525,19.9123,20.0758,20.1987,20.2978,20.4110,20.4570,20.4701,20.4803,20.4981,20.5137,20.5058,20.5025,20.5294,20.4879,20.5212,20.5480,20.5654,20.5754,20.5631,20.5578,20.5553,20.5413,20.5391,20.5561,20.2448,20.2495,20.2533,20.2548,20.2640,20.3095,20.3938,20.4493,20.1206,20.1942,20.2151,20.1658,20.2093,20.2344,20.2461,20.2815,20.3612,20.4284,20.4584,20.4060,20.4214,20.4361,20.4433,20.4648,20.4856,20.5071,20.5305,20.5499,20.4395,20.6377,20.6843,20.6801,20.6649,20.6598,20.6717,20.6648,20.6363,20.6248,20.4446,20.4284,20.3779,20.3407,20.3071,20.2972,20.2044,20.2075,20.1947,20.1971,20.2066,20.2220,20.2401,20.2610,20.1976,20.2315,20.2772,20.3224,20.3510,20.3770,20.3805,20.3978,20.4173,20.4380,20.4579,19.6470,19.6802,19.7169,19.7652,19.8251,19.6436,19.8271,20.0456,20.2221,20.3861,20.3462,20.3904,20.4187,20.4312,20.4572,20.4731,20.4791,20.4951,20.5381,20.5564,20.5233,20.5416,20.5528,20.5721,20.5849,20.5619,20.5699,20.5808,20.5928,20.6090,20.6216,20.6283,20.5773,20.5874,20.5961,20.5945,20.5757,20.5905,20.6061,20.6107,20.6210,20.6285,20.6208,20.6380,20.6472,20.6224,20.6192,20.6189,20.6245,20.6533,20.6753,20.6916,20.6908,20.6815,20.6545,20.6474,20.4436,20.4492,20.4427,20.3874,20.1943,20.1974,20.1887,20.2043,20.2365,20.2727,20.3490,20.4196,20.4881,20.1708,20.2393,20.3057,20.3529,20.3844,20.4178,20.4487,20.4789,20.4887,20.4994,20.5123,20.5189,20.5104,20.5167,20.5225,20.5280,20.5331,20.5353,20.5361,20.5360,20.5356,20.5352,20.5357,20.5376,20.5388,20.5387,20.5391,20.5410,20.5413,20.5414,20.5412,20.5410,20.5408,20.5412,20.5427,20.5433,20.5424,20.5418,20.5426,20.5417,20.5406,20.5394,20.5383,20.5373,20.5369,20.5377,20.5378,20.5368,20.5361,20.5368,20.5359,20.5348,20.5336,20.5326,20.5316,20.5312,20.5317,20.5315,20.5306,20.5299,20.5307,20.5299,20.5288,20.5277,20.5265
45108.0833333,20.1500,20.1367,20.1434,20.1420,20.1250,20.1185,20.0604,19.4074,19.4249,19.4283,19.4338,19.4522,19.4848,19.1191,19.1615,19.2259,19.3089,19.3878,19.4730,19.5994,19.6828,19.7352,19.7934,19.8696,19.9461,20.0132,20.0583,20.1355,20.1443,20.2084,20.2574,20.2875,20.3093,20.3067,20.3105,20.3157,20.3081,20.3099,20.3280,20.0158,20.0163,20.0148,20.0100,20.0072,20.0164,20.0501,20.0779,19.7481,19.8033,19.8204,19.7695,19.8015,19.8118,19.8118,19.8357,19.8942,19.9485,19.9786,19.9376,19.9635,19.9927,20.0169,20.0591,20.1013,20.1401,20.1803,20.2205,20.1338,20.3843,20.4621,20.4776,20.4799,20.4899,20.5208,20.5176,20.4947,20.4861,20.3088,20.2918,20.2396,20.2004,20.1638,20.1501,20.0511,20.0466,20.0221,20.0057,19.9944,19.9864,19.9827,19.9727,19.8806,19.8833,19.8970,19.9172,19.9260,19.9388,19.9406,19.9527,19.9683,19.9874,20.0090,19.2891,19.3192,19.3461,19.3766,19.4105,19.1836,19.2712,19.3811,19.4839,19.6146,19.5847,19.6374,19.6846,19.7183,19.7806,19.8378,19.8905,19.9591,20.0641,20.1257,20.1339,20.1878,20.2286,20.2794,20.3140,20.3054,20.3229,20.3405,20.3582,20.3799,20.3972,20.4084,20.3640,20.3795,20.3932,20.3959,20.3797,20.3951,20.4101,20.4141,20.4236,20.4305,20.4238,20.4419,20.4537,20.4329,20.4336,20.4371,20.4476,20.4812,20.5069,20.5278,20.5298,20.5234,20.5001,20.4957,20.2866,20.2934,20.2851,20.2245,20.0300,20.0265,20.0103,20.0129,20.0244,20.0347,20.0689,20.1005,20.1379,19.8032,19.8530,19.9064,19.9450,19.9733,20.0037,20.0323,20.0610,20.0740,20.0876,20.1030,20.1135,20.1110,20.1222,20.1363,20.1514,20.1674,20.1815,20.1949,20.2076,20.2197,20.2313,20.2431,20.2552,20.2655,20.2734,20.2806,20.2882,20.2933,20.2972,20.3002,20.3026,20.3044,20.3064,20.3092,20.3109,20.3109,20.3110,20.3124,20.3121,20.3114,20.3106,20.3098,20.3091,20.3089,20.3099,20.3101,20.3092,20.3084,20.3090,20.3081,20.3067,20.3053,20.3039,20.3026,20.3018,20.3019,20.3014,20.3000,20.2990,20.2993,20.2981,20.2966,20.2951,20.2937
45108.1250000,19.8410,19.8290,19.8359,19.8356,19.8206,19.8151,19.7605,19.1198,19.1384,19.1420,19.1483,19.1672,19.1988,18.7991,18.8345,18.8825,18.9326,18.9672,19.0131,19.0807,19.1233,19.1462,19.1739,19.2239,19.2820,19.3450,19.3946,19.4846,19.5344,19.6448,19.7614,19.8465,19.9306,19.9690,20.0027,20.0298,20.0385,20.0540,20.0808,19.7783,19.7835,19.7851,19.7827,19.7804,19.7823,19.8046,19.8224,19.4911,19.5301,19.5408,19.4834,19.5016,19.4985,19.4894,19.5055,19.5489,19.5896,19.6114,19.5642,19.5822,19.6038,19.6215,19.6581,19.6967,19.7340,19.7766,19.8282,19.7674,20.0772,20.1823,20.2131,20.2293,20.2535,20.3111,20.3126,20.3003,20.3029,20.1347,20.1226,20.0734,20.0370,20.0037,19.9924,19.8941,19.8916,19.8695,19.8548,19.8442,19.8361,19.8312,19.8159,19.7174,19.7103,19.7130,19.7224,19.7186,19.7190,19.7139,19.7147,19.7178,19.7221,19.7256,19.0318,19.0476,19.0608,19.0782,19.0997,18.8639,18.9282,18.9984,19.0616,19.1432,19.0986,19.1316,19.1587,19.1770,19.2157,19.2540,19.2907,19.3445,19.4337,19.4961,19.5180,19.5955,19.6764,19.7860,19.8740,19.9044,19.9526,19.9949,20.0341,20.0781,20.1138,20.1396,20.1096,20.1388,20.1632,20.1749,20.1650,20.1861,20.2061,20.2141,20.2267,20.2362,20.2318,20.2515,20.2646,20.2449,20.2465,20.2507,20.2623,20.2979,20.3265,20.3512,20.3549,20.3500,20.3290,20.3261,20.1119,20.1209,20.1136,20.0520,19.8611,19.8570,19.8397,19.8403,19.8485,19.8542,19.8794,19.9003,19.9261,19.5733,19.6018,19.6332,19.6530,19.6700,19.6896,19.7079,19.7274,19.7358,19.7452,19.7566,19.7637,19.7596,19.7686,19.7802,19.7932,19.8078,19.8211,19.8342,19.8472,19.8604,19.8738,19.8879,19.9031,19.9174,19.9298,19.9423,19.9558,19.9674,19.9783,19.9888,19.9988,20.0085,20.0183,20.0290,20.0382,20.0454,20.0523,20.0599,20.0654,20.0698,20.0736,20.0768,20.0796,20.0825,20.0861,20.0885,20.0894,20.0902,20.0920,20.0921,20.0916,20.0909,20.0900,20.0892,20.0888,20.0892,20.0888,20.0876,20.0867,20.0871,20.0859,20.0843,20.0826,20.0811
45108.1666667,19.4840,19.4809,19.4957,19.5024,19.4958,19.4953,19.4497,18.8246,18.8481,18.8540,18.8628,18.8831,18.9145,18.4894,18.5244,18.5708,18.6185,18.6495,18.6892,18.7453,18.7789,18.7924,18.8062,18.8390,18.8766,18.9130,18.9422,19.0012,19.0194,19.0999,19.1992,19.2867,19.3934,19.4612,19.5293,19.5904,19.6336,19.6845,19.7361,19.4677,19.4908,19.5048,19.5121,19.5184,19.5307,19.5630,19.5846,19.2629,19.2997,19.3092,19.2519,19.2660,19.2582,19.2452,19.2564,19.2894,19.3193,19.3337,19.2807,19.2906,19.3041,19.3140,19.3424,19.3727,19.4020,19.4363,19.4764,19.4129,19.7333,19.8548,19.8983,19.9276,19.9649,20.0447,20.0513,20.0502,20.0642,19.9078,19.9023,19.8589,19.8276,19.7992,19.7913,19.6955,19.6962,19.6781,19.6677,19.6609,19.6563,19.6535,19.6414,19.5472,19.5421,19.5463,19.5556,19.5516,19.5512,19.5451,19.5443,19.5451,19.5465,19.5461,18.8452,18.8560,18.8629,18.8729,18.8856,18.6422,18.6863,18.7304,18.7698,18.8260,18.7744,18.7970,18.8139,18.8238,18.8494,18.8758,18.8999,18.9369,18.9968,19.0394,19.0422,19.0972,19.1642,19.2600,19.3453,19.3849,19.4426,19.4958,19.5496,19.6145,19.6735,19.7230,19.7223,19.7827,19.8352,19.8728,19.8804,19.9189,19.9537,19.9737,19.9953,20.0123,20.0151,20.0404,20.0586,20.0431,20.0482,20.0553,20.0704,20.1095,20.1406,20.1680,20.1728,20.1692,20.1502,20.1485,19.9283,19.9383,19.9324,19.8699,19.6834,19.6798,19.6631,19.6634,19.6715,19.6767,19.7007,19.7200,19.7435,19.3798,19.4025,19.4264,19.4387,19.4502,19.4637,19.4754,19.4881,19.4925,19.4975,19.5043,19.5069,19.4994,19.5045,19.5109,19.5185,19.5277,19.5357,19.5438,19.5520,19.5606,19.5697,19.5800,19.5917,19.6029,19.6126,19.6228,19.6346,19.6450,19.6551,19.6653,19.6755,19.6859,19.6969,19.7093,19.7207,19.7306,19.7406,19.7518,19.7612,19.7700,19.7785,19.7867,19.7946,19.8028,19.8118,19.8197,19.8260,19.8321,19.8392,19.8442,19.8484,19.8521,19.8554,19.8584,19.8614,19.8649,19.8674,19.8687,19.8699,19.8722,19.8727,19.8725,19.8720,19.8713
45108.2083333,19.2460,19.2358,19.2410,19.2417,19.2303,19.2251,19.1738,18.5468,18.5635,18.5662,18.5729,18.5912,18.6211,18.1723,18.2098,18.2588,18.3096,18.3432,18.3828,18.4381,18.4721,18.4853,18.4976,18.5283,18.5626,18.5951,18.6199,18.6693,18.6743,18.7342,18.8042,18.8677,18.9450,18.9951,19.0534,19.1105,19.1578,19.2196,19.2823,19.0490,19.0891,19.1176,19.1382,19.1597,19.1992,19.2640,19.3034,19.0040,19.0511,19.0642,19.0128,19.0318,19.0281,19.0176,19.0291,19.0625,19.0912,19.1040,19.0503,19.0570,19.0666,19.0722,19.0956,19.1203,19.1433,19.1703,19.1976,19.1212,19.4076,19.5237,19.5692,19.6040,19.6481,19.7405,19.7507,19.7586,19.7819,19.6380,19.6392,19.6022,19.5765,19.5537,19.5498,19.4580,19.4628,19.4496,19.4450,19.4432,19.4435,19.4440,19.4370,19.3498,19.3493,19.3580,19.3701,19.3689,19.3705,19.3650,19.3655,19.3674,19.3697,19.3707,18.6695,18.6790,18.6843,18.6923,18.7024,18.4591,18.4963,18.5288,18.5559,18.5973,18.5407,18.5560,18.5655,18.5689,18.5855,18.6034,18.6190,18.6455,18.6885,18.7190,18.7100,18.7490,18.7985,18.8682,18.9304,18.9568,19.0019,19.0441,19.0894,19.1462,19.2012,19.2512,19.2599,19.3304,19.3975,19.4546,19.4788,19.5375,19.5937,19.6338,19.6724,19.7056,19.7244,19.7644,19.7962,19.7905,19.8048,19.8196,19.8454,19.8972,19.9377,19.9725,19.9799,19.9785,19.9626,19.9627,19.7391,19.7508,19.7466,19.6842,19.5025,19.4996,19.4837,19.4845,19.4933,19.4990,19.5237,19.5433,19.5663,19.1964,19.2169,19.2383,19.2484,19.2579,19.2691,19.2784,19.2884,19.2912,19.2943,19.2990,19.2996,19.2906,19.2937,19.2975,19.3023,19.3086,19.3136,19.3185,19.3234,19.3286,19.3342,19.3408,19.3489,19.3564,19.3623,19.3688,19.3769,19.3835,19.3900,19.3967,19.4035,19.4107,19.4187,19.4283,19.4373,19.4449,19.4529,19.4625,19.4706,19.4784,19.4862,19.4941,19.5021,19.5107,19.5205,19.5296,19.5374,19.5453,19.5546,19.5620,19.5690,19.5757,19.5822,19.5886,19.5953,19.6026,19.6090,19.6142,19.6194,19.6256,19.6300,19.6335,19.6365,19.6385
45108.2500000,19.0320,19.0304,19.0455,19.0559,19.0606,19.0619,19.0160,18.3754,18.3902,18.3929,18.3965,18.4083,18.4235,17.9430,17.9702,18.0083,18.0545,18.0844,18.1168,18.1625,18.2040,18.2136,18.2235,18.2556,18.2924,18.3388,18.3601,18.3983,18.4042,18.4522,18.5149,18.5696,18.6333,18.6746,18.7223,18.7654,18.8064,18.8570,18.9020,18.6944,18.7363,18.7686,18.7882,18.8156,18.8743,18.9479,18.9954,18.7241,18.7752,18.7945,18.7574,18.7896,18.8004,18.8019,18.8121,18.8473,18.8799,18.9013,18.8652,18.8805,18.8950,18.9011,18.9145,18.9308,18.9490,18.9708,18.9955,18.9084,19.1343,19.2360,19.2846,19.3220,19.3652,19.4491,19.4647,19.4849,19.5155,19.3859,19.3950,19.3754,19.3686,19.3588,19.3610,19.2717,19.2759,19.2614,19.2604,19.2597,19.2638,19.2654,19.2653,19.1877,19.1927,19.2009,19.2080,19.2076,19.2140,19.2163,19.2203,19.2235,19.2261,19.2315,18.5344,18.5436,18.5524,18.5627,18.5713,18.3266,18.3488,18.3761,18.3943,18.4260,18.3725,18.3869,18.3968,18.3985,18.4090,18.4266,18.4382,18.4579,18.4813,18.5056,18.4849,18.5148,18.5533,18.6064,18.6541,18.6753,18.7079,18.7316,18.7629,18.8035,18.8454,18.8865,18.8930,18.9516,19.0100,19.0648,19.0871,19.1427,19.1975,19.2467,19.2922,19.3358,19.3698,19.4167,19.4598,19.4720,19.4991,19.5241,19.5650,19.6351,19.6952,19.7449,19.7610,19.7718,19.7687,19.7768,19.5584,19.5748,19.5806,19.5248,19.3523,19.3554,19.3446,19.3461,19.3546,19.3571,19.3767,19.3925,19.4092,19.0364,19.0564,19.0800,19.0920,19.1044,19.1156,19.1252,19.1349,19.1435,19.1495,19.1543,19.1539,19.1456,19.1481,19.1530,19.1578,19.1624,19.1670,19.1715,19.1759,19.1802,19.1845,19.1889,19.1935,19.1983,19.2033,19.2083,19.2134,19.2186,19.2238,19.2290,19.2342,19.2395,19.2448,19.2503,19.2560,19.2620,19.2680,19.2740,19.2802,19.2865,19.2927,19.2989,19.3051,19.3114,19.3179,19.3245,19.3313,19.3382,19.3450,19.3520,19.3589,19.3658,19.3726,19.3793,19.3859,19.3926,19.3993,19.4060,19.4125,19.4190,19.4254,19.4315,19.4371,19.4413
45108.2916667,18.8890,18.8944,18.9195,18.9423,18.9692,18.9834,18.9551,18.3154,18.3467,18.3597,18.3714,18.3907,18.4025,17.8993,17.9196,17.9475,17.9878,18.0126,18.0316,18.0548,18.0939,18.0921,18.0908,18.1167,18.1500,18.2079,18.2254,18.2507,18.2546,18.2873,18.3408,18.3883,18.4500,18.4925,18.5400,18.5804,18.6299,18.6813,18.7141,18.5321,18.5795,18.6186,18.6373,18.6679,18.7325,18.7971,18.8371,18.5747,18.6122,18.6309,18.6021,18.6425,18.6658,18.6798,18.6875,18.7231,18.7551,18.7877,18.7725,18.8048,18.8343,18.8507,18.8608,18.8718,18.8864,18.9014,18.9215,18.8193,18.9559,19.0340,19.0868,19.1294,19.1749,19.2437,19.2636,19.2997,19.3406,19.2282,19.2508,19.2548,19.2744,19.2877,19.3051,19.2243,19.2352,19.2270,19.2367,19.2424,19.2539,19.2585,19.2671,19.1978,19.2083,19.2154,19.2160,19.2133,19.2205,19.2282,19.2346,19.2395,19.2410,19.2498,18.5229,18.5352,18.5516,18.5665,18.5759,18.3271,18.3322,18.3503,18.3535,18.3674,18.3148,18.3278,18.3404,18.3428,18.3512,18.3724,18.3868,18.4068,18.4155,18.4382,18.4071,18.4310,18.4626,18.5072,18.5508,18.5752,18.6010,18.6100,18.6298,18.6551,18.6831,18.7137,18.7125,18.7545,18.7979,18.8443,18.8587,18.8996,18.9377,18.9814,19.0198,19.0590,19.0946,19.1337,19.1732,19.1953,19.2288,19.2575,19.3035,19.3771,19.4479,19.5081,19.5322,19.5575,19.5732,19.5934,19.3913,19.4211,19.4455,19.4062,19.2504,19.2672,19.2681,19.2780,19.2952,19.3033,19.3260,19.3409,19.3494,18.9684,18.9843,19.0105,19.0261,19.0435,19.0562,19.0697,19.0828,19.1015,19.1147,19.1236,19.1253,19.1203,19.1251,19.1373,19.1483,19.1563,19.1668,19.1771,19.1868,19.1958,19.2037,19.2088,19.2127,19.2175,19.2253,19.2321,19.2362,19.2432,19.2502,19.2570,19.2635,19.2695,19.2744,19.2765,19.2799,19.2864,19.2922,19.2954,19.3018,19.3085,19.3152,19.3216,19.3278,19.3331,19.3357,19.3397,19.3465,19.3527,19.3564,19.3633,19.3705,19.3776,19.3845,19.3912,19.3971,19.4007,19.4057,19.4127,19.4192,19.4233,19.4304,19.4376,19.4444,19.4498
45108.3333333,18.9370,18.9347,18.9547,18.9755,19.0122,19.0372,19.0048,18.3509,18.3941,18.4165,18.4401,18.4663,18.4748,17.9808,17.9927,18.0271,18.0780,18.1039,18.1163,18.1132,18.1472,18.1322,18.1146,18.1320,18.1681,18.2230,18.2281,18.2321,18.2238,18.2365,18.2780,18.3237,18.3920,18.4342,18.4915,18.5157,18.5768,18.6253,18.6469,18.4988,18.5508,18.6078,18.6228,18.6545,18.7312,18.7924,18.8181,18.5512,18.5723,18.5896,18.5724,18.6234,18.6585,18.6834,18.6840,18.7157,18.7391,18.7845,18.7814,18.8301,18.8723,18.8962,18.8949,18.8967,18.9102,18.9202,18.9559,18.8386,18.8858,18.9330,18.9931,19.0328,19.0791,19.1306,19.1562,19.2100,19.2630,19.1586,19.1887,19.2138,19.2593,19.2979,19.3313,19.2606,19.2709,19.2623,19.2774,19.2858,19.3027,19.3108,19.3412,19.2890,19.3151,19.3362,19.3395,19.3445,19.3628,19.3832,19.3976,19.4046,19.4007,19.4104,18.6581,18.6720,18.6952,18.7146,18.7146,18.4541,18.4338,18.4464,18.4361,18.4366,18.3848,18.4001,18.4159,18.4187,18.4213,18.4404,18.4580,18.4781,18.4663,18.4893,18.4445,18.4695,18.4941,18.5318,18.5805,18.6159,18.6423,18.6408,18.6536,18.6685,18.6882,18.7132,18.6996,18.7228,18.7488,18.7919,18.7972,18.8204,18.8366,18.8706,18.8971,18.9341,18.9620,18.9835,19.0162,19.0419,19.0707,19.0929,19.1274,19.1819,19.2449,19.3004,19.3272,19.3695,19.4024,19.4323,19.2540,19.2959,19.3399,19.3165,19.1741,19.2017,19.2145,19.2333,19.2611,19.2808,19.3139,19.3347,19.3404,18.9681,18.9855,19.0221,19.0460,19.0704,19.0831,19.1026,19.1208,19.1518,19.1736,19.1869,19.1871,19.1820,19.1872,19.2083,19.2261,19.2352,19.2541,19.2726,19.2905,19.3073,19.3226,19.3339,19.3357,19.3407,19.3559,19.3685,19.3730,19.3868,19.4004,19.4136,19.4260,19.4372,19.4450,19.4435,19.4456,19.4569,19.4661,19.4674,19.4782,19.4891,19.4995,19.5093,19.5181,19.5242,19.5216,19.5230,19.5323,19.5397,19.5392,19.5487,19.5586,19.5681,19.5771,19.5853,19.5913,19.5907,19.5980,19.6062,19.6127,19.6115,19.6201,19.6291,19.6375,19.6444
45108.3750000,19.1270,19.1192,19.1423,19.1672,19.2588,19.2978,19.2540,18.5748,18.6318,18.6647,18.7002,18.7322,18.7320,18.2864,18.2830,18.3101,18.3625,18.3877,18.3914,18.3613,18.4312,18.3978,18.3574,18.3593,18.3985,18.4631,18.4382,18.4083,18.3780,18.3651,18.3765,18.4108,18.4943,18.5573,18.6303,18.6727,18.7383,18.7565,18.7493,18.6343,18.6942,18.7686,18.7727,18.8036,18.9183,18.9926,19.0313,18.7456,18.7592,18.7639,18.7526,18.8079,18.8498,18.8847,18.8822,18.8987,18.8966,18.9595,18.9892,19.0412,19.0895,19.1177,19.0926,19.0730,19.0776,19.0716,19.1243,19.0230,18.9498,18.9539,19.0243,19.0563,19.1053,19.1367,19.1690,19.2499,19.3221,19.2505,19.2864,19.3430,19.4334,19.4996,19.5496,19.4865,19.4887,19.4711,19.4826,19.4860,19.5078,19.5348,19.5956,19.5692,19.6087,19.6412,19.6422,19.6528,19.6824,19.7182,19.7430,19.7554,19.7531,19.7831,18.9909,19.0083,19.0415,19.0658,19.0572,18.7733,18.7175,18.7215,18.6906,18.6696,18.6165,18.6344,18.6567,18.6629,18.6617,18.6999,18.7240,18.7445,18.7031,18.7232,18.6529,18.6737,18.6812,18.7065,18.7620,18.8147,18.8440,18.8331,18.8421,18.8504,18.8667,18.8921,18.8678,18.8657,18.8732,18.9236,18.9263,18.9285,18.9193,18.9466,18.9777,19.0073,19.0210,19.0153,19.0364,19.0838,19.1225,19.1296,19.1533,19.1523,19.1764,19.2094,19.2282,19.2856,19.3331,19.3666,19.2150,19.2649,19.3325,19.3312,19.2018,19.2360,19.2593,19.2852,19.3224,19.3534,19.3961,19.4209,19.4176,19.0571,19.0721,19.1240,19.1610,19.1964,19.2100,19.2406,19.2687,19.3191,19.3547,19.3756,19.3734,19.3677,19.3736,19.4081,19.4364,19.4466,19.4782,19.5091,19.5390,19.5670,19.5921,19.6099,19.6074,19.6116,19.6364,19.6562,19.6585,19.6823,19.7059,19.7288,19.7503,19.7697,19.7828,19.7763,19.7771,19.7966,19.8116,19.8097,19.8286,19.8476,19.8658,19.8830,19.8983,19.9085,19.9025,19.9127,19.9247,19.9328,19.9253,19.9392,19.9543,19.9692,19.9835,19.9963,20.0048,20.0000,20.0110,20.0232,20.0315,20.0245,20.0371,20.0503,20.0626,20.0727
45108.4166667,19.5550,19.5271,19.5870,19.5963,19.7283,19.7828,19.7914,19.0509,19.1314,19.1802,19.2342,19.2739,19.2620,18.8825,18.9045,18.9200,18.9682,18.9831,18.9678,18.8836,18.9672,18.8938,18.8465,18.8005,18.8471,18.9936,18.9467,18.8846,18.8975,18.8270,18.8486,18.8110,18.8742,18.9346,19.0248,19.0752,19.1622,19.1573,19.1128,19.0420,19.1696,19.2573,19.2277,19.2373,19.3940,19.4714,19.4997,19.1721,19.1660,19.1585,19.1582,19.2271,19.2856,19.3389,19.3327,19.3320,19.2970,19.3924,19.4681,19.5484,19.6146,19.6463,19.5774,19.5147,19.4969,19.4671,19.5078,19.3975,19.1793,19.1625,19.2402,19.2417,19.2855,19.2903,19.3278,19.4462,19.5453,19.5042,19.5492,19.6498,19.7927,19.8992,19.9748,19.9252,19.9109,19.8773,19.8785,19.8878,19.9729,20.0148,20.1171,20.1278,20.2061,20.2465,20.2388,20.2475,20.2817,20.3322,20.3631,20.3776,20.3874,20.4287,19.5902,19.6126,19.6629,19.7043,19.7105,19.3804,19.2720,19.2564,19.1905,19.1347,19.0668,19.0855,19.1143,19.1239,19.1089,19.1616,19.1991,19.2289,19.1751,19.1962,19.0935,19.1129,19.1057,19.1686,19.2177,19.2772,19.2975,19.2654,19.2622,19.2550,19.2635,19.2927,19.2954,19.2481,19.2177,19.2716,19.2684,19.2751,19.2224,19.2692,19.2933,19.3167,19.3551,19.3163,19.3217,19.3828,19.4222,19.4066,19.4237,19.3626,19.3342,19.3407,19.3453,19.4184,19.4772,19.5067,19.3836,19.4336,19.5272,19.5485,19.4277,19.4638,19.4941,19.5239,19.5685,19.6067,19.6472,19.6631,19.6352,19.2826,19.2865,19.3550,19.4057,19.4524,19.4619,19.5065,19.5474,19.6238,19.6792,19.7149,19.7370,19.7249,19.7280,19.7795,19.8201,19.8275,19.8756,19.9224,19.9676,20.0100,20.0479,20.0735,20.0614,20.0614,20.0993,20.1286,20.1261,20.1638,20.2012,20.2374,20.2717,20.3024,20.3227,20.3096,20.3257,20.3462,20.3629,20.3525,20.3827,20.4135,20.4433,20.4715,20.4968,20.5139,20.5032,20.5248,20.5482,20.5643,20.5515,20.5755,20.5998,20.6231,20.6449,20.6643,20.6765,20.6647,20.6820,20.6999,20.7111,20.6954,20.7143,20.7337,20.7518,20.7667
45108.4583333,20.2690,20.2132,20.3099,20.4423,20.6278,20.6986,20.7057,19.8375,19.9276,19.9861,20.0575,20.1040,20.0822,19.7534,19.7907,19.8135,19.8759,19.8958,19.8715,19.7422,19.8544,19.7441,19.7085,19.6157,19.6732,19.8805,19.8985,19.7489,19.7103,19.5345,19.5552,19.4748,19.4937,19.5202,19.7165,19.8191,19.9505,20.0418,19.9261,19.8529,19.9953,20.0829,19.9950,19.9633,20.1588,20.2410,20.2679,19.9066,19.8746,19.8262,19.8370,19.9241,20.0023,20.0710,20.0043,19.9430,19.9316,20.0793,20.2047,20.3144,20.4038,20.4463,20.3320,20.2205,20.1426,20.1098,20.2257,20.1184,19.6538,19.5777,19.6670,19.6370,19.6184,19.6141,19.6263,19.8033,19.9482,19.9462,19.9955,20.1256,20.3341,20.4921,20.6012,20.5706,20.5357,20.4949,20.5952,20.6164,20.7180,20.7642,20.9043,20.9461,21.0568,21.1168,21.1097,21.1287,21.1795,21.2515,21.2976,21.3211,21.3398,21.4017,20.4596,20.4972,20.5727,20.6348,20.6516,20.3315,20.1635,20.1052,19.9898,19.8923,19.8469,19.8658,19.8990,19.9087,19.8408,19.9142,19.9743,20.0178,19.9360,19.9570,19.8752,19.8706,19.9078,19.9178,19.9461,20.0189,20.0391,19.9932,19.9831,19.9178,19.8473,19.8215,19.8238,19.8991,19.9361,19.9616,19.9233,19.9031,19.8779,19.9118,19.9169,19.9197,19.9575,19.9231,19.9077,19.9652,19.9291,19.8950,19.8621,19.8646,19.8178,19.7111,19.6913,19.7849,19.8757,19.9504,19.8429,19.8797,19.9954,20.0354,19.9191,19.9702,20.0168,20.0790,20.1396,20.1643,20.1753,20.1639,20.1197,19.7329,19.6998,19.7742,19.8315,19.8861,19.8852,19.9442,19.9985,20.1039,20.1808,20.2320,20.2749,20.3192,20.3566,20.4133,20.4503,20.4334,20.4842,20.5363,20.5903,20.6451,20.6994,20.7495,20.7897,20.8274,20.8653,20.8878,20.8593,20.8968,20.9364,20.9780,21.0210,21.0642,21.1047,21.1364,21.1686,21.2012,21.2208,21.1926,21.2273,21.2633,21.2995,21.3355,21.3703,21.4018,21.4246,21.4483,21.4712,21.4822,21.4484,21.4743,21.5020,21.5305,21.5595,21.5882,21.6149,21.6358,21.6586,21.6803,21.6911,21.6599,21.6827,21.7059,21.7281,21.7467
45108.5000000,21.0320,20.9791,21.0898,21.2467,21.4698,21.5645,21.6093,20.7210,20.8493,20.9272,21.0200,21.0861,21.0753,20.7736,20.8237,20.8561,20.9304,20.9568,20.9344,20.8797,20.9906,20.8439,20.7875,20.6675,20.7121,20.9307,20.9550,20.7862,20.7795,20.5913,20.6172,20.4541,20.3659,20.4597,20.5868,20.6434,20.7692,20.8813,20.7746,20.7295,20.9172,21.0387,20.9633,20.9304,21.1478,21.2375,21.2702,20.9733,20.9164,20.8522,20.8409,20.9029,20.9555,21.0076,20.9141,20.7725,20.6735,20.8253,20.9686,21.0989,21.2126,21.2772,21.1554,21.0408,20.9546,20.9191,21.0035,20.8818,20.3263,20.2009,20.2794,20.3091,20.1929,20.0995,20.0978,20.2762,20.4248,20.4326,20.4885,20.6403,20.8846,21.0743,21.2091,21.2082,21.2998,21.2697,21.3931,21.4169,21.5552,21.6243,21.8038,21.8753,22.0209,22.1095,22.1187,22.1528,22.2180,22.3011,22.3586,22.3913,22.4192,22.4947,21.4475,21.4949,21.5873,21.6677,21.7008,21.3822,21.2254,21.1856,21.0621,20.9391,20.8758,20.8853,20.9083,20.9079,20.8104,20.8699,20.9151,20.9437,20.8396,20.8590,20.7780,20.7982,20.8933,20.9577,20.9963,21.0626,21.0683,21.0024,20.9749,20.9257,20.7982,20.7073,20.7373,20.7488,20.7609,20.8007,20.7739,20.7615,20.7430,20.7898,20.8026,20.8055,20.8395,20.7920,20.7635,20.8125,20.7481,20.6832,20.6427,20.5146,20.4513,20.3211,20.2893,20.3864,20.4818,20.5641,20.4762,20.5234,20.6692,20.7395,20.6456,20.7540,20.8378,20.9037,20.9640,20.9817,20.9745,20.9408,20.8756,20.4632,20.4709,20.5126,20.5386,20.5746,20.5487,20.5924,20.6345,20.7418,20.8195,20.8712,20.9166,20.9687,21.0153,21.0890,21.1459,21.1434,21.2184,21.2930,21.3668,21.4388,21.5082,21.5727,21.6287,21.6841,21.7413,21.7831,21.7662,21.8226,21.8781,21.9320,21.9841,22.0341,22.0804,22.1186,22.1580,22.1986,22.2254,22.1973,22.2395,22.2820,22.3236,22.3642,22.4036,22.4403,22.4703,22.5025,22.5353,22.5557,22.5250,22.5605,22.5965,22.6317,22.6661,22.6992,22.7298,22.7551,22.7827,22.8116,22.8379,22.8537,22.8756,22.8963,22.9147,22.9299
45108.5416667,21.7950,21.8997,22.0033,22.1528,22.3656,22.4527,22.4938,21.6669,21.7675,21.8305,21.9076,21.9612,21.9457,21.6811,21.7448,21.8008,21.9040,21.9536,21.9476,21.9111,22.0326,21.8863,21.8387,21.7225,21.7770,21.9726,21.8632,21.7156,21.7424,21.5835,21.4339,21.2834,21.1729,21.2983,21.4562,21.5379,21.6822,21.8056,21.6890,21.6338,21.8166,21.9351,21.8617,21.8426,22.0757,22.1867,22.2341,21.9207,21.8842,21.8264,21.8173,21.8978,21.9645,22.0221,21.9296,21.7658,21.6257,21.6023,21.7490,21.8924,22.0229,22.1028,22.0028,21.8793,21.7860,21.8549,21.9207,21.7629,21.1029,20.9318,20.9992,21.1368,21.1981,20.9729,20.9413,21.0543,21.1247,20.9708,21.0098,21.1579,21.4087,21.6044,21.7451,21.7492,21.8261,21.8762,22.0512,22.1882,22.3369,22.4139,22.6027,22.6767,22.8346,22.9358,22.9571,23.0056,23.0868,23.1801,23.2533,23.3033,23.3509,23.4506,22.3218,22.3880,22.5000,22.6001,22.6526,22.3523,22.2673,22.2253,22.1003,21.9801,21.9064,21.9176,21.9417,21.9416,21.8420,21.8888,21.8233,21.8614,21.7781,21.8115,21.7357,21.7518,21.7234,21.8206,21.8971,21.9905,22.0211,21.9740,21.8819,21.8581,21.7532,21.6804,21.7194,21.7335,21.6316,21.6909,21.6749,21.6719,21.6519,21.6907,21.6947,21.6896,21.7169,21.6670,21.6376,21.6844,21.6167,21.5549,21.5489,21.4434,21.3506,21.1635,21.1066,21.1851,21.2566,21.3244,21.2238,21.2494,21.3896,21.4545,21.3442,21.4564,21.5455,21.6200,21.6935,21.7262,21.7424,21.7274,21.6747,21.2491,21.2592,21.3038,21.3360,21.3945,21.4245,21.4540,21.4803,21.5747,21.6402,21.6805,21.7139,21.7553,21.7950,21.8628,21.9267,21.9800,22.0437,22.1072,22.1699,22.2309,22.2900,22.3457,22.3958,22.4492,22.5103,22.5707,22.6205,22.6803,22.7400,22.7982,22.8544,22.9084,22.9590,23.0029,23.0497,23.1019,23.1525,23.1919,23.2403,23.2880,23.3335,23.3765,23.4171,23.4545,23.4855,23.5198,23.5584,23.5962,23.6249,23.6627,23.7013,23.7391,23.7756,23.8105,23.8423,23.8685,23.8966,23.9264,23.9544,23.9742,24.0014,24.0296,24.0568,24.0795
45108.5833333,22.1780,22.2665,22.3783,22.5216,22.7268,22.8300,22.8999,22.0280,22.2247,22.3402,22.4703,22.5899,22.6391,22.4492,22.5154,22.5715,22.6646,22.7086,22.7122,22.6928,22.7924,22.6633,22.6265,22.6397,22.6636,22.7871,22.6569,22.5122,22.4942,22.3432,22.1762,21.9999,21.8510,21.9308,22.0575,22.1383,22.2794,22.4130,22.3385,22.2580,22.4345,22.5577,22.5148,22.6192,22.8196,22.9237,22.9712,22.6195,22.6146,22.6419,22.6098,22.6682,22.7135,22.7548,22.6804,22.5386,22.4154,22.3809,22.4716,22.5814,22.6792,22.7346,22.6306,22.5106,22.4171,22.3605,22.5040,22.4146,21.8771,21.6913,21.7167,21.8002,21.7616,21.7022,21.7466,21.8405,21.8893,21.6997,21.7248,21.8799,22.0674,22.2089,22.3124,22.2903,22.3723,22.4174,22.5450,22.6433,22.7647,22.8373,23.0197,23.0955,23.2715,23.4044,23.4647,23.5399,23.6361,23.7257,23.8076,23.8712,23.9332,24.0425,22.8286,22.9092,23.0300,23.1447,23.2215,22.9458,22.9414,22.9707,22.9167,22.8522,22.7674,22.7819,22.8022,22.8014,22.7821,22.8044,22.7108,22.6312,22.5642,22.5919,22.5104,22.5258,22.5746,22.6047,22.6311,22.6860,22.7061,22.6244,22.6229,22.5460,22.4674,22.4038,22.4280,22.4567,22.4585,22.4674,22.4196,22.3943,22.3624,22.3003,22.2638,22.3149,22.3830,22.3825,22.3168,22.3619,22.3164,22.2721,22.2777,22.2008,22.1255,21.9624,21.9577,22.0090,22.0460,22.0890,21.9495,21.9611,22.0709,22.1059,21.9596,22.0490,22.1149,22.1697,22.2182,22.2195,22.2803,22.3062,22.2892,21.8575,21.8818,21.9371,21.9782,22.0378,22.0749,22.1139,22.1516,22.2401,22.3049,22.3487,22.3842,22.4205,22.4600,22.5270,22.5903,22.6434,22.7059,22.7687,22.8316,22.8935,22.9540,23.0107,23.0608,23.1134,23.1728,23.2305,23.2782,23.3353,23.3932,23.4511,23.5084,23.5647,23.6181,23.6648,23.7143,23.7695,23.8230,23.8666,23.9193,23.9729,24.0260,24.0782,24.1293,24.1776,24.2192,24.2634,24.3114,24.3574,24.3939,24.4382,24.4831,24.5269,24.5696,24.6109,24.6493,24.6825,24.7179,24.7557,24.7916,24.8193,24.8540,24.8891,24.9222,24.9488
45108.6250000,22.6330,22.7338,22.8432,22.9900,23.1954,23.2893,23.3264,22.3630,22.5044,22.5924,22.6978,22.7943,22.8352,22.7445,22.8522,22.9654,23.1270,23.2297,23.2710,23.2914,23.4196,23.2956,23.2684,23.3058,23.3616,23.5215,23.3948,23.2472,23.0753,22.9482,22.7903,22.6436,22.4890,22.4164,22.3976,22.4998,22.6656,22.8265,22.7652,22.6951,22.8936,23.0324,23.0401,23.1639,23.3970,23.5308,23.5925,23.2212,23.2176,23.2170,23.2165,23.3085,23.3720,23.4206,23.3437,23.1886,23.0614,23.0162,23.1065,23.2131,23.3061,23.3550,23.2390,23.1089,23.0024,22.9119,22.8337,22.7649,22.4205,22.3145,22.3609,22.2652,22.1773,22.0937,22.1503,22.2834,22.3828,22.2094,22.2597,22.4433,22.6522,22.8102,22.9253,22.9065,23.0041,23.0590,23.1942,23.2938,23.4065,23.4635,23.6137,23.6387,23.7579,23.8145,23.7655,23.8230,23.9123,24.0092,24.0939,24.1616,24.2333,24.3618,23.1023,23.1474,23.3079,23.4599,23.5673,23.3137,23.3386,23.4143,23.3999,23.3857,23.3238,23.3621,23.4037,23.3687,23.3966,23.4621,23.3981,23.3393,23.2833,23.3083,23.1722,23.2170,23.2948,23.3483,23.3831,23.4323,23.4408,23.3509,23.3203,23.2304,23.1080,23.0236,23.0384,23.0650,23.0887,23.1317,23.1057,23.0967,23.0200,22.9414,22.8739,22.8865,22.9184,22.8873,22.7950,22.8354,22.7765,22.7191,22.6530,22.6387,22.6401,22.5827,22.6072,22.6802,22.7394,22.7970,22.6509,22.6667,22.7501,22.7403,22.5755,22.6586,22.7169,22.7566,22.7777,22.7422,22.7619,22.7594,22.7307,22.2809,22.3239,22.3993,22.4572,22.5292,22.5782,22.6262,22.6715,22.7674,22.8375,22.8852,22.9241,22.9643,23.0065,23.0743,23.1377,23.1924,23.2542,23.3162,23.3781,23.4393,23.4993,23.5560,23.6072,23.6606,23.7199,23.7778,23.8277,23.8853,23.9436,24.0019,24.0597,24.1166,24.1708,24.2192,24.2699,24.3253,24.3793,24.4250,24.4782,24.5322,24.5859,24.6390,24.6913,24.7414,24.7859,24.8328,24.8833,24.9325,24.9741,25.0224,25.0715,25.1202,25.1682,25.2153,25.2601,25.3005,25.3429,25.3874,25.4303,25.4661,25.5075,25.5491,25.5882,25.6194
45108.6666667,23.3040,23.2266,23.2619,23.3322,23.4541,23.5166,23.5257,22.5961,22.7161,22.7826,22.7935,22.8926,22.9619,22.9240,23.0300,23.1440,23.2930,23.3939,23.4544,23.5087,23.5251,23.4670,23.4808,23.5492,23.5468,23.7187,23.6685,23.6294,23.5031,23.4145,23.3416,23.1721,22.9796,22.8753,22.8189,22.7642,22.8640,22.9807,22.9640,22.8555,23.0198,23.1523,23.2233,23.3372,23.5787,23.7795,23.8813,23.5144,23.5640,23.5984,23.5637,23.6417,23.6945,23.7314,23.7003,23.5903,23.5007,23.4656,23.5040,23.5931,23.6761,23.7261,23.6513,23.5699,23.5801,23.5069,23.4876,23.2628,22.8613,22.7520,22.7274,22.7666,22.6796,22.5668,22.5898,22.6531,22.7088,22.5172,22.5634,22.6806,22.8328,22.9534,23.0512,23.0314,23.1182,23.1804,23.3119,23.4181,23.5373,23.6132,23.7005,23.7343,23.8768,23.9792,23.9984,24.0771,24.1703,24.2481,24.3270,24.3933,24.4583,24.5551,23.3540,23.4168,23.5109,23.6047,23.6757,23.4106,23.4589,23.5599,23.6003,23.6410,23.5374,23.5830,23.6284,23.6171,23.6352,23.7037,23.6711,23.6479,23.6477,23.6836,23.5613,23.5908,23.5784,23.6738,23.7624,23.8294,23.8749,23.8389,23.8014,23.7917,23.7204,23.6522,23.6102,23.6048,23.6025,23.6147,23.5791,23.5674,23.4848,23.4870,23.4251,23.4188,23.4179,23.3848,23.3192,23.3189,23.2559,23.1945,23.1146,23.0183,22.9972,22.9299,22.9431,22.9920,23.0224,23.0456,22.9128,22.9622,23.0547,23.0688,22.8841,22.9469,22.9805,23.0007,23.0483,23.0557,23.1081,23.1260,23.0929,22.6775,22.7051,22.7594,22.7988,22.8516,22.8901,22.9309,22.9725,23.0465,23.1039,23.1472,23.1819,23.2114,23.2503,23.3156,23.3798,23.4374,23.5025,23.5685,23.6351,23.7011,23.7660,23.8274,23.8831,23.9408,24.0039,24.0653,24.1187,24.1787,24.2391,24.2991,24.3582,24.4162,24.4713,24.5206,24.5720,24.6283,24.6831,24.7304,24.7846,24.8397,24.8944,24.9486,25.0020,25.0532,25.0990,25.1471,25.1989,25.2494,25.2929,25.3427,25.3934,25.4437,25.4935,25.5424,25.5891,25.6318,25.6765,25.7235,25.7693,25.8084,25.8532,25.8982,25.9406,25.9740
45108.7083333,23.5210,23.4508,23.4708,23.4979,23.5063,23.5389,23.5042,22.5982,22.6470,22.6923,22.7032,22.7720,22.8229,22.7944,22.8653,22.9591,23.0917,23.1901,23.2639,23.3013,23.3258,23.2980,23.3112,23.3404,23.3655,23.4916,23.4711,23.4668,23.3899,23.3762,23.3490,23.2877,23.2028,23.1315,23.0751,23.0162,23.0099,23.0661,23.0491,22.8561,22.9522,23.0349,23.0693,23.1450,23.3514,23.5508,23.6675,23.3084,23.3878,23.4340,23.4114,23.5136,23.5871,23.6326,23.6331,23.6079,23.5826,23.5643,23.5294,23.6012,23.6715,23.7177,23.6837,23.6466,23.6432,23.6190,23.6610,23.4837,23.2501,23.1296,23.0821,23.0537,22.9670,22.8749,22.8811,22.9001,22.9201,22.7061,22.7184,22.7693,22.8591,22.9268,22.9878,22.9417,22.9933,23.0228,23.1057,23.1736,23.2569,23.3155,23.3883,23.3889,23.5074,23.6036,23.6472,23.7245,23.8148,23.8842,23.9641,24.0387,24.1172,24.2272,23.1277,23.1894,23.2656,23.3787,23.4743,23.2323,23.3294,23.4411,23.5031,23.5680,23.4721,23.5126,23.5479,23.5444,23.5482,23.5930,23.5754,23.5748,23.6067,23.6515,23.5708,23.6153,23.6367,23.7154,23.7873,23.8283,23.8692,23.8559,23.8476,23.8653,23.8489,23.8242,23.7872,23.8079,23.8243,23.8404,23.8122,23.8097,23.7559,23.7068,23.6653,23.6618,23.6537,23.6153,23.5708,23.5579,23.5152,23.4695,23.4134,23.3473,23.3040,23.2129,23.2013,23.1924,23.1573,23.1515,22.9820,23.0101,23.0587,23.0360,22.8249,22.8743,22.9000,22.9261,22.9802,23.0089,23.0758,23.1183,23.1322,22.7463,22.7850,22.8348,22.8789,22.9253,22.9608,22.9972,23.0337,23.0866,23.1287,23.1618,23.1858,23.1999,23.2281,23.2760,23.3237,23.3664,23.4159,23.4671,23.5197,23.5730,23.6265,23.6783,23.7264,23.7776,23.8348,23.8918,23.9434,24.0015,24.0610,24.1209,24.1808,24.2404,24.2979,24.3504,24.4050,24.4640,24.5216,24.5729,24.6297,24.6871,24.7441,24.8004,24.8559,24.9092,24.9575,25.0076,25.0609,25.1129,25.1588,25.2100,25.2619,25.3134,25.3644,25.4146,25.4629,25.5076,25.5541,25.6026,25.6499,25.6915,25.7379,25.7844,25.8282,25.8623
45108.7500000,23.4000,23.3494,23.3640,23.3592,23.3676,23.3867,23.3406,22.4889,22.5237,22.5483,22.5602,22.6038,22.6387,22.6000,22.6392,22.7008,22.7905,22.8488,22.9086,22.9632,23.0014,22.9796,22.9763,23.0041,23.0355,23.0853,23.0815,23.1071,23.0706,23.1027,23.1277,23.1127,23.0909,23.0682,23.0530,23.0335,23.0243,23.0429,23.0239,22.7686,22.8161,22.8625,22.8706,22.9106,23.0511,23.1973,23.2881,22.9166,22.9978,23.0325,22.9945,23.0795,23.1424,23.1831,23.2098,23.2456,23.2782,23.3028,23.2838,23.3497,23.4140,23.4587,23.4575,23.4429,23.4567,23.4536,23.4889,23.3471,23.3488,23.3067,23.2754,23.2310,23.1666,23.0857,23.0754,23.0327,23.0068,22.7808,22.7689,22.7699,22.8112,22.8389,22.8721,22.8049,22.8300,22.8341,22.8757,22.9098,22.9592,22.9979,23.0493,23.0090,23.0907,23.1631,23.2096,23.2656,23.3332,23.3840,23.4457,23.5055,23.5619,23.6494,22.5888,22.6591,22.7402,22.8377,22.9275,22.7001,22.8317,22.9842,23.0978,23.2162,23.1443,23.1950,23.2377,23.2530,23.2832,23.3312,23.3402,23.3648,23.4167,23.4525,23.3966,23.4349,23.4509,23.4987,23.5653,23.5959,23.6425,23.6599,23.6800,23.7027,23.7138,23.7161,23.6715,23.6983,23.7240,23.7467,23.7324,23.7531,23.7464,23.7334,23.7227,23.7281,23.7180,23.7062,23.6824,23.6529,23.6201,23.5868,23.5454,23.5021,23.4693,23.4014,23.3804,23.3669,23.3258,23.3114,23.1123,23.1061,23.1144,23.0581,22.8111,22.8244,22.8218,22.8270,22.8497,22.8560,22.8936,22.9316,22.9625,22.5762,22.6234,22.6785,22.7205,22.7613,22.7963,22.8326,22.8695,22.9096,22.9433,22.9720,22.9918,22.9983,23.0213,23.0600,23.0992,23.1344,23.1749,23.2165,23.2591,23.3021,23.3452,23.3869,23.4256,23.4666,23.5124,23.5581,23.5999,23.6468,23.6953,23.7446,23.7944,23.8445,23.8937,23.9397,23.9880,24.0405,24.0927,24.1408,24.1939,24.2482,24.3028,24.3576,24.4122,24.4657,24.5157,24.5674,24.6217,24.6754,24.7244,24.7775,24.8313,24.8847,24.9377,24.9901,25.0408,25.0886,25.1376,25.1880,25.2374,25.2822,25.3305,25.3785,25.4237,25.4585
45108.7916667,23.0160,22.9933,23.0200,23.0343,23.0548,23.0784,23.0425,22.2248,22.2703,22.2954,22.3124,22.3547,22.3917,22.3285,22.3655,22.4217,22.4946,22.5289,22.5761,22.6250,22.6586,22.6391,22.6367,22.6564,22.6887,22.7351,22.7379,22.7697,22.7354,22.7691,22.8009,22.8054,22.8118,22.8151,22.8237,22.8332,22.8472,22.8811,22.8874,22.6230,22.6482,22.6818,22.6826,22.7054,22.7970,22.8897,22.9497,22.5730,22.6342,22.6609,22.6109,22.6689,22.7091,22.7340,22.7587,22.7983,22.8388,22.8699,22.8490,22.9037,22.9604,23.0036,23.0265,23.0447,23.0827,23.1133,23.1778,23.0846,23.2428,23.2689,23.2628,23.2372,23.1990,23.1574,23.1448,23.1068,23.0793,22.8367,22.8020,22.7668,22.7706,22.7664,22.7795,22.6959,22.6981,22.6831,22.6976,22.7055,22.7329,22.7522,22.7795,22.7091,22.7579,22.7986,22.8319,22.8619,22.9102,22.9483,22.9944,23.0395,23.0836,23.1506,22.1566,22.2106,22.2722,22.3437,22.4069,22.1724,22.2806,22.4193,22.5382,22.6700,22.6130,22.6706,22.7214,22.7484,22.7961,22.8516,22.8835,22.9339,23.0157,23.0717,23.0449,23.1037,23.1391,23.2079,23.2763,23.2937,23.3387,23.3630,23.3907,23.4242,23.4483,23.4624,23.4132,23.4414,23.4783,23.5105,23.5060,23.5345,23.5486,23.5566,23.5668,23.5868,23.5900,23.6035,23.6056,23.5782,23.5632,23.5480,23.5329,23.5256,23.5158,23.4738,23.4568,23.4438,23.4042,23.3909,23.1749,23.1687,23.1667,23.0976,22.8406,22.8413,22.8259,22.8191,22.8219,22.8109,22.8187,22.8260,22.8359,22.4134,22.4369,22.4716,22.4939,22.5251,22.5536,22.5839,22.6159,22.6487,22.6767,22.7016,22.7182,22.7216,22.7414,22.7738,22.8069,22.8372,22.8711,22.9060,22.9416,22.9775,23.0137,23.0489,23.0821,23.1170,23.1553,23.1937,23.2294,23.2689,23.3094,23.3507,23.3924,23.4344,23.4759,23.5152,23.5562,23.6001,23.6441,23.6853,23.7302,23.7762,23.8227,23.8696,23.9167,23.9635,24.0082,24.0544,24.1029,24.1515,24.1973,24.2463,24.2963,24.3466,24.3969,24.4473,24.4970,24.5449,24.5939,24.6441,24.6940,24.7407,24.7900,24.8390,24.8851,24.9208
45108.8333333,22.4650,22.4608,22.5003,22.5267,22.5524,22.5760,22.5473,21.7704,21.8289,21.8576,21.8858,21.9370,21.9954,21.9329,21.9824,22.0488,22.1235,22.1688,22.2212,22.2819,22.3153,22.3036,22.3043,22.3249,22.3549,22.3902,22.3946,22.4303,22.3967,22.4365,22.4701,22.4827,22.4962,22.5013,22.5153,22.5326,22.5502,22.5789,22.6009,22.3246,22.3555,22.3844,22.3870,22.4058,22.4808,22.5665,22.6208,22.2452,22.3082,22.3285,22.2681,22.3119,22.3309,22.3387,22.3614,22.3963,22.4332,22.4582,22.4193,22.4632,22.5103,22.5467,22.5745,22.5994,22.6367,22.6751,22.7398,22.6770,22.9759,23.0613,23.0796,23.0674,23.0579,23.0731,23.0675,23.0421,23.0302,22.7937,22.7625,22.7177,22.7070,22.6903,22.6909,22.5954,22.5933,22.5679,22.5631,22.5578,22.5645,22.5711,22.5772,22.4818,22.5077,22.5341,22.5575,22.5731,22.5998,22.6208,22.6480,22.6757,22.7058,22.7506,21.7327,21.7791,21.8300,21.8874,21.9436,21.7122,21.8104,21.9202,22.0144,22.1277,22.0683,22.1171,22.1590,22.1841,22.2315,22.2862,22.3253,22.3841,22.4787,22.5454,22.5392,22.6107,22.6712,22.7675,22.8531,22.8851,22.9393,22.9802,23.0217,23.0707,23.1092,23.1356,23.0970,23.1347,23.1701,23.1968,23.1926,23.2294,23.2574,23.2751,23.2968,23.3219,23.3290,23.3593,23.3792,23.3601,23.3582,23.3575,23.3658,23.3974,23.4164,23.4087,23.4021,23.3933,23.3595,23.3504,23.1162,23.1175,23.1111,23.0364,22.7774,22.7718,22.7503,22.7431,22.7444,22.7344,22.7411,22.7433,22.7522,22.2960,22.3029,22.3186,22.3230,22.3366,22.3505,22.3653,22.3829,22.3992,22.4137,22.4281,22.4355,22.4298,22.4418,22.4624,22.4849,22.5067,22.5314,22.5574,22.5846,22.6127,22.6416,22.6707,22.6992,22.7289,22.7608,22.7932,22.8244,22.8579,22.8921,22.9271,22.9625,22.9983,23.0340,23.0688,23.1046,23.1420,23.1798,23.2161,23.2545,23.2937,23.3334,23.3735,23.4140,23.4544,23.4940,23.5345,23.5763,23.6184,23.6592,23.7018,23.7452,23.7889,23.8330,23.8773,23.9216,23.9652,24.0096,24.0549,24.1003,24.1443,24.1897,24.2350,24.2778,24.3110
45108.8750000,21.9150,21.9069,21.9329,21.9468,21.9509,21.9615,21.9207,21.1801,21.2298,21.2521,21.2787,21.3296,21.3993,21.3194,21.3862,21.4730,21.5625,21.6248,21.6943,21.7831,21.8221,21.8298,21.8458,21.8774,21.9141,21.9398,21.9546,22.0099,21.9855,22.0437,22.0866,22.1082,22.1257,22.1256,22.1347,22.1506,22.1569,22.1798,22.2143,21.9142,21.9342,21.9514,21.9548,21.9668,22.0241,22.1090,22.1673,21.8005,21.8779,21.8996,21.8372,21.8760,21.8867,21.8856,21.9124,21.9575,21.9992,22.0176,21.9577,21.9831,22.0139,22.0400,22.0762,22.1111,22.1523,22.1952,22.2513,22.1948,22.5842,22.7092,22.7380,22.7404,22.7538,22.8219,22.8191,22.7954,22.7914,22.5591,22.5277,22.4651,22.4309,22.3977,22.3891,22.2881,22.2874,22.2656,22.2584,22.2546,22.2587,22.2645,22.2618,22.1571,22.1724,22.1968,22.2239,22.2354,22.2517,22.2573,22.2726,22.2904,22.3105,22.3341,21.3659,21.3906,21.4131,21.4431,21.4782,21.2365,21.3283,21.4208,21.5063,21.6109,21.5452,21.5835,21.6126,21.6298,21.6696,21.7091,21.7397,21.7904,21.8844,21.9444,21.9454,22.0150,22.0813,22.1840,22.2752,22.3084,22.3706,22.4289,22.4857,22.5541,22.6117,22.6548,22.6306,22.6885,22.7412,22.7788,22.7850,22.8341,22.8780,22.9009,22.9296,22.9569,22.9637,23.0049,23.0350,23.0144,23.0182,23.0263,23.0499,23.1138,23.1612,23.1870,23.1891,23.1789,23.1452,23.1366,22.8867,22.8958,22.8827,22.8001,22.5423,22.5317,22.5060,22.5011,22.5074,22.5082,22.5318,22.5497,22.5759,22.1114,22.1202,22.1284,22.1235,22.1256,22.1313,22.1360,22.1433,22.1426,22.1432,22.1474,22.1458,22.1306,22.1342,22.1396,22.1474,22.1570,22.1672,22.1786,22.1912,22.2052,22.2208,22.2383,22.2577,22.2776,22.2975,22.3188,22.3417,22.3647,22.3886,22.4134,22.4392,22.4662,22.4945,22.5245,22.5547,22.5845,22.6153,22.6473,22.6790,22.7111,22.7437,22.7769,22.8108,22.8456,22.8817,22.9176,22.9532,22.9893,23.0265,23.0631,23.0999,23.1369,23.1744,23.2124,23.2512,23.2909,23.3304,23.3696,23.4093,23.4501,23.4899,23.5291,23.5662,23.5948
45108.9166667,21.3180,21.3243,21.3610,21.3846,21.3989,21.4139,21.3797,20.6617,20.7057,20.7241,20.7454,20.7861,20.8420,20.7210,20.7796,20.8590,20.9460,21.0116,21.0839,21.1809,21.2338,21.2545,21.2823,21.3283,21.3791,21.4235,21.4509,21.5171,21.5110,21.5818,21.6432,21.6820,21.7181,21.7303,21.7480,21.7682,21.7761,21.7969,21.8292,21.5185,21.5355,21.5491,21.5510,21.5590,21.6019,21.6668,21.7146,21.3507,21.4214,21.4430,21.3842,21.4227,21.4343,21.4346,21.4601,21.5072,21.5509,21.5723,21.5166,21.5406,21.5683,21.5898,21.6222,21.6530,21.6890,21.7278,21.7780,21.7196,22.1341,22.2841,22.3305,22.3502,22.3802,22.4737,22.4782,22.4684,22.4772,22.2601,22.2366,22.1781,22.1458,22.1140,22.1053,21.9999,21.9978,21.9729,21.9603,21.9509,21.9487,21.9484,21.9390,21.8303,21.8381,21.8549,21.8752,21.8815,21.8936,21.8968,21.9085,21.9223,21.9382,21.9595,20.9764,21.0039,21.0278,21.0569,21.0885,20.8371,20.9142,20.9873,21.0544,21.1409,21.0747,21.1071,21.1313,21.1447,21.1783,21.2124,21.2384,21.2815,21.3582,21.4089,21.4033,21.4631,21.5242,21.6174,21.7015,21.7343,21.7936,21.8488,21.9052,21.9747,22.0376,22.0895,22.0812,22.1537,22.2218,22.2764,22.2954,22.3581,22.4164,22.4543,22.4950,22.5330,22.5514,22.6012,22.6402,22.6285,22.6408,22.6561,22.6881,22.7622,22.8230,22.8669,22.8776,22.8754,22.8518,22.8503,22.5929,22.6102,22.6024,22.5212,22.2732,22.2655,22.2420,22.2391,22.2468,22.2494,22.2751,22.2959,22.3251,21.8579,21.8746,21.8902,21.8912,21.8960,21.9034,21.9087,21.9156,21.9137,21.9127,21.9146,21.9103,21.8927,21.8929,21.8929,21.8942,21.8968,21.8990,21.9015,21.9046,21.9086,21.9135,21.9201,21.9284,21.9369,21.9451,21.9545,21.9659,21.9772,21.9893,22.0024,22.0167,22.0323,22.0495,22.0687,22.0883,22.1077,22.1284,22.1509,22.1732,22.1962,22.2200,22.2448,22.2705,22.2975,22.3261,22.3549,22.3834,22.4129,22.4438,22.4743,22.5049,22.5361,22.5679,22.6003,22.6336,22.6680,22.7023,22.7363,22.7709,22.8068,22.8417,22.8761,22.9087,22.9339
45108.9583333,20.7700,20.7797,20.8164,20.8420,20.8599,20.8757,20.8468,20.1587,20.2054,20.2256,20.2502,20.2929,20.3494,20.1920,20.2520,20.3291,20.4103,20.4696,20.5351,20.6237,20.6749,20.6965,20.7239,20.7714,20.8248,20.8769,20.9115,20.9851,20.9957,21.0794,21.1597,21.2161,21.2738,21.3025,21.3347,21.3672,21.3860,21.4169,21.4563,21.1471,21.1673,21.1826,21.1868,21.1953,21.2323,21.2893,21.3307,20.9688,21.0302,21.0486,20.9888,21.0212,21.0281,21.0258,21.0482,21.0936,21.1364,21.1584,21.1056,21.1291,21.1562,21.1773,21.2113,21.2441,21.2802,21.3189,21.3653,21.2986,21.6931,21.8450,21.8982,21.9284,21.9707,22.0839,22.0938,22.0958,22.1173,21.9167,21.9026,21.8507,21.8232,21.7970,21.7924,21.6887,21.6915,21.6725,21.6655,21.6610,21.6625,21.6644,21.6566,21.5505,21.5569,21.5723,21.5903,21.5933,21.6013,21.6009,21.6084,21.6174,21.6280,21.6431,20.6258,20.6490,20.6690,20.6944,20.7221,20.4676,20.5392,20.6065,20.6665,20.7436,20.6773,20.7050,20.7246,20.7344,20.7624,20.7913,20.8132,20.8506,20.9161,20.9597,20.9494,21.0008,21.0545,21.1352,21.2080,21.2350,21.2875,21.3359,21.3868,21.4501,21.5088,21.5591,21.5541,21.6265,21.6966,21.7560,21.7802,21.8488,21.9152,21.9631,22.0127,22.0594,22.0886,22.1479,22.1976,22.1959,22.2184,22.2430,22.2883,22.3794,22.4548,22.5132,22.5297,22.5328,22.5167,22.5204,22.2590,22.2835,22.2816,22.2039,21.9678,21.9647,21.9454,21.9474,21.9614,21.9712,22.0060,22.0342,22.0681,21.6016,21.6219,21.6409,21.6453,21.6517,21.6608,21.6679,21.6763,21.6752,21.6749,21.6773,21.6737,21.6570,21.6573,21.6577,21.6593,21.6621,21.6639,21.6658,21.6679,21.6703,21.6733,21.6774,21.6828,21.6878,21.6918,21.6965,21.7026,21.7080,21.7136,21.7197,21.7264,21.7339,21.7427,21.7533,21.7639,21.7740,21.7852,21.7982,21.8108,21.8239,21.8378,21.8526,21.8685,21.8858,21.9050,21.9244,21.9437,21.9640,21.9863,22.0081,22.0303,22.0534,22.0772,22.1019,22.1278,22.1552,22.1825,22.2099,22.2381,22.2679,22.2969,22.3256,22.3529,22.3742
45109.0000000,20.1980,20.2155,20.2576,20.2884,20.3130,20.3320,20.3124,19.6573,19.7089,19.7315,19.7593,19.8040,19.8610,19.6720,19.7339,19.8122,19.8950,19.9565,20.0215,20.1091,20.1612,20.1845,20.2114,20.2581,20.3098,20.3609,20.3955,20.4668,20.4807,20.5649,20.6513,20.7169,20.7892,20.8311,20.8765,20.9212,20.9518,20.9952,21.0442,20.7414,20.7694,20.7902,20.8000,20.8133,20.8553,20.9189,20.9628,20.6059,20.6667,20.6842,20.6260,20.6561,20.6608,20.6566,20.6764,20.7187,20.7581,20.7777,20.7243,20.7442,20.7680,20.7863,20.8193,20.8519,20.8871,20.9255,20.9712,20.8999,21.2769,21.4232,21.4763,21.5093,21.5555,21.6742,21.6864,21.6947,21.7230,21.5361,21.5286,21.4813,21.4573,21.4352,21.4337,21.3310,21.3377,21.3241,21.3224,21.3232,21.3294,21.3349,21.3322,21.2340,21.2448,21.2652,21.2868,21.2929,21.3027,21.3016,21.3095,21.3189,21.3297,21.3442,20.3026,20.3236,20.3407,20.3627,20.3867,20.1264,20.1919,20.2530,20.3070,20.3773,20.3114,20.3357,20.3523,20.3596,20.3844,20.4098,20.4292,20.4631,20.5223,20.5609,20.5479,20.5931,20.6408,20.7120,20.7753,20.7968,20.8426,20.8845,20.9294,20.9855,21.0382,21.0839,21.0775,21.1441,21.2091,21.2650,21.2875,21.3533,21.4186,21.4677,21.5185,21.5667,21.5999,21.6621,21.7166,21.7214,21.7505,21.7816,21.8372,21.9437,22.0351,22.1104,22.1335,22.1425,22.1348,22.1443,21.8802,21.9130,21.9173,21.8442,21.6211,21.6227,21.6078,21.6150,21.6358,21.6536,21.6991,21.7369,21.7778,21.3176,21.3454,21.3710,21.3811,21.3902,21.4017,21.4109,21.4210,21.4207,21.4210,21.4239,21.4209,21.4048,21.4053,21.4058,21.4075,21.4105,21.4123,21.4140,21.4158,21.4179,21.4205,21.4242,21.4292,21.4336,21.4368,21.4406,21.4457,21.4498,21.4539,21.4582,21.4629,21.4680,21.4742,21.4820,21.4894,21.4957,21.5028,21.5115,21.5192,21.5270,21.5353,21.5442,21.5537,21.5643,21.5766,21.5888,21.6006,21.6132,21.6277,21.6414,21.6555,21.6702,21.6857,21.7020,21.7196,21.7387,21.7579,21.7771,21.7972,21.8193,21.8405,21.8617,21.8821,21.8980
45109.0416667,19.6980,19.7169,19.7565,19.7874,19.8143,19.8321,19.8134,19.1811,19.2306,19.2524,19.2806,19.3243,19.3790,19.1668,19.2306,19.3099,19.3949,19.4594,19.5239,19.6112,19.6675,19.6940,19.7221,19.7708,19.8239,19.8798,19.9163,19.9859,20.0030,20.0843,20.1707,20.2388,20.3147,20.3609,20.4120,20.4618,20.4995,20.5510,20.6056,20.3181,20.3529,20.3786,20.3937,20.4127,20.4636,20.5368,20.5859,20.2439,20.3060,20.3248,20.2711,20.3029,20.3099,20.3076,20.3267,20.3707,20.4106,20.4309,20.3799,20.3980,20.4193,20.4348,20.4659,20.4970,20.5292,20.5650,20.6063,20.5290,20.8829,21.0232,21.0766,21.1128,21.1611,21.2759,21.2895,21.3017,21.3328,21.1587,21.1567,21.1153,21.0952,21.0767,21.0769,20.9753,20.9839,20.9724,20.9736,20.9769,20.9856,20.9922,20.9934,20.9024,20.9164,20.9399,20.9627,20.9711,20.9830,20.9831,20.9924,21.0031,21.0153,21.0318,19.9896,20.0102,20.0275,20.0491,20.0716,19.8124,19.8726,19.9291,19.9771,20.0407,19.9762,19.9978,20.0121,20.0176,20.0394,20.0623,20.0799,20.1108,20.1632,20.1979,20.1829,20.2238,20.2689,20.3341,20.3911,20.4095,20.4500,20.4861,20.5258,20.5754,20.6226,20.6644,20.6570,20.7173,20.7761,20.8268,20.8453,20.9048,20.9646,21.0111,21.0588,21.1037,21.1360,21.1947,21.2474,21.2556,21.2869,21.3199,21.3778,21.4870,21.5847,21.6705,21.6985,21.7131,21.7135,21.7285,21.4674,21.5065,21.5179,21.4518,21.2429,21.2502,21.2409,21.2535,21.2811,21.3061,21.3613,21.4077,21.4545,21.0049,21.0412,21.0750,21.0923,21.1059,21.1212,21.1340,21.1472,21.1497,21.1522,21.1568,21.1556,21.1417,21.1433,21.1453,21.1484,21.1526,21.1553,21.1579,21.1603,21.1628,21.1656,21.1694,21.1744,21.1787,21.1816,21.1849,21.1896,21.1930,21.1963,21.1997,21.2034,21.2075,21.2125,21.2190,21.2250,21.2299,21.2353,21.2423,21.2481,21.2539,21.2599,21.2663,21.2732,21.2810,21.2904,21.2994,21.3076,21.3164,21.3270,21.3365,21.3460,21.3560,21.3664,21.3774,21.3895,21.4028,21.4160,21.4290,21.4428,21.4584,21.4729,21.4874,21.5015,21.5124
45109.0833333,19.2220,19.2420,19.2806,19.3115,19.3401,19.3577,19.3427,18.7394,18.7887,18.8099,18.8380,18.8803,18.9323,18.6969,18.7581,18.8340,18.9161,18.9797,19.0423,19.1281,19.1857,19.2145,19.2442,19.2944,19.3488,19.4083,19.4476,19.5186,19.5419,19.6245,19.7135,19.7845,19.8637,19.9124,19.9658,20.0173,20.0573,20.1115,20.1682,19.8943,19.9320,19.9598,19.9782,20.0009,20.0588,20.1418,20.1966,19.8714,19.9373,19.9573,19.9082,19.9430,19.9540,19.9546,19.9749,20.0237,20.0673,20.0899,20.0429,20.0618,20.0835,20.0994,20.1317,20.1640,20.1960,20.2313,20.2706,20.1886,20.5177,20.6483,20.6987,20.7347,20.7831,20.8952,20.9086,20.9221,20.9545,20.7900,20.7910,20.7527,20.7344,20.7182,20.7197,20.6199,20.6304,20.6216,20.6256,20.6314,20.6424,20.6505,20.6542,20.5689,20.5850,20.6109,20.6353,20.6452,20.6580,20.6578,20.6676,20.6788,20.6918,20.7087,19.6846,19.7040,19.7201,19.7408,19.7623,19.5067,19.5660,19.6213,19.6673,19.7274,19.6637,19.6830,19.6950,19.6988,19.7182,19.7385,19.7541,19.7825,19.8316,19.8632,19.8471,19.8843,19.9261,19.9868,20.0391,20.0548,20.0916,20.1242,20.1602,20.2054,20.2483,20.2864,20.2774,20.3329,20.3868,20.4329,20.4480,20.5022,20.5569,20.5994,20.6430,20.6835,20.7127,20.7666,20.8152,20.8229,20.8532,20.8850,20.9410,21.0463,21.1419,21.2292,21.2580,21.2742,21.2783,21.2956,21.0386,21.0806,21.0965,21.0355,20.8394,20.8508,20.8458,20.8629,20.8969,20.9291,20.9944,21.0498,21.1031,20.6676,20.7115,20.7529,20.7773,20.7948,20.8139,20.8304,20.8470,20.8521,20.8569,20.8635,20.8646,20.8531,20.8563,20.8606,20.8660,20.8726,20.8776,20.8822,20.8865,20.8908,20.8954,20.9007,20.9072,20.9128,20.9167,20.9209,20.9264,20.9304,20.9341,20.9377,20.9414,20.9454,20.9501,20.9563,20.9619,20.9660,20.9706,20.9768,20.9815,20.9861,20.9908,20.9958,21.0012,21.0074,21.0151,21.0223,21.0285,21.0354,21.0438,21.0510,21.0582,21.0656,21.0734,21.0816,21.0907,21.1010,21.1110,21.1206,21.1308,21.1427,21.1534,21.1639,21.1740,21.1819
45109.1250000,18.7710,18.7903,18.8262,18.8552,18.8829,18.8988,18.8847,18.3067,18.3544,18.3744,18.4018,18.4426,18.4931,18.2412,18.3012,18.3751,18.4550,18.5173,18.5775,18.6604,18.7167,18.7458,18.7751,18.8246,18.8780,18.9378,18.9778,19.0487,19.0767,19.1606,19.2532,19.3280,19.4125,19.4651,19.5217,19.5756,19.6177,19.6737,19.7316,19.4704,19.5088,19.5371,19.5569,19.5809,19.6418,19.7301,19.7882,19.4798,19.5488,19.5698,19.5253,19.5627,19.5773,19.5807,19.6027,19.6562,19.7039,19.7289,19.6865,19.7068,19.7298,19.7472,19.7818,19.8168,19.8505,19.8879,19.9301,19.8498,20.1702,20.2944,20.3410,20.3746,20.4207,20.5277,20.5397,20.5522,20.5832,20.4256,20.4269,20.3893,20.3707,20.3548,20.3561,20.2570,20.2676,20.2599,20.2646,20.2713,20.2832,20.2919,20.2968,20.2163,20.2338,20.2618,20.2878,20.2995,20.3134,20.3130,20.3235,20.3355,20.3495,20.3674,19.3702,19.3895,19.4053,19.4255,19.4467,19.1954,19.2551,19.3110,19.3570,19.4164,19.3543,19.3722,19.3829,19.3857,19.4038,19.4219,19.4359,19.4624,19.5096,19.5387,19.5223,19.5566,19.5953,19.6523,19.7008,19.7140,19.7477,19.7780,19.8112,19.8531,19.8928,19.9279,19.9177,19.9693,20.0193,20.0618,20.0746,20.1246,20.1755,20.2145,20.2546,20.2915,20.3177,20.3676,20.4123,20.4184,20.4465,20.4760,20.5286,20.6280,20.7186,20.8030,20.8305,20.8460,20.8507,20.8679,20.6123,20.6539,20.6709,20.6122,20.4264,20.4393,20.4363,20.4554,20.4925,20.5286,20.5999,20.6614,20.7196,20.2968,20.3485,20.3975,20.4289,20.4505,20.4733,20.4935,20.5134,20.5208,20.5277,20.5362,20.5394,20.5302,20.5349,20.5413,20.5488,20.5575,20.5645,20.5711,20.5773,20.5835,20.5899,20.5970,20.6054,20.6127,20.6182,20.6240,20.6311,20.6365,20.6415,20.6463,20.6512,20.6562,20.6619,20.6690,20.6752,20.6799,20.6850,20.6915,20.6964,20.7009,20.7055,20.7102,20.7152,20.7208,20.7279,20.7343,20.7396,20.7453,20.7527,20.7586,20.7643,20.7701,20.7762,20.7827,20.7899,20.7984,20.8063,20.8137,20.8216,20.8313,20.8395,20.8475,20.8552,20.8610
45109.1666667,18.3660,18.3826,18.4137,18.4391,18.4641,18.4768,18.4608,17.8999,17.9430,17.9604,17.9852,18.0226,18.0694,17.8024,17.8596,17.9303,18.0073,18.0681,18.1260,18.2065,18.2621,18.2915,18.3206,18.3692,18.4213,18.4809,18.5207,18.5897,18.6198,18.7024,18.7955,18.8722,18.9602,19.0158,19.0755,19.1317,19.1764,19.2350,19.2942,19.0499,19.0892,19.1179,19.1388,19.1636,19.2256,19.3156,19.3746,19.0847,19.1537,19.1749,19.1342,19.1724,19.1893,19.1947,19.2175,19.2743,19.3251,19.3523,19.3147,19.3363,19.3605,19.3793,19.4162,19.4539,19.4894,19.5291,19.5754,19.5012,19.8245,19.9483,19.9943,20.0277,20.0728,20.1752,20.1862,20.1976,20.2267,20.0753,20.0766,20.0398,20.0206,20.0045,20.0047,19.9060,19.9157,19.9075,19.9113,19.9172,19.9283,19.9360,19.9405,19.8631,19.8801,19.9079,19.9334,19.9452,19.9589,19.9584,19.9688,19.9809,19.9950,20.0135,19.0434,19.0630,19.0793,19.0999,19.1213,18.8779,18.9380,18.9952,19.0419,19.1014,19.0420,19.0593,19.0695,19.0722,19.0898,19.1067,19.1200,19.1454,19.1916,19.2191,19.2033,19.2357,19.2727,19.3269,19.3725,19.3838,19.4149,19.4434,19.4743,19.5135,19.5506,19.5833,19.5724,19.6209,19.6676,19.7072,19.7181,19.7647,19.8124,19.8488,19.8861,19.9200,19.9438,19.9903,20.0319,20.0369,20.0631,20.0905,20.1397,20.2330,20.3180,20.3985,20.4243,20.4386,20.4432,20.4596,20.2047,20.2438,20.2607,20.2027,20.0256,20.0387,20.0365,20.0556,20.0928,20.1292,20.2012,20.2639,20.3228,19.9111,19.9664,20.0198,20.0558,20.0802,20.1058,20.1289,20.1515,20.1613,20.1703,20.1807,20.1859,20.1793,20.1855,20.1941,20.2038,20.2147,20.2238,20.2324,20.2407,20.2488,20.2571,20.2661,20.2763,20.2854,20.2927,20.3001,20.3088,20.3157,20.3222,20.3284,20.3346,20.3409,20.3478,20.3561,20.3635,20.3693,20.3753,20.3828,20.3885,20.3938,20.3991,20.4044,20.4098,20.4159,20.4233,20.4299,20.4354,20.4411,20.4484,20.4541,20.4594,20.4648,20.4704,20.4761,20.4826,20.4901,20.4971,20.5033,20.5100,20.5183,20.5251,20.5315,20.5376,20.5422
45109.2083333,17.9860,17.9987,18.0250,18.0458,18.0665,18.0760,18.0585,17.5135,17.5529,17.5677,17.5898,17.6239,17.6676,17.3869,17.4396,17.5051,17.5764,17.6332,17.6877,17.7646,17.8170,17.8458,17.8744,17.9213,17.9716,18.0289,18.0683,18.1366,18.1688,18.2509,18.3436,18.4203,18.5092,18.5659,18.6263,18.6835,18.7292,18.7890,18.8496,18.6222,18.6618,18.6906,18.7124,18.7377,18.8009,18.8945,18.9552,18.6845,18.7545,18.7755,18.7377,18.7759,18.7938,18.8001,18.8235,18.8818,18.9340,18.9617,18.9272,18.9492,18.9740,18.9940,19.0327,19.0725,19.1098,19.1517,19.2021,19.1363,19.4711,19.5977,19.6438,19.6770,19.7222,19.8261,19.8359,19.8462,19.8741,19.7275,19.7275,19.6895,19.6684,19.6514,19.6506,19.5531,19.5619,19.5541,19.5572,19.5626,19.5730,19.5803,19.5835,19.5083,19.5241,19.5516,19.5771,19.5887,19.6015,19.5996,19.6091,19.6207,19.6343,19.6514,18.7156,18.7335,18.7477,18.7665,18.7867,18.5515,18.6120,18.6701,18.7182,18.7787,18.7215,18.7383,18.7477,18.7503,18.7677,18.7834,18.7959,18.8207,18.8681,18.8948,18.8809,18.9123,18.9474,19.0002,19.0441,19.0540,19.0836,19.1117,19.1413,19.1790,19.2141,19.2445,19.2324,19.2783,19.3225,19.3595,19.3694,19.4137,19.4591,19.4929,19.5279,19.5594,19.5809,19.6253,19.6645,19.6674,19.6913,19.7167,19.7635,19.8533,19.9344,20.0114,20.0349,20.0470,20.0502,20.0648,19.8101,19.8469,19.8622,19.8035,19.6338,19.6456,19.6429,19.6611,19.6976,19.7338,19.8055,19.8683,19.9270,19.5246,19.5803,19.6344,19.6718,19.6968,19.7231,19.7471,19.7707,19.7811,19.7908,19.8019,19.8083,19.8030,19.8101,19.8198,19.8309,19.8433,19.8539,19.8641,19.8740,19.8839,19.8939,19.9046,19.9167,19.9276,19.9365,19.9457,19.9561,19.9647,19.9728,19.9806,19.9883,19.9961,20.0044,20.0142,20.0229,20.0299,20.0372,20.0459,20.0527,20.0590,20.0652,20.0714,20.0777,20.0845,20.0927,20.1001,20.1061,20.1124,20.1202,20.1262,20.1318,20.1375,20.1431,20.1490,20.1554,20.1629,20.1697,20.1757,20.1820,20.1899,20.1962,20.2020,20.2074,20.2114
45109.2500000,17.6290,17.6477,17.6800,17.7063,17.7371,17.7498,17.7345,17.1955,17.2310,17.2449,17.2638,17.2921,17.3244,17.0283,17.0747,17.1331,17.2009,17.2536,17.3007,17.3668,17.4217,17.4457,17.4701,17.5151,17.5641,17.6284,17.6630,17.7200,17.7527,17.8255,17.9166,17.9925,18.0829,18.1441,18.2076,18.2651,18.3160,18.3776,18.4315,18.2318,18.2752,18.3074,18.3280,18.3552,18.4225,18.5088,18.5653,18.3137,18.3765,18.3984,18.3679,18.4085,18.4302,18.4408,18.4597,18.5131,18.5634,18.5951,18.5731,18.5994,18.6261,18.6455,18.6765,18.7109,18.7459,18.7865,18.8412,18.7820,19.1121,19.2448,19.3004,19.3397,19.3867,19.4870,19.5004,19.5185,19.5491,19.4131,19.4163,19.3889,19.3788,19.3683,19.3690,19.2712,19.2759,19.2630,19.2639,19.2655,19.2741,19.2781,19.2813,19.2097,19.2242,19.2458,19.2631,19.2717,19.2848,19.2875,19.2973,19.3072,19.3183,19.3357,18.4287,18.4450,18.4604,18.4794,18.4971,18.2639,18.3118,18.3672,18.4106,18.4670,18.4164,18.4352,18.4479,18.4518,18.4680,18.4866,18.4996,18.5235,18.5625,18.5899,18.5743,18.6064,18.6421,18.6952,18.7401,18.7546,18.7823,18.8041,18.8303,18.8645,18.8976,18.9275,18.9193,18.9626,19.0045,19.0416,19.0499,19.0898,19.1295,19.1634,19.1962,19.2271,19.2498,19.2878,19.3231,19.3301,19.3534,19.3764,19.4186,19.4989,19.5749,19.6470,19.6709,19.6874,19.6951,19.7113,19.4608,19.4938,19.5129,19.4561,19.2952,19.3090,19.3084,19.3240,19.3563,19.3856,19.4479,19.5035,19.5541,19.1584,19.2135,19.2697,19.3096,19.3378,19.3648,19.3900,19.4142,19.4303,19.4435,19.4556,19.4624,19.4593,19.4669,19.4788,19.4912,19.5037,19.5155,19.5269,19.5381,19.5490,19.5599,19.5709,19.5823,19.5935,19.6040,19.6146,19.6254,19.6356,19.6455,19.6552,19.6646,19.6740,19.6834,19.6932,19.7028,19.7118,19.7207,19.7299,19.7385,19.7468,19.7549,19.7628,19.7705,19.7783,19.7865,19.7944,19.8019,19.8094,19.8172,19.8246,19.8316,19.8385,19.8452,19.8519,19.8587,19.8659,19.8728,19.8795,19.8863,19.8935,19.9002,19.9067,19.9127,19.9171
45109.2916667,17.4390,17.4605,17.4961,17.5308,17.5808,17.6025,17.5951,17.0587,17.1015,17.1211,17.1416,17.1701,17.1895,16.8785,16.9114,16.9545,17.0150,17.0653,17.0977,17.1398,17.1962,17.2099,17.2236,17.2646,17.3117,17.3907,17.4205,17.4599,17.4881,17.5397,17.6185,17.6874,17.7810,17.8463,17.9122,17.9696,18.0376,18.1062,18.1516,17.9935,18.0495,18.0946,18.1178,18.1522,18.2295,18.3067,18.3538,18.1109,18.1541,18.1746,18.1539,18.2004,18.2311,18.2515,18.2611,18.3050,18.3437,18.3844,18.3797,18.4195,18.4564,18.4803,18.4988,18.5203,18.5462,18.5745,18.6199,18.5494,18.8080,18.9342,19.0073,19.0630,19.1226,19.2159,19.2372,19.2797,19.3239,19.2104,19.2301,19.2311,19.2519,19.2677,19.2840,19.1927,19.2005,19.1885,19.1953,19.1980,19.2091,19.2110,19.2181,19.1506,19.1644,19.1768,19.1797,19.1801,19.1897,19.1978,19.2071,19.2162,19.2211,19.2363,18.3286,18.3447,18.3649,18.3830,18.3955,18.1524,18.1718,18.2141,18.2377,18.2723,18.2276,18.2464,18.2658,18.2736,18.2897,18.3148,18.3349,18.3619,18.3828,18.4127,18.3890,18.4196,18.4564,18.5115,18.5641,18.5926,18.6189,18.6302,18.6512,18.6780,18.7061,18.7350,18.7288,18.7656,18.8024,18.8425,18.8508,18.8823,18.9108,18.9450,18.9740,19.0025,19.0279,19.0563,19.0852,19.1006,19.1273,19.1486,19.1845,19.2455,19.3092,19.3696,19.3935,19.4199,19.4403,19.4628,19.2260,19.2581,19.2896,19.2441,19.0969,19.1203,19.1285,19.1462,19.1770,19.2002,19.2491,19.2907,19.3211,18.9244,18.9685,19.0247,19.0665,19.1002,19.1274,19.1566,19.1841,19.2140,19.2367,19.2537,19.2623,19.2636,19.2739,19.2951,19.3150,19.3310,19.3503,19.3690,19.3869,19.4037,19.4189,19.4302,19.4404,19.4517,19.4669,19.4808,19.4911,19.5052,19.5191,19.5325,19.5453,19.5575,19.5682,19.5750,19.5832,19.5954,19.6065,19.6142,19.6260,19.6378,19.6493,19.6603,19.6708,19.6801,19.6856,19.6925,19.7032,19.7130,19.7193,19.7298,19.7404,19.7506,19.7604,19.7698,19.7779,19.7827,19.7891,19.7984,19.8071,19.8126,19.8218,19.8311,19.8397,19.8465
45109.3333333,17.5100,17.5198,17.5463,17.5765,17.6368,17.6704,17.6553,17.1135,17.1667,17.1952,17.2281,17.2600,17.2692,16.9697,16.9831,17.0238,17.0853,17.1245,17.1422,17.1436,17.1899,17.1855,17.1769,17.2064,17.2582,17.3353,17.3517,17.3668,17.3828,17.4116,17.4774,17.5468,17.6501,17.7162,17.7972,17.8341,17.9170,17.9837,18.0169,17.9036,17.9680,18.0383,18.0597,18.0984,18.1962,18.2762,18.3070,18.0602,18.0858,18.1055,18.0998,18.1612,18.2083,18.2434,18.2457,18.2861,18.3138,18.3678,18.3750,18.4312,18.4797,18.5087,18.5089,18.5135,18.5314,18.5458,18.5988,18.4979,18.6308,18.7219,18.8101,18.8701,18.9392,19.0278,19.0593,19.1304,19.1983,19.1002,19.1335,19.1629,19.2172,19.2659,19.3038,19.2276,19.2369,19.2267,19.2411,19.2479,19.2653,19.2709,19.3039,19.2547,19.2841,19.3100,19.3124,19.3176,19.3367,19.3583,19.3737,19.3805,19.3738,19.3841,18.4715,18.4848,18.5092,18.5293,18.5259,18.2611,18.2397,18.2635,18.2614,18.2720,18.2269,18.2473,18.2691,18.2768,18.2852,18.3079,18.3332,18.3620,18.3592,18.3910,18.3530,18.3884,18.4202,18.4706,18.5338,18.5809,18.6141,18.6181,18.6356,18.6558,18.6801,18.7085,18.6944,18.7174,18.7421,18.7883,18.7930,18.8133,18.8253,18.8561,18.8782,18.9125,18.9346,18.9493,18.9772,18.9993,19.0226,19.0383,19.0627,19.1018,19.1515,19.1972,19.2195,19.2617,19.2965,19.3257,19.1145,19.1538,19.2023,19.1701,19.0314,19.0610,19.0771,19.0975,19.1301,19.1549,19.1973,19.2278,19.2398,18.8471,18.8795,18.9368,18.9802,19.0176,19.0410,19.0738,19.1044,19.1484,19.1805,19.2019,19.2082,19.2096,19.2200,19.2515,19.2796,19.2970,19.3265,19.3554,19.3836,19.4104,19.4353,19.4556,19.4639,19.4757,19.4998,19.5208,19.5317,19.5539,19.5758,19.5971,19.6173,19.6360,19.6507,19.6538,19.6609,19.6794,19.6952,19.7015,19.7192,19.7369,19.7540,19.7702,19.7852,19.7968,19.7976,19.8031,19.8181,19.8307,19.8337,19.8489,19.8642,19.8790,19.8932,19.9064,19.9168,19.9188,19.9307,19.9434,19.9537,19.9546,19.9674,19.9805,19.9926,20.0023
45109.3750000,17.8430,17.8304,17.8495,17.8728,18.0265,18.0833,18.0252,17.4430,17.5256,17.5738,17.6311,17.6715,17.6646,17.3905,17.3745,17.4150,17.4852,17.5248,17.5271,17.4705,17.5787,17.5381,17.4807,17.4782,17.5430,17.6192,17.5770,17.5367,17.5166,17.5162,17.5399,17.6087,17.7684,17.8773,17.9938,18.0565,18.1453,18.1372,18.1185,18.0725,18.1362,18.2390,18.2309,18.2565,18.4209,18.5293,18.5866,18.3031,18.3270,18.3227,18.3370,18.4156,18.4807,18.5372,18.5370,18.5564,18.5310,18.6244,18.6792,18.7371,18.7945,18.8293,18.7785,18.7390,18.7418,18.7226,18.8140,18.7443,18.6691,18.6836,18.7956,18.8318,18.9138,18.9818,19.0266,19.1517,19.2562,19.2131,19.2454,19.3214,19.4491,19.5438,19.6081,19.5452,19.5261,19.4878,19.4806,19.4688,19.4879,19.5309,19.6248,19.6233,19.6738,19.7274,19.7305,19.7478,19.7858,19.8325,19.8630,19.8750,19.8546,19.8952,18.9768,18.9929,19.0279,19.0461,19.0101,18.7025,18.6088,18.6187,18.5780,18.5495,18.5022,18.5276,18.5607,18.5748,18.5736,18.6260,18.6650,18.6937,18.6286,18.6548,18.5670,18.5996,18.5959,18.6236,18.7107,18.7952,18.8387,18.8329,18.8506,18.8658,18.8920,18.9290,18.8895,18.8675,18.8643,18.9432,18.9569,18.9483,18.9267,18.9558,19.0017,19.0377,19.0371,19.0169,19.0461,19.1157,19.1666,19.1583,19.1767,19.1361,19.1350,19.1586,19.1690,19.2426,19.3046,19.3346,19.1671,19.2202,19.3013,19.2981,19.1681,19.1933,19.2169,19.2399,19.2769,19.3146,19.3594,19.3814,19.3629,18.9818,18.9879,19.0578,19.1097,19.1548,19.1642,19.2096,19.2503,19.3219,19.3720,19.4003,19.3889,19.3774,19.3804,19.4318,19.4728,19.4814,19.5310,19.5789,19.6249,19.6680,19.7066,19.7336,19.7228,19.7245,19.7644,19.7956,19.7953,19.8354,19.8744,19.9118,19.9471,19.9786,19.9996,19.9847,19.9831,20.0161,20.0409,20.0362,20.0692,20.1012,20.1319,20.1608,20.1866,20.2035,20.1907,20.2102,20.2293,20.2416,20.2266,20.2517,20.2778,20.3034,20.3278,20.3497,20.3643,20.3541,20.3752,20.3957,20.4093,20.3956,20.4179,20.4399,20.4604,20.4769
45109.4166667,18.4610,18.4215,18.5047,18.5009,18.7060,18.7826,18.8261,18.1765,18.2896,18.3574,18.4406,18.4918,18.4716,18.2121,18.2578,18.2862,18.3520,18.3791,18.3579,18.2269,18.3515,18.2539,18.1916,18.1085,18.1797,18.3919,18.3202,18.2333,18.2857,18.1858,18.2284,18.1700,18.2909,18.3980,18.5527,18.6432,18.7738,18.7387,18.6662,18.6759,18.8544,18.9660,18.9038,18.8892,19.1058,19.2123,19.2501,18.9001,18.8938,18.8717,18.8971,18.9928,19.0816,19.1661,19.1679,19.1776,19.1155,19.2624,19.3907,19.4959,19.5809,19.6210,19.5120,19.4106,19.3750,19.3175,19.3699,19.2811,18.9822,18.9631,19.0741,19.0572,19.1260,19.1510,19.2012,19.3806,19.5291,19.5379,19.5904,19.7319,19.9314,20.0825,20.1835,20.1427,20.1028,20.0425,20.0172,20.0167,20.1434,20.2035,20.3565,20.4117,20.5259,20.5903,20.5822,20.5952,20.6371,20.7012,20.7392,20.7550,20.7665,20.8201,19.8763,19.9021,19.9639,20.0114,20.0090,19.6246,19.4530,19.4187,19.3144,19.2226,19.1427,19.1621,19.1976,19.2130,19.1877,19.2573,19.3172,19.3625,19.2920,19.3174,19.1827,19.2060,19.1782,19.2669,19.3276,19.4100,19.4351,19.3993,19.4006,19.3968,19.4171,19.4676,19.4881,19.3991,19.3338,19.4099,19.4126,19.4214,19.3355,19.4026,19.4387,19.4668,19.5185,19.4558,19.4649,19.5544,19.6105,19.5758,19.5983,19.4855,19.4129,19.4104,19.4005,19.4937,19.5696,19.5930,19.4728,19.5296,19.6491,19.6830,19.5661,19.5931,19.6248,19.6542,19.7031,19.7525,19.7947,19.8014,19.7450,19.3739,19.3516,19.4307,19.4891,19.5405,19.5358,19.5923,19.6439,19.7458,19.8189,19.8658,19.8962,19.8708,19.8652,19.9330,19.9844,19.9828,20.0487,20.1126,20.1742,20.2323,20.2840,20.3179,20.2897,20.2803,20.3327,20.3717,20.3602,20.4149,20.4689,20.5214,20.5715,20.6165,20.6459,20.6205,20.6427,20.6698,20.6933,20.6741,20.7209,20.7677,20.8130,20.8562,20.8952,20.9219,20.9040,20.9411,20.9773,21.0016,20.9799,21.0179,21.0553,21.0912,21.1251,21.1553,21.1746,21.1548,21.1842,21.2117,21.2285,21.2027,21.2326,21.2621,21.2898,21.3123
45109.4583333,19.7700,19.6568,19.7082,19.8171,19.9975,20.0507,20.0349,19.2431,19.3104,19.3583,19.4262,19.4672,19.4384,19.2183,19.2655,19.2993,19.3778,19.4137,19.3944,19.2544,19.3830,19.2678,19.2347,19.1252,19.1880,19.4235,19.4512,19.2855,19.2493,19.0481,19.0704,18.9814,19.0202,19.0663,19.3148,19.4575,19.6272,19.7513,19.6335,19.6190,19.7816,19.8794,19.7780,19.7349,19.9640,20.0772,20.1183,19.7639,19.7318,19.6705,19.6865,19.7823,19.8739,19.9558,19.8869,19.8295,19.8246,19.9988,20.1565,20.2894,20.4010,20.4617,20.3459,20.2286,20.1443,20.1101,20.2498,20.1546,19.5904,19.4821,19.5708,19.5242,19.4975,19.5016,19.5110,19.7158,19.8922,19.9190,19.9792,20.1285,20.3687,20.5572,20.6880,20.6764,20.6450,20.6128,20.7373,20.7720,20.8992,20.9619,21.1357,21.2119,21.3580,21.4535,21.4685,21.5081,21.5763,21.6562,21.7156,21.7516,21.7832,21.8575,20.9635,20.9921,21.0603,21.1154,21.1231,20.7748,20.5739,20.4820,20.3332,20.2021,20.1424,20.1506,20.1744,20.1770,20.0894,20.1590,20.2201,20.2655,20.1790,20.1970,20.1091,20.0964,20.1251,20.1301,20.1594,20.2395,20.2639,20.2209,20.2141,20.1439,20.0647,20.0346,20.0399,20.1314,20.1766,20.2019,20.1587,20.1370,20.1116,20.1470,20.1521,20.1531,20.1928,20.1584,20.1431,20.2032,20.1588,20.1176,20.0831,20.0964,20.0337,19.8956,19.8604,19.9534,20.0465,20.1214,20.0233,20.0571,20.1803,20.2242,20.1067,20.1563,20.2045,20.2736,20.3446,20.3787,20.4003,20.3934,20.3469,19.9585,19.9039,19.9718,20.0238,20.0744,20.0630,20.1219,20.1770,20.2897,20.3717,20.4268,20.4744,20.5230,20.5631,20.6244,20.6635,20.6408,20.6961,20.7540,20.8152,20.8785,20.9424,21.0030,21.0525,21.0983,21.1436,21.1708,21.1385,21.1817,21.2275,21.2763,21.3277,21.3802,21.4308,21.4719,21.5135,21.5547,21.5809,21.5517,21.5944,21.6387,21.6838,21.7290,21.7734,21.8146,21.8461,21.8789,21.9094,21.9258,21.8905,21.9234,21.9584,21.9949,22.0326,22.0705,22.1071,22.1372,22.1699,22.2004,22.2181,22.1872,22.2174,22.2477,22.2766,22.3005
45109.5000000,21.1750,21.0437,21.1058,21.2377,21.4468,21.5105,21.5029,20.6069,20.6818,20.7275,20.7905,20.8118,20.7515,20.5034,20.5232,20.5224,20.5710,20.5810,20.5454,20.4830,20.6145,20.4452,20.3924,20.2448,20.3064,20.5719,20.6157,20.4191,20.4346,20.2163,20.2662,20.0718,19.9815,20.1029,20.2649,20.3375,20.4851,20.6168,20.4890,20.5524,20.7667,20.8974,20.7934,20.7343,20.9938,21.1122,21.1602,20.9212,20.8610,20.7750,20.7731,20.8438,20.9052,20.9661,20.8542,20.6836,20.5631,20.7511,20.9284,21.0762,21.2051,21.2797,21.1333,20.9996,20.8991,20.8692,20.9997,20.9414,20.3461,20.2048,20.2887,20.3011,20.1459,20.0372,20.0238,20.2301,20.3981,20.4309,20.4778,20.6433,20.9190,21.1333,21.2812,21.3028,21.4047,21.3550,21.4904,21.5054,21.6687,21.7495,21.9648,22.0717,22.2503,22.3693,22.3934,22.4439,22.5246,22.6189,22.6891,22.7327,22.7727,22.8600,22.1338,22.1665,22.2457,22.3115,22.3269,21.9992,21.7917,21.7213,21.5630,21.4085,21.3354,21.3362,21.3510,21.3436,21.2119,21.2670,21.3112,21.3332,21.2038,21.2121,21.1204,21.1312,21.2353,21.2959,21.3236,21.3879,21.3860,21.3126,21.2813,21.2249,21.0658,20.9515,21.0003,21.0222,21.0422,21.0911,21.0651,21.0549,21.0429,21.0985,21.1154,21.1155,21.1518,21.1010,21.0710,21.1237,21.0354,20.9513,20.9031,20.7637,20.6994,20.5502,20.5075,20.6170,20.7273,20.8186,20.7709,20.8155,20.9729,21.0588,20.9639,21.0767,21.1656,21.2332,21.2912,21.3022,21.2809,21.2333,21.1564,20.7829,20.7827,20.8173,20.8348,20.8629,20.8158,20.8584,20.8989,21.0135,21.0947,21.1477,21.1957,21.2526,21.3011,21.3751,21.4285,21.4077,21.4853,21.5623,21.6385,21.7132,21.7859,21.8550,21.9163,21.9759,22.0353,22.0765,22.0452,22.1072,22.1682,22.2278,22.2859,22.3423,22.3960,22.4424,22.4893,22.5350,22.5640,22.5249,22.5748,22.6243,22.6730,22.7208,22.7676,22.8126,22.8514,22.8921,22.9310,22.9548,22.9153,22.9591,23.0029,23.0460,23.0881,23.1292,23.1683,23.2023,23.2384,23.2743,23.3076,23.3301,23.3575,23.3825,23.4047,23.4228
45109.5416667,22.5610,22.6478,22.7080,22.8405,23.0462,23.1013,23.0855,22.2416,22.2702,22.2890,22.3223,22.3108,22.2216,21.9320,21.9453,21.9404,21.9831,21.9767,21.9252,21.8397,21.9648,21.7704,21.7042,21.5361,21.5947,21.8278,21.6865,21.4986,21.5590,21.3692,21.1907,21.0167,20.8979,21.0796,21.2999,21.4143,21.5969,21.7493,21.5999,21.6980,21.9085,22.0328,21.9241,21.8736,22.1369,22.2462,22.2933,22.0571,22.0040,21.9222,21.9241,22.0157,22.0945,22.1655,22.0483,21.8448,21.6660,21.6297,21.8262,21.9966,22.1512,22.2465,22.1248,21.9732,21.8522,21.9533,22.0417,21.9439,21.2027,21.0242,21.1190,21.3098,21.3992,21.1109,21.0612,21.1952,21.2691,21.1017,21.1362,21.3130,21.6108,21.8411,21.9996,22.0331,22.0410,22.1489,22.3652,22.5264,22.6969,22.7764,22.9948,23.0927,23.2700,23.3812,23.3953,23.4432,23.5292,23.6354,23.7149,23.7670,23.8184,23.9322,23.1479,23.2201,23.3434,23.4507,23.5018,23.2303,23.1117,23.0310,22.8539,22.6852,22.6006,22.6020,22.6185,22.6116,22.4713,22.5131,22.4136,22.4520,22.3428,22.3733,22.2915,22.2999,22.2472,22.3517,22.4236,22.5229,22.5463,22.4866,22.3603,22.3273,22.1862,22.0879,22.1522,22.1715,22.0337,22.1092,22.0968,22.0985,22.0876,22.1407,22.1505,22.1421,22.1755,22.1200,22.0892,22.1483,22.0566,21.9769,21.9751,21.8503,21.7381,21.5107,21.4368,21.5311,21.6208,21.7021,21.6746,21.6959,21.8589,21.9480,21.8429,21.9703,22.0744,22.1579,22.2346,22.2625,22.2608,22.2240,22.1491,21.7297,21.7347,21.7759,21.8039,21.8650,21.8932,21.9185,21.9395,22.0436,22.1127,22.1529,22.1880,22.2360,22.2784,22.3478,22.4128,22.4672,22.5314,22.5946,22.6563,22.7160,22.7739,22.8297,22.8811,22.9348,22.9947,23.0547,23.1046,23.1641,23.2228,23.2797,23.3346,23.3875,23.4382,23.4839,23.5322,23.5847,23.6365,23.6778,23.7277,23.7765,23.8230,23.8670,23.9089,23.9487,23.9838,24.0221,24.0635,24.1051,24.1388,24.1809,24.2235,24.2654,24.3061,24.3452,24.3819,24.4137,24.4468,24.4803,24.5125,24.5378,24.5693,24.6014,24.6325,24.6585
45109.5833333,23.8330,23.8677,23.9009,23.9986,24.1630,24.2167,24.2005,23.1994,23.3428,23.4232,23.5208,23.5886,23.5781,23.2654,23.2839,23.2766,23.2966,23.2673,23.2141,23.1288,23.2080,22.9964,22.9284,22.9181,22.9143,23.0236,22.8068,22.5833,22.5751,22.3560,22.1064,21.8622,21.6727,21.8246,22.0334,22.1653,22.3601,22.5392,22.4278,22.5462,22.7628,22.8977,22.8093,22.9357,23.1555,23.2484,23.2891,23.0235,22.9994,23.0308,22.9958,23.0460,23.0850,23.1274,23.0133,22.8000,22.6153,22.5474,22.6935,22.8341,22.9579,23.0294,22.8850,22.7204,22.5847,22.5108,22.7410,22.7683,22.1286,21.9163,21.9633,22.1027,22.0464,22.0099,22.0736,22.1992,22.2534,22.0217,22.0343,22.2440,22.4719,22.6431,22.7620,22.7793,22.8825,22.9374,23.0881,23.2048,23.3452,23.4205,23.6362,23.7389,23.9411,24.0944,24.1572,24.2360,24.3366,24.4337,24.5197,24.5834,24.6459,24.7544,24.0352,24.0954,24.1990,24.2951,24.3510,24.1075,24.0621,24.0511,23.9490,23.8399,23.7398,23.7437,23.7540,23.7463,23.7132,23.7182,23.5548,23.4147,23.3333,23.3647,23.2844,23.2972,23.3604,23.3774,23.3809,23.4316,23.4409,23.3213,23.3202,23.1974,23.0742,22.9723,23.0329,23.0799,23.0824,23.0866,23.0264,22.9932,22.9640,22.8565,22.7997,22.8763,22.9757,22.9914,22.8975,22.9606,22.8858,22.8235,22.8528,22.7746,22.6865,22.4728,22.4752,22.5389,22.5891,22.6428,22.5956,22.6006,22.7311,22.7990,22.6534,22.7570,22.8356,22.8974,22.9407,22.9211,22.9902,23.0133,22.9855,22.6449,22.6408,22.6713,22.6913,22.7444,22.7744,22.8047,22.8347,22.9298,22.9967,23.0407,23.0790,23.1226,23.1660,23.2352,23.3006,23.3575,23.4217,23.4857,23.5493,23.6120,23.6735,23.7328,23.7876,23.8428,23.9013,23.9587,24.0075,24.0634,24.1195,24.1751,24.2302,24.2846,24.3375,24.3860,24.4359,24.4885,24.5400,24.5835,24.6339,24.6846,24.7348,24.7845,24.8334,24.8808,24.9241,24.9689,25.0152,25.0602,25.0980,25.1415,25.1848,25.2275,25.2693,25.3103,25.3497,25.3857,25.4231,25.4613,25.4985,25.5301,25.5662,25.6021,25.6361,25.6635
45109.6250000,24.5570,24.6040,24.6582,24.7573,24.9090,24.9633,24.9340,23.8601,23.9559,24.0089,24.0767,24.1297,24.1334,23.8722,23.9323,23.9918,24.0876,24.1260,24.1247,24.0951,24.1768,23.9780,23.9167,23.9189,23.9417,24.0529,23.8486,23.6295,23.3610,23.1703,22.9081,22.6724,22.4273,22.3019,22.2545,22.3962,22.6131,22.8352,22.7804,22.9337,23.1737,23.3337,23.3354,23.4792,23.7454,23.9158,23.9931,23.7144,23.7164,23.6969,23.7001,23.7981,23.8593,23.9022,23.8007,23.5713,23.3767,23.2762,23.3693,23.4766,23.5731,23.6256,23.4745,23.3053,23.1641,23.0454,22.9387,23.0011,22.7144,22.6164,22.6686,22.5188,22.3967,22.3377,22.4042,22.5670,22.6934,22.4900,22.5296,22.7449,22.9761,23.1562,23.2874,23.3181,23.4394,23.5187,23.6846,23.8126,23.9524,24.0267,24.2036,24.2462,24.3837,24.4555,24.3960,24.4689,24.5682,24.6669,24.7589,24.8348,24.9165,25.0513,24.4143,24.4273,24.5788,24.7223,24.8230,24.6206,24.6361,24.6745,24.6245,24.5733,24.4791,24.4983,24.5162,24.4429,24.4584,24.5040,24.3820,24.2693,24.1989,24.2067,24.0337,24.0760,24.1573,24.2085,24.2340,24.2724,24.2742,24.1678,24.1291,24.0074,23.8319,23.6991,23.7107,23.7373,23.7625,23.8095,23.7848,23.7814,23.6929,23.5743,23.4793,23.4913,23.5230,23.4949,23.3744,23.4097,23.3174,23.2358,23.1523,23.1695,23.1985,23.1474,23.1814,23.2605,23.3275,23.3915,23.3449,23.3641,23.4432,23.4502,23.2757,23.3614,23.4219,23.4651,23.4851,23.4406,23.4790,23.4890,23.4704,23.1858,23.2202,23.2827,23.3262,23.3884,23.4286,23.4663,23.5015,23.5891,23.6510,23.6925,23.7267,23.7625,23.8018,23.8628,23.9203,23.9712,24.0280,24.0852,24.1427,24.2001,24.2572,24.3129,24.3655,24.4192,24.4766,24.5333,24.5836,24.6399,24.6965,24.7529,24.8089,24.8642,24.9179,24.9678,25.0187,25.0718,25.1239,25.1692,25.2199,25.2708,25.3211,25.3708,25.4198,25.4675,25.5115,25.5569,25.6039,25.6500,25.6902,25.7352,25.7804,25.8251,25.8693,25.9128,25.9551,25.9944,26.0350,26.0763,26.1167,26.1522,26.1912,26.2299,26.2663,26.2954
45109.6666667,25.1370,24.9933,25.0299,25.0989,25.2120,25.2613,25.2335,24.2032,24.3000,24.3400,24.2698,24.3448,24.3964,24.1795,24.2699,24.3563,24.4616,24.5123,24.5372,24.5494,24.4626,24.3420,24.3383,24.3939,24.3058,24.4595,24.3270,24.2194,23.9770,23.8109,23.6665,23.3787,23.0569,22.8766,22.7676,22.6640,22.7985,22.9479,22.9091,22.9922,23.1999,23.3567,23.4560,23.5962,23.8778,24.1086,24.2308,23.9456,24.0165,24.0661,24.0415,24.1319,24.1909,24.2312,24.1771,23.9834,23.8246,23.7392,23.8061,23.9083,24.0006,24.0530,23.9280,23.7947,23.8137,23.6911,23.6663,23.5014,23.1104,23.0299,22.9982,23.0773,22.9412,22.8196,22.8556,22.9436,23.0103,22.7788,22.8238,22.9802,23.1597,23.3003,23.4085,23.4230,23.5290,23.6023,23.7547,23.8791,24.0150,24.0932,24.1552,24.2135,24.3774,24.4924,24.4880,24.5894,24.7022,24.7931,24.8870,24.9658,25.0450,25.1611,24.5753,24.6491,24.7507,24.8482,24.9204,24.6874,24.7439,24.8458,24.8769,24.9073,24.7619,24.8046,24.8425,24.7989,24.8019,24.8630,24.7641,24.6762,24.6562,24.6764,24.4983,24.5139,24.4486,24.5510,24.6377,24.7032,24.7439,24.6826,24.6118,24.5992,24.4834,24.3740,24.3445,24.3457,24.3451,24.3556,24.3121,24.2922,24.1648,24.1665,24.0615,24.0509,24.0508,24.0173,23.9250,23.9257,23.8193,23.7248,23.6084,23.4926,23.4953,23.4274,23.4599,23.5253,23.5687,23.5890,23.5624,23.6257,23.7349,23.7877,23.5968,23.6619,23.6929,23.6966,23.7412,23.7321,23.7972,23.8196,23.7729,23.5313,23.5825,23.6524,23.6998,23.7579,23.7998,23.8400,23.8792,23.9540,24.0096,24.0506,24.0840,24.1135,24.1516,24.2107,24.2680,24.3201,24.3771,24.4343,24.4915,24.5483,24.6043,24.6587,24.7098,24.7615,24.8159,24.8695,24.9176,24.9703,25.0231,25.0758,25.1281,25.1801,25.2308,25.2784,25.3271,25.3783,25.4288,25.4742,25.5242,25.5745,25.6246,25.6744,25.7237,25.7718,25.8169,25.8631,25.9108,25.9576,25.9997,26.0455,26.0914,26.1369,26.1819,26.2262,26.2693,26.3098,26.3514,26.3937,26.4352,26.4726,26.5129,26.5529,26.5905,26.6202
45109.7083333,25.2830,25.1458,25.1662,25.1854,25.1144,25.1434,25.0868,24.1196,24.1451,24.1939,24.1573,24.2354,24.2961,24.0843,24.1658,24.2624,24.3855,24.4642,24.5222,24.4850,24.4013,24.3272,24.3283,24.3191,24.2771,24.3953,24.3037,24.2332,24.0367,23.9482,23.8102,23.6493,23.4440,23.2801,23.1502,23.0261,22.9945,23.0999,23.0777,23.0718,23.2084,23.3135,23.3720,23.4712,23.7135,23.9373,24.0683,23.7733,23.8417,23.9053,23.8987,24.0237,24.1152,24.1721,24.1485,24.0584,23.9729,23.8953,23.8421,23.9384,24.0322,24.0955,24.0265,23.9594,23.9465,23.8893,23.9639,23.8296,23.5642,23.4390,23.3841,23.3840,23.2503,23.1677,23.1884,23.2377,23.2757,23.0257,23.0426,23.1341,23.2554,23.3488,23.4260,23.4163,23.4912,23.5381,23.6477,23.7379,23.8410,23.9041,23.9468,23.9619,24.0911,24.1871,24.1961,24.2818,24.3803,24.4586,24.5463,24.6267,24.7130,24.8394,24.2417,24.2979,24.3625,24.5131,24.6413,24.4584,24.5943,24.7324,24.8023,24.8697,24.7391,24.7801,24.8118,24.7809,24.7548,24.7893,24.7102,24.6542,24.6812,24.7225,24.5966,24.6379,24.6274,24.7069,24.7696,24.8026,24.8338,24.7851,24.7375,24.7486,24.6888,24.6173,24.5902,24.6200,24.6438,24.6665,24.6378,24.6347,24.5395,24.4357,24.3550,24.3518,24.3454,24.2782,24.2013,24.1919,24.1112,24.0320,23.9414,23.8578,23.8219,23.7032,23.7029,23.6737,23.6124,23.5932,23.5217,23.5823,23.6495,23.6529,23.4463,23.5179,23.5572,23.5839,23.6578,23.6932,23.7849,23.8370,23.8418,23.5744,23.6340,23.6942,23.7613,23.8234,23.8723,23.9189,23.9638,24.0265,24.0755,24.1144,24.1446,24.1657,24.1995,24.2519,24.3034,24.3505,24.4020,24.4538,24.5059,24.5579,24.6096,24.6599,24.7075,24.7563,24.8082,24.8597,24.9068,24.9581,25.0099,25.0616,25.1131,25.1642,25.2140,25.2607,25.3084,25.3585,25.4078,25.4523,25.5009,25.5497,25.5982,25.6463,25.6939,25.7404,25.7838,25.8285,25.8749,25.9206,25.9622,26.0073,26.0527,26.0979,26.1427,26.1871,26.2303,26.2713,26.3132,26.3562,26.3984,26.4368,26.4780,26.5189,26.5573,26.5873
45109.7500000,25.1370,25.0028,24.9880,24.9025,24.8209,24.8222,24.7404,23.8464,23.8459,23.8644,23.8438,23.8920,23.9330,23.6967,23.7557,23.8403,23.9481,24.0050,24.0757,24.1102,24.0772,24.0171,23.9826,23.9817,23.9564,23.9012,23.8419,23.8318,23.7186,23.7172,23.6690,23.5643,23.4368,23.3293,23.2370,23.1464,23.0673,23.0764,23.0226,22.8994,22.9652,23.0271,23.0517,23.1114,23.2960,23.4991,23.6203,23.3022,23.3858,23.4274,23.3946,23.4937,23.5698,23.6173,23.6348,23.6273,23.6147,23.5972,23.5641,23.6369,23.7088,23.7603,23.7306,23.6738,23.6820,23.6435,23.6987,23.6038,23.6571,23.6253,23.5821,23.5370,23.4361,23.3705,23.3600,23.2758,23.2287,22.9808,22.9727,22.9948,23.0553,23.1048,23.1563,23.1274,23.1739,23.2019,23.2694,23.3272,23.3990,23.4528,23.4920,23.4658,23.5635,23.6505,23.6907,23.7621,23.8401,23.8933,23.9625,24.0287,24.0732,24.1638,23.5123,23.5811,23.6501,23.7641,23.8734,23.6950,23.8781,24.0808,24.2382,24.3962,24.3056,24.3646,24.4105,24.4141,24.4355,24.4772,24.4434,24.4312,24.4912,24.5062,24.4248,24.4556,24.4239,24.4270,24.4931,24.5182,24.5677,24.5765,24.5794,24.5793,24.5598,24.5281,24.4727,24.4994,24.5251,24.5468,24.5328,24.5566,24.5269,24.4714,24.4291,24.4305,24.4119,24.3813,24.3311,24.2857,24.2163,24.1521,24.0760,24.0120,23.9806,23.8812,23.8528,23.8140,23.7421,23.7065,23.5763,23.5751,23.5765,23.5289,23.2667,23.2824,23.2806,23.2809,23.3160,23.3295,23.3964,23.4768,23.5373,23.2834,23.3602,23.4289,23.4920,23.5451,23.5928,23.6413,23.6894,23.7343,23.7732,23.8084,23.8345,23.8451,23.8736,23.9187,23.9648,24.0076,24.0545,24.1022,24.1503,24.1984,24.2463,24.2928,24.3367,24.3818,24.4300,24.4778,24.5216,24.5692,24.6174,24.6657,24.7138,24.7616,24.8084,24.8522,24.8973,24.9450,24.9921,25.0352,25.0821,25.1295,25.1768,25.2238,25.2705,25.3162,25.3590,25.4029,25.4487,25.4938,25.5350,25.5795,25.6244,25.6690,25.7133,25.7570,25.7997,25.8401,25.8814,25.9239,25.9657,26.0038,26.0448,26.0855,26.1237,26.1530
45109.7916667,24.5570,24.4843,24.4794,24.4427,24.3952,24.3957,24.3156,23.4668,23.4727,23.4777,23.4600,23.4826,23.5081,23.1874,23.2158,23.2747,23.3516,23.3802,23.4420,23.5059,23.5103,23.4786,23.4747,23.4769,23.4869,23.4707,23.4423,23.4549,23.3624,23.3628,23.3289,23.2620,23.1798,23.1144,23.0511,23.0024,22.9535,22.9457,22.9176,22.7103,22.6968,22.7145,22.7051,22.7207,22.8261,22.9506,23.0357,22.7057,22.7940,22.8299,22.7886,22.8565,22.9103,22.9421,22.9732,23.0027,23.0282,23.0346,22.9929,23.0287,23.0685,23.0997,23.1063,23.1062,23.1421,23.1609,23.2353,23.1916,23.4534,23.5061,23.4888,23.4512,23.3904,23.3567,23.3320,23.2638,23.2090,22.9256,22.8565,22.7938,22.7752,22.7567,22.7664,22.7014,22.6982,22.6907,22.7149,22.7319,22.7784,22.8120,22.8461,22.7940,22.8615,22.9213,22.9742,23.0207,23.0866,23.1304,23.1905,23.2511,23.3064,23.3926,22.7643,22.8368,22.9066,22.9932,23.0684,22.8606,23.0179,23.2083,23.3856,23.5716,23.5119,23.5816,23.6400,23.6685,23.7224,23.7717,23.7882,23.8288,23.9317,23.9809,23.9457,23.9996,23.9985,24.0382,24.0897,24.0754,24.1149,24.1396,24.1623,24.1910,24.2026,24.1947,24.1091,24.1159,24.1475,24.1754,24.1720,24.1991,24.2092,24.1999,24.1985,24.2154,24.2081,24.2169,24.2068,24.1496,24.1079,24.0702,24.0294,24.0028,23.9818,23.9153,23.8851,23.8498,23.7838,23.7515,23.5902,23.5735,23.5533,23.4869,23.2075,23.1969,23.1721,23.1536,23.1513,23.1367,23.1526,23.1765,23.2049,22.8909,22.9395,22.9921,23.0295,23.0727,23.1149,23.1592,23.2045,23.2409,23.2738,23.3051,23.3279,23.3343,23.3586,23.3957,23.4340,23.4698,23.5084,23.5476,23.5873,23.6272,23.6672,23.7068,23.7448,23.7840,23.8258,23.8677,23.9073,23.9499,23.9932,24.0370,24.0810,24.1250,24.1685,24.2102,24.2528,24.2972,24.3414,24.3829,24.4270,24.4715,24.5160,24.5604,24.6046,24.6482,24.6899,24.7324,24.7761,24.8195,24.8603,24.9033,24.9467,24.9899,25.0330,25.0758,25.1178,25.1584,25.1995,25.2414,25.2828,25.3217,25.3623,25.4026,25.4403,25.4693
45109.8333333,23.6890,23.6788,23.7213,23.7368,23.7366,23.7517,23.6994,22.9181,22.9557,22.9714,22.9785,23.0121,23.0618,22.7399,22.7690,22.8154,22.8638,22.8873,22.9347,22.9936,23.0064,22.9863,22.9841,22.9964,23.0162,23.0235,23.0146,23.0450,22.9839,23.0113,23.0100,22.9815,22.9345,22.8850,22.8431,22.8099,22.7722,22.7454,22.7298,22.4746,22.4688,22.4691,22.4508,22.4468,22.4940,22.5512,22.5943,22.2420,22.3093,22.3312,22.2717,22.3195,22.3445,22.3576,22.3888,22.4317,22.4730,22.4936,22.4479,22.4862,22.5274,22.5593,22.5827,22.5999,22.6307,22.6592,22.7130,22.6827,23.0657,23.1839,23.2059,23.1904,23.1758,23.1981,23.1884,23.1502,23.1249,22.8688,22.8198,22.7608,22.7368,22.7077,22.6985,22.6100,22.5988,22.5624,22.5439,22.5269,22.5243,22.5224,22.5162,22.4168,22.4409,22.4691,22.4943,22.5134,22.5440,22.5687,22.6025,22.6377,22.6772,22.7382,22.0328,22.1013,22.1711,22.2494,22.3265,22.1300,22.2739,22.4326,22.5730,22.7363,22.6872,22.7524,22.8089,22.8448,22.9094,22.9755,23.0212,23.0891,23.2098,23.2851,23.2852,23.3629,23.4163,23.5053,23.5804,23.5955,23.6418,23.6818,23.7192,23.7632,23.7927,23.8052,23.7447,23.7649,23.7833,23.7920,23.7776,23.8075,23.8302,23.8364,23.8509,23.8707,23.8693,23.8994,23.9162,23.8854,23.8717,23.8609,23.8555,23.8735,23.8758,23.8489,23.8323,23.8093,23.7580,23.7358,23.5479,23.5341,23.5125,23.4418,23.1611,23.1433,23.1120,23.0917,23.0798,23.0543,23.0451,23.0372,23.0429,22.6590,22.6695,22.6899,22.6999,22.7181,22.7378,22.7588,22.7829,22.8021,22.8200,22.8386,22.8505,22.8486,22.8644,22.8891,22.9168,22.9446,22.9744,23.0052,23.0369,23.0694,23.1026,23.1364,23.1703,23.2047,23.2402,23.2763,23.3116,23.3483,23.3855,23.4231,23.4611,23.4994,23.5380,23.5761,23.6146,23.6537,23.6932,23.7317,23.7714,23.8115,23.8519,23.8925,23.9333,23.9742,24.0147,24.0554,24.0965,24.1377,24.1779,24.2189,24.2600,24.3012,24.3424,24.3835,24.4246,24.4650,24.5056,24.5462,24.5868,24.6263,24.6662,24.7054,24.7423,24.7706
45109.8750000,22.7530,22.7640,22.8194,22.8496,22.8633,22.8873,22.8592,22.1594,22.2219,22.2502,22.2781,22.3343,22.4118,22.0961,22.1580,22.2375,22.3119,22.3553,22.4152,22.4903,22.5081,22.5010,22.5063,22.5242,22.5472,22.5510,22.5517,22.5973,22.5510,22.5988,22.6205,22.6182,22.6029,22.5738,22.5515,22.5370,22.5092,22.4942,22.4975,22.2135,22.2024,22.1943,22.1746,22.1598,22.1718,22.1964,22.2202,21.8540,21.9081,21.9219,21.8508,21.8776,21.8787,21.8731,21.8968,21.9337,21.9702,21.9852,21.9274,21.9543,21.9867,22.0142,22.0491,22.0814,22.1222,22.1624,22.2167,22.1877,22.6090,22.7523,22.7888,22.7966,22.8137,22.8966,22.8949,22.8724,22.8679,22.6289,22.5914,22.5285,22.4955,22.4621,22.4507,22.3593,22.3541,22.3263,22.3127,22.3018,22.3008,22.2995,22.2851,22.1728,22.1804,22.1957,22.2120,22.2145,22.2239,22.2286,22.2400,22.2533,22.2690,22.2968,21.4437,21.4904,21.5371,21.5937,21.6533,21.4542,21.5871,21.7300,21.8576,22.0044,21.9530,22.0084,22.0546,22.0847,22.1428,22.1987,22.2427,22.3099,22.4318,22.5099,22.5265,22.6152,22.6937,22.8139,22.9175,22.9540,23.0205,23.0828,23.1412,23.2106,23.2661,23.3035,23.2687,23.3183,23.3613,23.3871,23.3840,23.4235,23.4568,23.4672,23.4860,23.5049,23.5021,23.5365,23.5591,23.5303,23.5248,23.5250,23.5389,23.5936,23.6317,23.6452,23.6416,23.6241,23.5807,23.5645,23.3564,23.3552,23.3338,23.2559,22.9797,22.9607,22.9273,22.9108,22.9043,22.8886,22.8915,22.8916,22.9046,22.4837,22.4826,22.4828,22.4720,22.4721,22.4762,22.4799,22.4867,22.4876,22.4891,22.4939,22.4929,22.4789,22.4833,22.4902,22.4997,22.5113,22.5236,22.5372,22.5522,22.5689,22.5873,22.6079,22.6306,22.6539,22.6772,22.7021,22.7287,22.7554,22.7830,22.8114,22.8409,22.8714,22.9032,22.9368,22.9703,23.0032,23.0370,23.0719,23.1063,23.1408,23.1757,23.2111,23.2469,23.2835,23.3213,23.3588,23.3956,23.4329,23.4710,23.5084,23.5456,23.5830,23.6206,23.6584,23.6969,23.7361,23.7749,23.8131,23.8517,23.8911,23.9292,23.9665,24.0015,24.0284
45109.9166667,21.8670,21.8897,21.9513,21.9902,22.0154,22.0445,22.0280,21.3793,21.4466,21.4790,21.5139,21.5753,21.6570,21.3395,21.4176,21.5172,21.6185,21.6915,21.7710,21.8725,21.9141,21.9272,21.9498,21.9859,22.0250,22.0463,22.0595,22.1156,22.0844,22.1419,22.1782,22.1916,22.1973,22.1859,22.1800,22.1807,22.1666,22.1653,22.1806,21.8839,21.8808,21.8778,21.8633,21.8510,21.8573,21.8755,21.8925,21.5159,21.5604,21.5696,21.4948,21.5115,21.5018,21.4871,21.5027,21.5255,21.5489,21.5553,21.4891,21.5051,21.5263,21.5432,21.5696,21.5946,21.6284,21.6641,21.7148,21.6842,22.1257,22.2855,22.3340,22.3547,22.3864,22.4952,22.5000,22.4922,22.5038,22.2832,22.2562,22.1985,22.1686,22.1393,22.1310,22.0370,22.0353,22.0113,22.0003,21.9917,21.9919,21.9913,21.9785,21.8695,21.8772,21.8937,21.9107,21.9130,21.9210,21.9216,21.9299,21.9396,21.9508,21.9711,20.9744,21.0118,21.0467,21.0894,21.1338,20.9140,21.0176,21.1292,21.2308,21.3540,21.3019,21.3497,21.3901,21.4161,21.4680,21.5189,21.5601,21.6219,21.7288,21.7995,21.8131,21.8955,21.9756,22.0976,22.2065,22.2532,22.3271,22.3960,22.4634,22.5454,22.6170,22.6729,22.6638,22.7402,22.8100,22.8633,22.8804,22.9419,22.9969,23.0272,23.0621,23.0945,23.1046,23.1493,23.1812,23.1595,23.1616,23.1682,23.1895,23.2532,23.3034,23.3349,23.3394,23.3294,23.2963,23.2879,23.0640,23.0753,23.0611,22.9801,22.7162,22.7021,22.6725,22.6618,22.6624,22.6556,22.6704,22.6810,22.7020,22.2643,22.2690,22.2724,22.2629,22.2612,22.2628,22.2627,22.2647,22.2600,22.2560,22.2550,22.2480,22.2280,22.2262,22.2240,22.2235,22.2247,22.2256,22.2273,22.2298,22.2335,22.2385,22.2454,22.2544,22.2638,22.2729,22.2836,22.2963,22.3091,22.3229,22.3378,22.3540,22.3716,22.3910,22.4127,22.4348,22.4567,22.4799,22.5051,22.5301,22.5557,22.5821,22.6095,22.6378,22.6674,22.6987,22.7300,22.7609,22.7926,22.8258,22.8582,22.8907,22.9236,22.9569,22.9907,23.0253,23.0610,23.0962,23.1310,23.1663,23.2027,23.2379,23.2724,23.3049,23.3299
45109.9583333,21.1030,21.1260,21.1822,21.2200,21.2469,21.2743,21.2602,20.6517,20.7173,20.7496,20.7864,20.8479,20.9281,20.6079,20.6888,20.7910,20.8978,20.9802,21.0657,21.1785,21.2348,21.2623,21.2986,21.3505,21.4060,21.4493,21.4796,21.5543,21.5511,21.6300,21.6913,21.7248,21.7525,21.7570,21.7647,21.7777,21.7747,21.7850,21.8110,21.5045,21.5090,21.5116,21.5034,21.4968,21.5105,21.5404,21.5629,21.1842,21.2305,21.2391,21.1655,21.1800,21.1676,21.1498,21.1623,21.1803,21.1982,21.1995,21.1276,21.1356,21.1485,21.1573,21.1769,21.1951,21.2209,21.2480,21.2836,21.2318,21.6500,21.8103,21.8637,21.8922,21.9336,22.0578,22.0667,22.0680,22.0896,21.8848,21.8657,21.8120,21.7848,21.7594,21.7541,21.6590,21.6614,21.6432,21.6375,21.6340,21.6386,21.6413,21.6330,21.5309,21.5416,21.5621,21.5823,21.5869,21.5956,21.5941,21.6017,21.6108,21.6215,21.6400,20.5388,20.5722,20.6030,20.6407,20.6794,20.4487,20.5408,20.6349,20.7184,20.8201,20.7640,20.8021,20.8331,20.8518,20.8935,20.9351,20.9692,21.0223,21.1138,21.1755,21.1844,21.2582,21.3329,21.4458,21.5471,21.5923,21.6629,21.7287,21.7949,21.8764,21.9504,22.0116,22.0144,22.1017,22.1844,22.2539,22.2848,22.3625,22.4358,22.4849,22.5362,22.5844,22.6116,22.6728,22.7216,22.7126,22.7283,22.7471,22.7860,22.8719,22.9397,22.9869,22.9972,22.9919,22.9655,22.9617,22.7231,22.7411,22.7314,22.6479,22.3955,22.3853,22.3593,22.3541,22.3621,22.3648,22.3932,22.4162,22.4470,22.0020,22.0161,22.0275,22.0246,22.0254,22.0293,22.0311,22.0343,22.0288,22.0239,22.0222,22.0143,21.9932,21.9899,21.9856,21.9827,21.9813,21.9791,21.9770,21.9754,21.9743,21.9741,21.9753,21.9783,21.9810,21.9828,21.9856,21.9903,21.9943,21.9987,22.0039,22.0099,22.0170,22.0257,22.0365,22.0474,22.0579,22.0696,22.0835,22.0969,22.1110,22.1260,22.1420,22.1592,22.1780,22.1989,22.2200,22.2408,22.2629,22.2870,22.3105,22.3345,22.3593,22.3849,22.4113,22.4389,22.4681,22.4972,22.5260,22.5557,22.5871,22.6174,22.6472,22.6756,22.6975
