File Created:,Sun Jul 28 15:16:05 2024
Heat Source Version:,9.0.0b26
Simulation Name:,WFK23
User Text:,Westfork Kickapoo
Output:,Solar Radiation Flux Received by Stream (watts/square meter)
""
Datetime,23.500,23.400,23.300,23.200,23.100,23.000,22.900,22.800,22.700,22.600,22.500,22.400,22.300,22.200,22.100,22.000,21.900,21.800,21.700,21.600,21.500,21.400,21.300,21.200,21.100,21.000,20.900,20.800,20.700,20.600,20.500,20.400,20.300,20.200,20.100,20.000,19.900,19.800,19.700,19.600,19.500,19.400,19.300,19.200,19.100,19.000,18.900,18.800,18.700,18.600,18.500,18.400,18.300,18.200,18.100,18.000,17.900,17.800,17.700,17.600,17.500,17.400,17.300,17.200,17.100,17.000,16.900,16.800,16.700,16.600,16.500,16.400,16.300,16.200,16.100,16.000,15.900,15.800,15.700,15.600,15.500,15.400,15.300,15.200,15.100,15.000,14.900,14.800,14.700,14.600,14.500,14.400,14.300,14.200,14.100,14.000,13.900,13.800,13.700,13.600,13.500,13.400,13.300,13.200,13.100,13.000,12.900,12.800,12.700,12.600,12.500,12.400,12.300,12.200,12.100,12.000,11.900,11.800,11.700,11.600,11.500,11.400,11.300,11.200,11.100,11.000,10.900,10.800,10.700,10.600,10.500,10.400,10.300,10.200,10.100,10.000,9.900,9.800,9.700,9.600,9.500,9.400,9.300,9.200,9.100,9.000,8.900,8.800,8.700,8.600,8.500,8.400,8.300,8.200,8.100,8.000,7.900,7.800,7.700,7.600,7.500,7.400,7.300,7.200,7.100,7.000,6.900,6.800,6.700,6.600,6.500,6.400,6.300,6.200,6.100,6.000,5.900,5.800,5.700,5.600,5.500,5.400,5.300,5.200,5.100,5.000,4.900,4.800,4.700,4.600,4.500,4.400,4.300,4.200,4.100,4.000,3.900,3.800,3.700,3.600,3.500,3.400,3.300,3.200,3.100,3.000,2.900,2.800,2.700,2.600,2.500,2.400,2.300,2.200,2.100,2.000,1.900,1.800,1.700,1.600,1.500,1.400,1.300,1.200,1.100,1.000,0.900,0.800,0.700,0.600,0.500,0.400,0.300,0.200,0.100,0.000
45108.0000000,0.0000,0.0000,0.0000,0.0000,0.0000,0.0000,0.0000,0.0000,0.0000,0.0000,0.0000,0.0000,0.0000,0.0000,0.0000,0.0000,0.0000,0.0000,0.0000,0.0000,0.0000,0.0000,0.0000,0.0000,0.0000,0.0000,0.0000,0.0000,0.0000,0.0000,0.0000,0.0000,0.0000,0.0000,0.0000,0.0000,0.0000,0.0000,0.0000,0.0000,0.0000,0.0000,0.0000,0.0000,0.0000,0.0000,0.0000,0.0000,0.0000,0.0000,0.0000,0.0000,0.0000,0.0000,0.0000,0.0000,0.0000,0.0000,0.0000,0.0000,0.0000,0.0000,0.0000,0.0000,0.0000,0.0000,0.0000,0.0000,0.0000,0.0000,0.0000,0.0000,0.0000,0.0000,0.0000,0.0000,0.0000,0.0000,0.0000,0.0000,0.0000,0.0000,0.0000,0.0000,0.0000,0.0000,0.0000,0.0000,0.0000,0.0000,0.0000,0.0000,0.0000,0.0000,0.0000,0.0000,0.0000,0.0000,0.0000,0.0000,0.0000,0.0000,0.0000,0.0000,0.0000,0.0000,0.0000,0.0000,0.0000,0.0000,0.0000,0.0000,0.0000,0.0000,0.0000,0.0000,0.0000,0.0000,0.0000,0.0000,0.0000,0.0000,0.0000,0.0000,0.0000,0.0000,0.0000,0.0000,0.0000,0.0000,0.0000,0.0000,0.0000,0.0000,0.0000,0.0000,0.0000,0.0000,0.0000,0.0000,0.0000,0.0000,0.0000,0.0000,0.0000,0.0000,0.0000,0.0000,0.0000,0.0000,0.0000,0.0000,0.0000,0.0000,0.0000,0.0000,0.0000,0.0000,0.0000,0.0000,0.0000,0.0000,0.0000,0.0000,0.0000,0.0000,0.0000,0.0000,0.0000,0.0000,0.0000,0.0000,0.0000,0.0000,0.0000,0.0000,0.0000,0.0000,0.0000,0.0000,0.0000,0.0000,0.0000,0.0000,0.0000,0.0000,0.0000,0.0000,0.0000,0.0000,0.0000,0.0000,0.0000,0.0000,0.0000,0.0000,0.0000,0.0000,0.0000,0.0000,0.0000,0.0000,0.0000,0.0000,0.0000,0.0000,0.0000,0.0000,0.0000,0.0000,0.0000,0.0000,0.0000,0.0000,0.0000,0.0000,0.0000,0.0000,0.0000,0.0000,0.0000,0.0000,0.0000,0.0000,0.0000,0.0000,0.0000,0.0000,0.0000,0.0000,0.0000,0.0000,0.0000,0.0000,0.0000,0.0000
45108.0416667,0.0000,0.0000,0.0000,0.0000,0.0000,0.0000,0.0000,0.0000,0.0000,0.0000,0.0000,0.0000,0.0000,0.0000,0.0000,0.0000,0.0000,0.0000,0.0000,0.0000,0.0000,0.0000,0.0000,0.0000,0.0000,0.0000,0.0000,0.0000,0.0000,0.0000,0.0000,0.0000,0.0000,0.0000,0.0000,0.0000,0.0000,0.0000,0.0000,0.0000,0.0000,0.0000,0.0000,0.0000,0.0000,0.0000,0.0000,0.0000,0.0000,0.0000,0.0000,0.0000,0.0000,0.0000,0.0000,0.0000,0.0000,0.0000,0.0000,0.0000,0.0000,0.0000,0.0000,0.0000,0.0000,0.0000,0.0000,0.0000,0.0000,0.0000,0.0000,0.0000,0.0000,0.0000,0.0000,0.0000,0.0000,0.0000,0.0000,0.0000,0.0000,0.0000,0.0000,0.0000,0.0000,0.0000,0.0000,0.0000,0.0000,0.0000,0.0000,0.0000,0.0000,0.0000,0.0000,0.0000,0.0000,0.0000,0.0000,0.0000,0.0000,0.0000,0.0000,0.0000,0.0000,0.0000,0.0000,0.0000,0.0000,0.0000,0.0000,0.0000,0.0000,0.0000,0.0000,0.0000,0.0000,0.0000,0.0000,0.0000,0.0000,0.0000,0.0000,0.0000,0.0000,0.0000,0.0000,0.0000,0.0000,0.0000,0.0000,0.0000,0.0000,0.0000,0.0000,0.0000,0.0000,0.0000,0.0000,0.0000,0.0000,0.0000,0.0000,0.0000,0.0000,0.0000,0.0000,0.0000,0.0000,0.0000,0.0000,0.0000,0.0000,0.0000,0.0000,0.0000,0.0000,0.0000,0.0000,0.0000,0.0000,0.0000,0.0000,0.0000,0.0000,0.0000,0.0000,0.0000,0.0000,0.0000,0.0000,0.0000,0.0000,0.0000,0.0000,0.0000,0.0000,0.0000,0.0000,0.0000,0.0000,0.0000,0.0000,0.0000,0.0000,0.0000,0.0000,0.0000,0.0000,0.0000,0.0000,0.0000,0.0000,0.0000,0.0000,0.0000,0.0000,0.0000,0.0000,0.0000,0.0000,0.0000,0.0000,0.0000,0.0000,0.0000,0.0000,0.0000,0.0000,0.0000,0.0000,0.0000,0.0000,0.0000,0.0000,0.0000,0.0000,0.0000,0.0000,0.0000,0.0000,0.0000,0.0000,0.0000,0.0000,0.0000,0.0000,0.0000,0.0000,0.0000,0.0000,0.0000,0.0000,0.0000,0.0000,0.0000
45108.0833333,0.0000,0.0000,0.0000,0.0000,0.0000,0.0000,0.0000,0.0000,0.0000,0.0000,0.0000,0.0000,0.0000,0.0000,0.0000,0.0000,0.0000,0.0000,0.0000,0.0000,0.0000,0.0000,0.0000,0.0000,0.0000,0.0000,0.0000,0.0000,0.0000,0.0000,0.0000,0.0000,0.0000,0.0000,0.0000,0.0000,0.0000,0.0000,0.0000,0.0000,0.0000,0.0000,0.0000,0.0000,0.0000,0.0000,0.0000,0.0000,0.0000,0.0000,0.0000,0.0000,0.0000,0.0000,0.0000,0.0000,0.0000,0.0000,0.0000,0.0000,0.0000,0.0000,0.0000,0.0000,0.0000,0.0000,0.0000,0.0000,0.0000,0.0000,0.0000,0.0000,0.0000,0.0000,0.0000,0.0000,0.0000,0.0000,0.0000,0.0000,0.0000,0.0000,0.0000,0.0000,0.0000,0.0000,0.0000,0.0000,0.0000,0.0000,0.0000,0.0000,0.0000,0.0000,0.0000,0.0000,0.0000,0.0000,0.0000,0.0000,0.0000,0.0000,0.0000,0.0000,0.0000,0.0000,0.0000,0.0000,0.0000,0.0000,0.0000,0.0000,0.0000,0.0000,0.0000,0.0000,0.0000,0.0000,0.0000,0.0000,0.0000,0.0000,0.0000,0.0000,0.0000,0.0000,0.0000,0.0000,0.0000,0.0000,0.0000,0.0000,0.0000,0.0000,0.0000,0.0000,0.0000,0.0000,0.0000,0.0000,0.0000,0.0000,0.0000,0.0000,0.0000,0.0000,0.0000,0.0000,0.0000,0.0000,0.0000,0.0000,0.0000,0.0000,0.0000,0.0000,0.0000,0.0000,0.0000,0.0000,0.0000,0.0000,0.0000,0.0000,0.0000,0.0000,0.0000,0.0000,0.0000,0.0000,0.0000,0.0000,0.0000,0.0000,0.0000,0.0000,0.0000,0.0000,0.0000,0.0000,0.0000,0.0000,0.0000,0.0000,0.0000,0.0000,0.0000,0.0000,0.0000,0.0000,0.0000,0.0000,0.0000,0.0000,0.0000,0.0000,0.0000,0.0000,0.0000,0.0000,0.0000,0.0000,0.0000,0.0000,0.0000,0.0000,0.0000,0.0000,0.0000,0.0000,0.0000,0.0000,0.0000,0.0000,0.0000,0.0000,0.0000,0.0000,0.0000,0.0000,0.0000,0.0000,0.0000,0.0000,0.0000,0.0000,0.0000,0.0000,0.0000,0.0000,0.0000,0.0000,0.0000,0.0000,0.0000,0.0000
45108.1250000,0.0000,0.0000,0.0000,0.0000,0.0000,0.0000,0.0000,0.0000,0.0000,0.0000,0.0000,0.0000,0.0000,0.0000,0.0000,0.0000,0.0000,0.0000,0.0000,0.0000,0.0000,0.0000,0.0000,0.0000,0.0000,0.0000,0.0000,0.0000,0.0000,0.0000,0.0000,0.0000,0.0000,0.0000,0.0000,0.0000,0.0000,0.0000,0.0000,0.0000,0.0000,0.0000,0.0000,0.0000,0.0000,0.0000,0.0000,0.0000,0.0000,0.0000,0.0000,0.0000,0.0000,0.0000,0.0000,0.0000,0.0000,0.0000,0.0000,0.0000,0.0000,0.0000,0.0000,0.0000,0.0000,0.0000,0.0000,0.0000,0.0000,0.0000,0.0000,0.0000,0.0000,0.0000,0.0000,0.0000,0.0000,0.0000,0.0000,0.0000,0.0000,0.0000,0.0000,0.0000,0.0000,0.0000,0.0000,0.0000,0.0000,0.0000,0.0000,0.0000,0.0000,0.0000,0.0000,0.0000,0.0000,0.0000,0.0000,0.0000,0.0000,0.0000,0.0000,0.0000,0.0000,0.0000,0.0000,0.0000,0.0000,0.0000,0.0000,0.0000,0.0000,0.0000,0.0000,0.0000,0.0000,0.0000,0.0000,0.0000,0.0000,0.0000,0.0000,0.0000,0.0000,0.0000,0.0000,0.0000,0.0000,0.0000,0.0000,0.0000,0.0000,0.0000,0.0000,0.0000,0.0000,0.0000,0.0000,0.0000,0.0000,0.0000,0.0000,0.0000,0.0000,0.0000,0.0000,0.0000,0.0000,0.0000,0.0000,0.0000,0.0000,0.0000,0.0000,0.0000,0.0000,0.0000,0.0000,0.0000,0.0000,0.0000,0.0000,0.0000,0.0000,0.0000,0.0000,0.0000,0.0000,0.0000,0.0000,0.0000,0.0000,0.0000,0.0000,0.0000,0.0000,0.0000,0.0000,0.0000,0.0000,0.0000,0.0000,0.0000,0.0000,0.0000,0.0000,0.0000,0.0000,0.0000,0.0000,0.0000,0.0000,0.0000,0.0000,0.0000,0.0000,0.0000,0.0000,0.0000,0.0000,0.0000,0.0000,0.0000,0.0000,0.0000,0.0000,0.0000,0.0000,0.0000,0.0000,0.0000,0.0000,0.0000,0.0000,0.0000,0.0000,0.0000,0.0000,0.0000,0.0000,0.0000,0.0000,0.0000,0.0000,0.0000,0.0000,0.0000,0.0000,0.0000,0.0000,0.0000,0.0000,0.0000,0.0000,0.0000
45108.1666667,0.0000,0.0000,0.0000,0.0000,0.0000,0.0000,0.0000,0.0000,0.0000,0.0000,0.0000,0.0000,0.0000,0.0000,0.0000,0.0000,0.0000,0.0000,0.0000,0.0000,0.0000,0.0000,0.0000,0.0000,0.0000,0.0000,0.0000,0.0000,0.0000,0.0000,0.0000,0.0000,0.0000,0.0000,0.0000,0.0000,0.0000,0.0000,0.0000,0.0000,0.0000,0.0000,0.0000,0.0000,0.0000,0.0000,0.0000,0.0000,0.0000,0.0000,0.0000,0.0000,0.0000,0.0000,0.0000,0.0000,0.0000,0.0000,0.0000,0.0000,0.0000,0.0000,0.0000,0.0000,0.0000,0.0000,0.0000,0.0000,0.0000,0.0000,0.0000,0.0000,0.0000,0.0000,0.0000,0.0000,0.0000,0.0000,0.0000,0.0000,0.0000,0.0000,0.0000,0.0000,0.0000,0.0000,0.0000,0.0000,0.0000,0.0000,0.0000,0.0000,0.0000,0.0000,0.0000,0.0000,0.0000,0.0000,0.0000,0.0000,0.0000,0.0000,0.0000,0.0000,0.0000,0.0000,0.0000,0.0000,0.0000,0.0000,0.0000,0.0000,0.0000,0.0000,0.0000,0.0000,0.0000,0.0000,0.0000,0.0000,0.0000,0.0000,0.0000,0.0000,0.0000,0.0000,0.0000,0.0000,0.0000,0.0000,0.0000,0.0000,0.0000,0.0000,0.0000,0.0000,0.0000,0.0000,0.0000,0.0000,0.0000,0.0000,0.0000,0.0000,0.0000,0.0000,0.0000,0.0000,0.0000,0.0000,0.0000,0.0000,0.0000,0.0000,0.0000,0.0000,0.0000,0.0000,0.0000,0.0000,0.0000,0.0000,0.0000,0.0000,0.0000,0.0000,0.0000,0.0000,0.0000,0.0000,0.0000,0.0000,0.0000,0.0000,0.0000,0.0000,0.0000,0.0000,0.0000,0.0000,0.0000,0.0000,0.0000,0.0000,0.0000,0.0000,0.0000,0.0000,0.0000,0.0000,0.0000,0.0000,0.0000,0.0000,0.0000,0.0000,0.0000,0.0000,0.0000,0.0000,0.0000,0.0000,0.0000,0.0000,0.0000,0.0000,0.0000,0.0000,0.0000,0.0000,0.0000,0.0000,0.0000,0.0000,0.0000,0.0000,0.0000,0.0000,0.0000,0.0000,0.0000,0.0000,0.0000,0.0000,0.0000,0.0000,0.0000,0.0000,0.0000,0.0000,0.0000,0.0000,0.0000,0.0000,0.0000,0.0000
45108.2083333,0.0000,0.0000,0.0000,0.0000,0.0000,0.0000,0.0000,0.0000,0.0000,0.0000,0.0000,0.0000,0.0000,0.0000,0.0000,0.0000,0.0000,0.0000,0.0000,0.0000,0.0000,0.0000,0.0000,0.0000,0.0000,0.0000,0.0000,0.0000,0.0000,0.0000,0.0000,0.0000,0.0000,0.0000,0.0000,0.0000,0.0000,0.0000,0.0000,0.0000,0.0000,0.0000,0.0000,0.0000,0.0000,0.0000,0.0000,0.0000,0.0000,0.0000,0.0000,0.0000,0.0000,0.0000,0.0000,0.0000,0.0000,0.0000,0.0000,0.0000,0.0000,0.0000,0.0000,0.0000,0.0000,0.0000,0.0000,0.0000,0.0000,0.0000,0.0000,0.0000,0.0000,0.0000,0.0000,0.0000,0.0000,0.0000,0.0000,0.0000,0.0000,0.0000,0.0000,0.0000,0.0000,0.0000,0.0000,0.0000,0.0000,0.0000,0.0000,0.0000,0.0000,0.0000,0.0000,0.0000,0.0000,0.0000,0.0000,0.0000,0.0000,0.0000,0.0000,0.0000,0.0000,0.0000,0.0000,0.0000,0.0000,0.0000,0.0000,0.0000,0.0000,0.0000,0.0000,0.0000,0.0000,0.0000,0.0000,0.0000,0.0000,0.0000,0.0000,0.0000,0.0000,0.0000,0.0000,0.0000,0.0000,0.0000,0.0000,0.0000,0.0000,0.0000,0.0000,0.0000,0.0000,0.0000,0.0000,0.0000,0.0000,0.0000,0.0000,0.0000,0.0000,0.0000,0.0000,0.0000,0.0000,0.0000,0.0000,0.0000,0.0000,0.0000,0.0000,0.0000,0.0000,0.0000,0.0000,0.0000,0.0000,0.0000,0.0000,0.0000,0.0000,0.0000,0.0000,0.0000,0.0000,0.0000,0.0000,0.0000,0.0000,0.0000,0.0000,0.0000,0.0000,0.0000,0.0000,0.0000,0.0000,0.0000,0.0000,0.0000,0.0000,0.0000,0.0000,0.0000,0.0000,0.0000,0.0000,0.0000,0.0000,0.0000,0.0000,0.0000,0.0000,0.0000,0.0000,0.0000,0.0000,0.0000,0.0000,0.0000,0.0000,0.0000,0.0000,0.0000,0.0000,0.0000,0.0000,0.0000,0.0000,0.0000,0.0000,0.0000,0.0000,0.0000,0.0000,0.0000,0.0000,0.0000,0.0000,0.0000,0.0000,0.0000,0.0000,0.0000,0.0000,0.0000,0.0000,0.0000,0.0000,0.0000,0.0000,0.0000
45108.2500000,2.4511,3.8008,8.7568,5.8164,6.5969,10.1750,9.5373,5.7658,9.7616,11.2809,8.4816,11.1963,9.7744,10.2901,8.6422,9.9777,11.6027,11.6950,11.0315,7.7784,7.8682,3.9500,7.7292,6.8969,7.9330,10.3232,6.8683,4.2163,8.5887,5.0932,5.1974,2.9017,4.1883,6.9732,5.6138,6.6019,8.1578,7.9858,3.6676,11.2070,8.1802,10.9763,5.7576,7.6212,9.6442,10.8555,10.1774,8.2649,9.1394,7.0851,10.2504,10.2830,10.8879,10.2642,6.2061,3.3908,4.7012,5.7999,9.2181,10.7370,10.7044,10.9380,2.9176,2.5883,5.4317,4.2234,8.6138,6.9378,9.9364,10.9853,10.0130,5.5006,4.5146,12.2045,7.7042,8.7317,9.5826,5.4832,3.7546,4.1083,9.2377,9.9090,11.2690,10.6437,6.0046,8.3516,8.6202,7.0658,7.6632,10.1228,7.2520,7.8378,9.0685,7.9157,8.1122,9.7761,10.7378,10.3877,10.8652,11.4558,10.4896,10.5414,10.2611,8.8154,9.1739,9.7495,10.1724,6.8779,6.3164,8.9991,8.1151,7.5157,7.0990,6.9016,7.2582,6.8267,8.5685,10.6779,7.7108,8.7592,10.6366,11.3069,6.6229,10.6608,4.7442,8.2377,11.3235,11.0235,11.5421,7.4228,8.0546,8.7686,7.5715,6.3573,6.3638,6.9154,7.5341,9.1198,10.0020,8.9219,5.1210,8.1456,7.5722,11.7423,10.2713,6.6375,7.3089,7.9510,6.2169,4.7781,6.7411,7.9249,10.5204,3.9733,6.7730,9.6519,9.5181,7.6458,9.7278,11.4117,10.2760,8.0885,8.9465,9.6588,8.4910,6.1471,8.8088,7.4732,9.2964,11.0976,7.7519,11.3281,8.0619,10.4618,11.5399,11.6084,9.5864,11.6078,11.8821,10.9113,11.7782,11.7255,10.0854,8.5125,9.0072,12.0728,12.2956,9.6804,11.8402,12.1539,12.4491,12.4132,12.4132,11.6117,9.4272,10.0155,12.5701,12.6821,10.0127,12.2227,12.7123,12.8660,12.8820,12.9276,12.4784,10.1523,10.7360,13.0711,13.1843,10.4755,12.7068,13.2907,13.3649,13.3806,13.4256,13.1279,10.9649,11.6046,13.4875,13.6781,10.9567,13.1862,13.7825,13.8552,13.8704,13.9144,13.5568,11.9295,12.6563,13.9748,14.1610,11.4627,13.6595,14.2627,14.3333,14.3480
45108.2916667,8.0657,12.5075,28.8174,19.1420,21.7118,36.8865,31.3913,18.9778,41.2821,46.1865,31.5454,46.0641,41.7035,43.2018,28.4461,32.8424,39.6172,47.8774,37.4650,25.6039,25.9003,13.0031,25.4445,25.6736,29.6465,35.9435,23.2096,13.8832,37.5411,21.3008,17.1593,9.9241,23.0361,28.1055,18.4863,21.7407,35.9881,28.3125,13.4964,45.9133,26.9404,39.6599,18.9633,25.1025,31.7669,35.7568,33.5234,27.2239,30.1046,23.3386,42.8768,43.1308,45.0971,42.8712,20.4446,17.4187,15.4872,28.0705,31.2045,44.4319,44.3723,45.2465,9.6113,8.5264,22.2374,13.9166,28.3837,22.8611,32.7419,40.1050,42.5386,18.7218,20.5434,44.0854,27.6208,37.8733,34.5986,19.3382,12.8357,13.5405,31.8954,41.0784,45.8635,39.2634,19.7961,27.5337,28.4190,23.2943,25.2635,33.3721,23.9080,25.8388,29.8999,26.0985,26.7438,34.4714,35.4040,34.2539,36.0447,46.9006,35.5375,34.7616,33.8375,38.2575,39.1907,32.3028,34.4770,23.4155,23.5997,38.8019,36.5468,24.8433,23.6100,22.7617,24.0423,22.8066,35.2666,37.2235,34.4971,38.0451,35.0879,46.6778,21.9916,44.6186,15.6510,28.3121,46.7828,45.4500,47.4733,34.2567,36.1047,38.5605,34.4720,30.2647,21.6289,24.0905,25.3136,34.4611,42.5119,29.4366,16.8972,29.5753,27.0671,38.7461,33.8927,21.9022,26.7330,26.2378,24.7873,16.1291,22.4435,26.1527,36.9023,13.7295,23.1059,34.8489,40.4445,25.2325,41.1557,37.6608,33.9127,26.6935,31.8465,32.1664,32.5103,24.1734,29.5001,27.5029,35.1548,46.2695,30.2724,47.2664,26.7408,44.0313,47.6460,47.4952,31.9903,47.6806,48.5830,44.7276,47.7976,47.8317,33.5551,28.2977,29.9183,48.8662,49.6514,32.2938,48.1483,49.1836,50.1583,50.0398,50.0399,38.5871,31.3227,33.2479,50.5579,50.9275,33.3907,49.4113,51.0275,51.5347,51.5875,51.7381,50.2555,33.7163,35.6262,52.2120,52.5856,34.7733,51.0097,52.9368,53.1820,53.2338,53.3823,52.3997,36.3979,38.6222,53.5869,54.2160,36.5770,52.5924,54.5608,54.8007,54.8510,54.9964,53.8159,39.5773,44.4902,55.1958,55.8104,39.3859,54.1552,56.1463,56.3794,56.4278
45108.3333333,16.1721,25.0790,63.2265,38.3833,43.5373,108.9139,62.9488,38.0562,107.8818,117.4490,98.5853,117.7134,110.1269,112.2317,57.0440,110.5920,120.9071,121.7513,118.4317,54.7966,62.8602,38.5383,51.0282,58.5740,96.3071,78.3683,88.6623,27.8452,100.7174,54.0733,39.9935,38.5702,71.5838,69.5232,80.4151,44.7640,97.2311,61.3725,30.1440,116.8154,54.0392,115.2973,38.0395,50.3553,81.6377,116.3279,112.0692,54.6120,60.3909,51.4232,111.0427,111.9604,115.8316,110.8891,57.5242,51.3475,36.6634,80.9348,64.6140,114.0285,114.0426,116.0872,19.2814,17.1051,55.5000,27.9222,101.3497,58.4949,117.2917,90.0304,111.6009,38.7179,55.9199,129.3534,79.7578,101.0074,107.9102,41.2096,26.6229,29.7857,71.0483,105.5592,116.0031,112.7767,39.7289,58.1517,61.2358,46.7489,50.7008,66.9738,89.3299,92.7932,84.4611,94.7071,98.3421,108.5114,114.3813,108.3102,114.4319,119.2568,74.6299,79.0136,112.1034,102.0881,103.2662,107.0787,72.0782,68.5631,53.9059,103.7385,100.3337,61.6409,49.5425,46.2481,57.7241,89.1100,89.4274,80.7869,94.2172,101.5902,71.5672,119.5578,44.5344,115.6248,34.4406,59.2401,119.9085,116.2745,121.2087,95.7187,98.7690,103.9785,95.3827,86.3743,43.2360,51.1002,50.9774,104.8101,111.5834,75.4501,33.9248,65.7691,53.1876,123.4236,70.9451,43.9748,94.5676,70.4746,52.2648,35.5159,44.9500,52.8645,79.0952,29.7257,47.9021,106.5808,106.1184,59.0049,107.6001,121.5008,109.5194,78.6683,81.9277,64.6233,77.0969,58.7274,60.7346,93.4444,107.0699,119.5261,72.5977,122.1876,59.2840,114.6411,122.0574,120.7006,65.4448,121.5975,123.6815,113.8393,120.5871,121.2368,67.1989,57.2995,59.9774,123.0004,124.7168,66.1416,121.6987,123.7779,125.7351,125.4973,125.4976,120.1854,64.0657,67.2715,126.5383,127.2805,72.9100,124.2362,127.4817,128.5004,128.6064,128.9090,125.9319,69.9393,75.7112,129.8611,130.6114,75.9780,127.4470,131.3170,131.8094,131.9135,132.2119,130.2390,76.8033,86.7194,132.6233,133.8867,76.3202,130.6266,134.5793,135.0613,135.1624,135.4544,133.0840,85.7721,127.1159,135.8553,137.0895,81.4348,133.7661,137.7643,138.2326,138.3299
45108.3750000,24.0032,37.2236,111.2646,56.9720,159.6419,200.7153,93.4383,82.7818,200.8089,214.5687,186.1969,215.8024,206.4524,208.0919,120.4972,206.0628,220.9806,222.4592,218.5474,91.2329,180.1676,64.7112,77.9972,94.9477,184.1085,203.3174,172.1736,41.3377,190.7355,94.9291,68.0529,71.1557,147.4182,174.9874,159.9706,171.8677,184.9484,92.5596,47.2545,213.4893,111.9352,211.2414,56.4769,77.7879,191.9582,214.5263,208.4161,81.0845,201.7496,76.9824,205.4457,207.4818,213.1089,204.9825,170.2671,100.0868,51.8031,160.0743,192.0774,209.6583,209.8996,213.4155,28.6288,25.3973,96.4547,41.4624,192.1365,176.1619,222.7221,154.0572,208.3192,58.6761,103.7536,237.8144,142.1917,190.5532,202.0290,154.1316,42.5819,48.8832,183.5903,194.2118,211.1113,207.1931,59.0049,87.1675,92.4697,69.4303,75.2996,204.4454,171.4048,176.1522,132.8052,180.3391,187.9786,202.2768,210.5210,197.8995,209.8351,217.8812,209.0359,206.7991,207.9805,192.6764,193.2787,198.9439,141.1428,119.4528,87.1182,196.0492,192.8448,188.1201,74.4496,72.7888,176.7872,173.5837,160.6514,210.0475,180.4555,191.8221,137.1151,219.5662,72.8105,214.0556,52.0308,111.5766,220.3183,213.3371,222.1081,185.9658,189.4073,197.6079,184.1976,169.8875,86.8208,70.9042,81.3849,197.4085,208.3641,118.2985,55.2127,124.4225,183.8651,226.2538,123.4828,73.8760,183.8801,180.4523,166.4159,53.6998,175.7183,81.3410,109.6429,102.0865,72.5752,198.3549,198.0754,78.9974,200.3655,223.6553,201.5705,181.3223,191.0719,99.5980,130.6285,100.3933,104.1549,180.0907,201.8179,220.8242,123.1439,225.8691,87.1449,212.9209,224.2006,220.4430,101.8915,222.6425,226.1885,208.0945,219.0837,221.0097,102.5730,90.2707,94.1090,223.1117,225.8927,102.9264,221.4088,224.4982,227.4064,227.0533,227.0540,219.1613,102.3289,110.4325,228.6009,229.7039,108.6716,225.1811,230.0034,231.5172,231.6748,232.1246,227.7015,113.4611,126.2869,233.5401,234.6549,116.1564,229.9538,235.7040,236.4358,236.5906,237.0342,234.1030,127.6366,219.1026,237.6461,239.5234,124.9737,234.6801,240.5531,241.2694,241.4198,241.8538,238.3321,145.5652,229.4652,242.4503,244.2843,135.3159,239.3467,245.2874,245.9835,246.1282
45108.4166667,30.2927,46.9785,328.3753,93.1979,282.2451,339.3289,333.5190,97.0684,343.0547,359.4426,322.8078,362.8673,355.3077,354.0811,332.4762,352.4186,370.3740,372.7410,370.0583,158.1240,315.1833,85.6670,327.7529,127.3884,323.0417,343.6158,306.6741,285.2148,331.5845,143.9051,291.9412,112.6345,276.7498,311.7849,291.3577,308.3014,322.9209,161.0770,70.2192,357.7689,318.7096,354.9433,71.3098,96.1517,325.1828,362.9853,355.7421,127.2235,350.3890,132.5802,348.7810,352.8470,359.6843,347.6744,308.2844,172.2565,77.8444,290.0065,329.0792,353.6106,354.4046,359.9097,45.6474,44.1530,180.0247,149.8748,334.3769,314.6202,388.3492,386.3751,356.9460,74.8246,169.3000,401.1528,225.2738,329.9914,347.2045,280.0497,69.2904,119.1598,310.8077,327.7307,352.1600,349.1484,74.5398,114.9829,109.9349,90.7972,307.4048,347.7437,301.7948,306.9131,322.1494,315.1851,329.8085,346.0842,355.4474,331.5044,352.8917,365.0090,354.4030,349.1842,354.1073,333.8212,332.0357,339.1990,350.0662,182.0431,147.2992,340.1269,340.1899,335.2318,102.4202,104.6526,313.2450,310.1061,242.4047,354.9507,317.2035,332.4858,379.9487,369.8827,109.3875,363.6554,65.3573,329.8053,371.3460,359.0115,373.2930,331.4441,333.3750,344.7627,326.3935,306.2507,297.5370,112.3155,119.6033,341.3267,357.1546,346.1094,71.9074,329.0741,325.6821,380.4290,354.6663,135.6894,327.9744,315.1470,300.0506,83.5350,315.4200,112.6042,153.6330,169.6537,104.6355,338.7856,339.3364,110.0950,342.4278,377.7166,340.2981,315.8274,329.2860,133.9470,193.4932,148.4256,182.3920,318.4790,349.2333,374.3659,180.7347,383.1626,127.8683,362.9436,377.7807,369.1667,145.9109,373.8701,379.3501,348.7788,364.8069,369.3724,349.2034,129.2429,133.0860,370.8795,374.9067,147.0251,369.2396,373.1452,376.8218,376.3758,376.3771,366.4006,149.6932,162.7906,378.3342,379.7289,157.6942,374.0126,380.1087,382.0227,382.2224,382.7914,377.2006,169.5083,355.5121,384.5823,385.9920,171.5971,380.0502,387.3193,388.2448,388.4409,389.0020,385.2972,194.0110,366.3364,389.7772,392.1507,188.6475,386.0292,393.4535,394.3594,394.5500,395.0990,390.6477,225.2039,379.4401,395.8547,398.1734,208.0596,391.9327,399.4427,400.3229,400.5063
45108.4583333,30.6248,58.9693,497.7797,443.8777,436.2598,503.8165,499.5317,133.2250,514.3539,529.0865,490.4956,536.0540,536.3707,528.9447,506.1595,528.9500,545.4665,548.7995,550.3182,245.6374,482.7592,104.5172,506.4212,144.2725,496.1183,510.0319,477.1221,160.5479,505.0908,125.6961,466.7797,156.0356,255.5943,230.4486,461.7975,482.5466,493.7801,492.9330,107.2492,526.8084,486.0840,523.9732,76.3659,109.6127,483.7074,539.4160,532.9730,242.3196,533.3066,103.1283,519.9060,526.8250,533.2403,517.8074,126.8302,99.4813,108.6844,457.6511,494.6768,523.8741,525.5954,533.1649,69.2210,59.7263,87.7090,136.3707,509.8371,490.6248,593.2562,579.7775,536.6793,127.4252,112.2648,594.4746,154.7735,500.9222,523.4472,442.9761,100.9288,96.9265,462.0153,485.7252,516.2402,516.8258,75.4803,131.8602,484.2905,283.5507,470.9238,519.2789,464.8552,468.3895,483.7887,482.3603,506.4949,519.6239,527.1330,487.8860,521.3763,537.3091,527.6353,517.8616,529.2819,506.9533,500.3691,507.6349,522.9786,477.7937,330.4292,517.1745,164.1094,154.3326,481.0539,135.8771,485.1738,483.6990,166.2038,526.8193,487.9152,505.1208,571.6785,547.3924,496.0613,542.4642,445.9784,505.3171,549.8364,530.7527,551.2189,515.9912,513.4125,292.1584,122.2612,134.6035,214.0908,492.0845,501.6381,517.4189,537.1745,527.8090,479.6962,504.8997,504.3260,562.0060,530.1849,508.6779,510.9124,481.9833,137.7164,118.3368,147.0211,532.5730,562.5961,114.4706,145.9857,507.8359,510.0892,477.3501,513.5914,560.3292,504.5840,481.8869,497.6561,285.4210,263.0943,449.3557,492.0141,492.4652,529.8076,557.3600,530.8178,570.8140,166.1527,543.0968,559.2218,543.2447,183.2130,551.6180,559.0434,513.6189,533.8726,542.4957,522.2392,489.4974,502.4181,541.8668,546.9087,184.1630,541.1658,545.1255,548.8531,548.4018,548.4039,538.2919,510.7274,518.1529,550.3909,551.8054,201.4786,546.0126,552.1927,554.1336,554.3369,554.9144,549.2480,519.8978,527.2648,556.7329,558.1626,223.2179,552.1412,559.5104,560.4493,560.6489,561.2185,557.4638,530.1720,538.2455,562.0074,564.4140,248.5532,558.2104,565.7370,566.6561,566.8500,567.4073,562.8960,542.3631,551.5368,568.1765,570.5276,278.2780,564.2032,571.8166,572.7096,572.8963
45108.5000000,31.7468,105.0190,559.7344,501.8307,491.8824,564.6127,560.6070,156.1574,577.3934,592.1620,551.7319,600.3464,602.8597,593.4637,569.5854,593.9320,610.6041,614.3173,617.0532,578.8160,543.7056,125.1503,571.2415,166.9341,559.0418,571.5749,538.6801,92.2635,568.4368,148.7545,529.2104,101.3168,134.3598,547.8756,522.8410,545.3429,556.0133,555.2900,241.1686,589.6446,547.0928,586.7124,122.7974,126.1991,542.1826,604.7292,598.2927,555.7540,600.2178,152.3011,583.0924,591.0357,597.5489,580.6484,147.2118,120.2398,128.3874,517.7859,555.4838,586.9547,588.9912,597.3876,58.0217,72.2598,121.7976,239.0467,573.8948,554.1909,668.2998,651.1662,602.8233,523.5440,135.0258,666.3329,177.7609,563.4241,588.1790,501.3155,120.8857,114.6159,517.7412,544.1282,577.3537,578.9585,506.7726,185.7999,544.3860,212.1546,530.3684,582.5673,523.9695,527.1815,543.1420,543.2043,570.7888,583.4823,590.7268,545.9165,583.8890,601.4148,591.6773,580.3108,593.9195,570.2776,562.1388,569.6756,586.7765,539.4771,328.1832,581.9296,592.1119,589.3942,542.9150,549.4093,547.4388,546.3788,189.9325,590.4580,549.9354,568.2502,642.3451,613.2880,560.9676,608.5576,505.9111,569.2548,616.0872,594.4886,617.3588,582.8019,578.8811,593.3657,178.5847,164.3669,526.3583,555.9412,566.0557,581.9236,603.4312,594.2211,544.3065,568.9136,569.1060,629.5241,594.9559,575.5289,577.1087,542.7325,160.3891,140.0956,558.4093,601.2173,632.0306,137.6780,169.4291,570.0628,572.8653,537.8367,576.5986,628.0816,565.3766,542.4177,559.3553,560.0349,521.2001,507.8089,553.0440,555.5565,595.9771,625.1208,599.4505,640.3208,584.7511,609.5911,626.6115,608.0512,208.3079,617.7256,625.9402,574.8671,596.9714,607.0117,586.0570,550.5794,564.7681,605.7674,611.2596,209.0420,605.3045,609.4111,613.2769,612.8091,612.8115,602.3253,573.7407,581.4413,614.8729,616.3399,229.3310,610.3331,616.7423,618.7552,618.9662,619.5653,613.6894,583.2530,590.8929,621.4520,622.9348,254.4128,616.6910,624.3331,625.3070,625.5142,626.1051,622.2116,593.9098,602.2824,626.9241,629.4201,283.4164,622.9872,630.7926,631.7459,631.9473,632.5254,627.8473,606.5546,616.0681,633.3239,635.7623,600.4540,629.2042,637.0996,638.0260,638.2197
45108.5416667,85.9389,490.9892,572.9938,513.3583,503.2831,578.1734,573.9906,547.5773,591.1966,606.5083,564.7705,614.8708,617.2521,607.7101,583.0601,608.1484,625.4217,629.2334,631.9460,592.3924,556.4775,130.0963,584.6359,170.8512,572.1797,585.3185,176.3294,97.8876,581.8803,158.7220,157.0086,66.7771,139.8696,560.6294,534.8345,557.9894,569.1121,568.3495,138.0889,603.9256,559.9877,600.8954,158.1589,185.9394,555.1570,619.3161,612.6411,568.8624,614.4756,175.6494,597.0971,605.2294,611.9733,594.5982,155.3826,122.0924,135.8748,156.0059,568.7115,601.1131,603.1926,611.8150,115.9497,81.9755,133.8395,520.3059,587.4734,567.0921,684.2547,666.8555,617.2583,535.5442,523.8988,682.5345,187.6886,576.7750,602.2173,155.6837,127.7498,115.5803,530.0992,557.1866,591.3621,592.9224,518.4526,568.3830,557.2822,541.7014,542.8136,596.5477,536.2122,539.5754,556.0686,555.9816,584.2332,597.4395,604.9781,559.0810,597.9984,616.0091,605.9191,594.2948,608.1840,583.8034,575.5218,583.3090,600.8625,552.0339,581.4026,595.7406,606.0559,603.1976,555.5809,562.2011,560.2312,559.0910,199.6688,604.6976,186.6375,581.7238,657.7906,628.1417,573.9947,623.2174,149.4432,582.6846,631.0086,608.8678,632.3383,596.4426,197.0009,607.4270,187.9897,173.5393,538.5466,568.8901,190.1245,595.7640,617.8875,608.3224,556.7524,582.3248,582.4476,644.8143,609.2497,588.9000,590.6033,555.5092,169.4950,149.3661,571.3948,615.3552,647.2225,145.9645,178.5189,583.6971,586.5475,550.4603,590.3950,643.2964,578.9829,555.2055,572.6488,573.4368,533.5425,519.5330,566.1731,568.5710,610.1701,640.2264,613.5257,655.8112,598.5227,624.2522,641.8090,622.8245,603.3089,632.7244,641.1622,588.7772,611.5086,621.7762,600.1209,563.6131,578.1965,620.5482,626.1972,590.8418,620.0444,624.2872,628.2813,627.7980,627.8004,616.9662,587.4326,595.3888,629.9302,631.4459,595.3580,625.2397,631.8616,633.9414,634.1593,634.7783,628.7073,597.2604,605.1540,636.7275,638.2595,601.6389,631.8084,639.7042,640.7104,640.9245,641.5349,637.5122,608.2708,616.9214,642.3810,644.9598,608.1677,638.3134,646.3779,647.3628,647.5708,648.1682,643.3348,621.3351,631.1644,648.9931,651.5124,615.0320,644.7366,652.8940,653.8511,654.0513
45108.5833333,397.1166,403.3426,487.6214,428.9404,424.0472,497.2903,491.4779,151.6044,505.9551,524.0276,480.0419,530.2697,526.4437,521.0813,495.1243,520.1992,540.2374,543.6119,543.1463,499.1009,471.0769,116.3512,492.7781,468.2319,483.7376,503.5211,127.3683,66.2921,493.9814,143.2725,142.4038,84.7903,124.9434,470.8346,445.1049,467.2874,482.1976,480.9181,120.8891,521.7024,475.0764,518.4013,145.6454,463.9126,477.0220,532.4805,524.5377,482.4213,521.9010,467.2262,512.5444,519.0978,526.8073,510.6249,139.4053,107.8536,120.4540,140.5681,486.0543,517.6334,519.1479,526.8800,99.2048,77.0865,95.9590,104.9684,498.4981,475.7951,580.1641,570.5511,527.5398,445.2107,115.6450,587.7403,474.7805,490.5104,513.9619,140.3779,113.7979,384.4273,455.6287,479.6739,512.0322,510.8010,433.6877,482.3828,474.6716,456.2369,459.4695,511.6129,452.6341,457.5996,475.4798,470.8675,493.9605,510.9515,520.6977,483.0603,515.6875,532.2440,520.4638,511.4854,521.3525,496.3924,491.2636,499.6846,515.2024,463.6564,484.6427,506.2344,511.2061,506.5882,467.3300,471.7809,471.6309,469.0279,502.0348,520.2438,175.8323,193.1929,562.0208,541.2451,479.9953,534.8070,427.8868,493.2300,543.5760,524.9029,545.4891,179.0327,500.2701,197.8867,172.8150,118.5887,450.9700,477.1155,487.7961,507.0415,527.9983,516.1809,460.4466,186.4398,179.2149,556.1357,522.2381,491.8237,148.1676,470.6312,156.0371,134.6643,478.4042,517.8005,553.2165,128.7778,476.7303,499.6100,501.3337,465.4382,505.2006,553.6335,498.3493,470.9336,488.0987,491.5326,455.2679,434.8941,482.4401,176.4833,519.1184,549.9695,515.6718,563.1895,505.0449,534.8418,552.9654,538.2404,514.8433,546.0576,553.6854,508.5942,529.9720,537.8747,514.2953,479.2485,492.7209,538.2768,543.6183,505.3672,536.9605,541.5501,545.8707,545.3471,545.3491,533.6271,501.6745,510.2816,547.6508,549.2900,510.2464,542.5743,549.7378,551.9872,552.2224,552.8914,546.3227,512.3002,520.8395,554.9978,556.6546,517.0347,549.6740,558.2157,559.3037,559.5347,560.1945,555.8417,524.2053,533.5636,561.1074,563.8967,524.0912,556.7048,565.4290,566.4940,566.7184,567.3640,562.1342,538.3325,548.9660,568.2539,570.9789,531.5107,563.6470,572.4718,573.5066,573.7226
45108.6250000,424.5761,427.4725,504.5935,449.4421,441.9206,511.0190,506.5429,139.5106,521.5757,536.8129,497.1692,543.8343,543.8243,536.4441,513.0383,536.3784,553.4427,556.8327,558.2169,519.8010,489.2101,106.7248,513.0958,488.8950,502.7286,517.3363,115.6566,54.3160,256.1360,132.6576,132.5772,57.9216,115.3886,212.9518,194.8277,488.7090,500.4175,499.5223,112.7450,534.4956,492.6440,531.5776,264.1310,482.1497,490.5758,547.1599,540.4933,500.3511,540.5947,243.9230,527.3022,534.3032,540.9253,525.1843,126.1525,69.8959,109.8167,119.1438,501.5666,531.4239,533.1563,540.8605,91.6338,69.9442,84.6213,107.5621,175.9392,496.9538,601.3767,587.9891,544.2040,123.7993,105.3123,603.1218,493.6708,507.7703,530.7316,128.8650,105.0606,406.1062,468.5609,492.6785,523.8312,524.2810,454.0256,500.0489,490.9357,475.4110,477.2075,526.6427,470.9800,474.6855,490.5309,488.8250,164.8599,526.9131,534.7217,494.9728,528.9324,545.1711,535.1735,525.3063,536.7862,248.7962,507.3145,514.7894,530.3937,483.9744,508.2909,524.2438,531.9209,528.6272,151.9972,147.2954,491.5211,161.1878,520.6959,534.3927,160.5373,176.1824,579.7284,555.3311,150.0642,550.2033,451.3333,512.1054,557.8056,538.4476,559.2527,179.0449,268.8074,283.6845,117.1787,135.9809,471.7010,498.4305,508.2277,524.5387,544.7079,534.9962,255.8610,170.4152,164.0872,570.2026,537.7040,515.1413,133.0435,488.4558,143.2312,124.1858,153.0353,539.5872,570.5230,259.2316,498.4168,514.9736,517.2209,483.7037,520.8085,568.4334,511.8283,226.4168,504.5241,506.2093,470.3837,455.0562,498.7902,161.6120,537.1027,565.3613,537.7745,579.0132,525.3890,550.7997,567.3433,551.2089,531.6486,559.6726,567.2336,521.1051,541.7741,550.4785,529.6314,496.1794,509.3519,549.9218,555.0686,521.1211,549.1604,553.2341,557.0688,556.6045,556.6066,546.2037,517.8462,525.4852,558.6507,560.1058,525.4550,554.1463,560.5042,562.5009,562.7100,563.3040,557.4747,527.2801,534.8590,565.1748,566.6455,531.4832,560.4509,568.0320,568.9979,569.2032,569.7891,565.9264,537.8494,546.1552,570.6006,573.0765,537.7495,566.6943,574.4374,575.3829,575.5824,576.1557,571.5146,550.3909,559.8285,576.9468,579.3656,544.3379,572.8592,580.6915,581.6102,581.8022
45108.6666667,31.1671,107.0790,354.1175,306.0558,305.1809,364.8883,359.0682,91.5609,369.3928,386.0718,137.9086,389.9429,382.9542,381.0789,358.7569,379.5356,397.8470,400.3756,398.0349,358.7595,178.6334,125.5851,354.3969,335.5088,105.9319,369.4860,145.0133,53.6957,230.8008,78.2293,209.6815,47.2208,67.9223,151.9086,154.1785,140.6814,348.6573,347.2784,129.2825,384.2927,343.9837,381.3878,312.8273,334.8371,349.7597,390.3871,383.0222,349.1284,378.0844,335.3980,375.2624,379.7242,386.7095,374.0268,162.5127,64.7249,85.3481,98.0631,354.4656,380.1408,381.0488,386.9114,96.1255,78.5134,318.0020,110.3287,360.8889,340.6377,419.2806,416.1103,241.8198,315.8743,79.4453,431.2903,342.3117,355.9327,374.1505,95.7276,146.6785,271.1370,334.2613,352.3270,378.0379,375.2994,309.7339,349.3476,345.0404,327.9999,331.9849,374.2386,122.0901,331.2770,346.9526,340.3440,132.2933,372.7320,382.1713,356.0462,379.2274,392.0594,381.2515,375.4361,381.1403,360.0886,357.7775,365.1499,376.7626,332.3503,344.5869,366.9577,367.7875,126.3066,103.5090,114.1811,119.9868,160.1303,246.0274,381.6797,127.8156,142.4301,409.3420,397.5859,115.6493,391.3147,87.5467,356.1981,399.1871,385.8408,401.1323,181.1778,158.9162,372.2252,152.0570,135.4429,322.3120,341.4044,350.4142,368.0972,384.7540,373.5688,96.0436,355.4782,128.5437,408.8289,381.7501,350.3282,179.0088,340.2731,106.9034,91.1621,117.7837,189.7276,403.1212,136.3525,340.7027,364.7874,365.5223,189.0207,368.7403,406.1442,365.8692,340.8955,354.9567,359.4338,331.5980,106.4075,350.7667,150.4353,376.6684,402.7385,133.4696,412.2414,363.5037,390.7175,406.0940,396.5104,374.7181,401.7084,407.5335,374.6404,391.5324,396.6272,375.8899,347.7297,358.2156,397.9643,402.2038,368.7023,396.3720,400.3914,404.1750,403.7162,403.7175,393.4508,365.4656,373.0035,405.7320,407.1673,372.9717,401.2848,407.5584,409.5281,409.7337,410.3193,404.5660,374.7679,382.2465,412.1627,413.6134,378.9131,407.4989,414.9796,415.9321,416.1341,416.7116,412.8990,385.1908,393.3866,417.5097,419.9523,385.0894,413.6527,421.2932,422.2256,422.4218,422.9869,418.4061,397.5597,406.8725,423.7649,426.1511,391.5837,419.7290,427.4575,428.3635,428.5523
45108.7083333,25.7493,56.2827,217.2688,180.9174,74.7031,228.4520,222.9228,69.0726,162.8584,243.7138,99.0123,245.3218,235.9374,237.1943,219.1807,235.1543,251.0246,252.6872,248.8341,92.3138,92.7487,91.6838,213.2936,129.4439,83.4184,231.3962,109.8872,44.3476,140.6555,66.4934,65.1238,40.0261,56.4170,85.3484,82.3245,76.5952,128.2739,210.6753,89.7483,242.5086,209.7685,240.0989,184.1279,202.8499,218.5867,244.2163,237.7328,212.7368,154.3256,200.9872,234.0570,236.4692,242.4654,233.4807,73.4486,55.1754,70.9442,67.7939,150.0193,238.5020,238.8354,242.7697,49.6268,58.1725,117.1317,59.6781,220.1440,134.4795,255.2957,257.8847,197.4878,184.6443,52.4411,270.5353,206.9971,218.0820,230.8085,69.4197,98.3305,156.1813,209.0292,220.9593,239.5607,235.6518,183.5157,213.1860,212.0621,197.1129,201.5472,233.0184,86.1671,201.8864,214.8380,206.8330,95.0159,230.8562,239.5416,224.7813,238.5484,247.4788,238.0748,235.3104,237.1005,150.7796,104.4917,226.8728,234.4900,198.5766,202.5755,224.4651,221.6529,89.0105,79.3246,81.0117,85.2859,115.0728,141.7228,239.0491,90.4868,100.2667,253.0178,249.7049,79.9826,243.9041,98.9248,216.2212,250.5900,242.5642,252.4626,91.9172,101.6372,226.5436,112.4197,81.7854,191.3712,203.3447,210.4357,225.8449,237.9024,227.8458,75.7691,98.3974,90.3365,257.1999,237.4498,70.1026,77.5515,206.9269,79.9618,52.9696,81.5162,138.3302,249.3699,59.8874,202.4094,130.7815,110.3344,87.9478,130.8550,254.4987,229.3532,113.1297,153.8942,223.5832,204.5183,71.5768,215.7362,129.2804,230.9317,251.4954,136.5660,257.2775,219.2403,174.2361,254.9887,250.3681,231.1015,253.0211,256.9782,236.3896,248.5072,250.8984,233.7070,212.9923,220.3395,252.9790,256.0411,228.4054,251.2297,254.5449,257.6657,257.2868,257.2876,248.8182,225.7330,231.9507,258.9478,260.1315,231.9233,255.2783,260.4530,262.0775,262.2468,262.7295,257.9832,233.4026,239.5712,264.2486,265.4450,236.8205,260.4004,266.5709,267.3563,267.5225,267.9985,264.8532,241.9964,248.7568,268.6554,270.6700,241.9114,265.4728,271.7750,272.5438,272.7053,273.1711,269.3921,252.1956,259.8773,273.8114,275.7794,247.2646,270.4812,276.8561,277.6030,277.7584
45108.7500000,16.2856,27.8677,98.2993,38.6521,44.4488,106.5437,102.6774,42.0415,79.0264,115.0484,67.3521,115.2506,64.7160,109.6982,98.5250,108.0162,118.4334,84.9470,98.4558,54.5706,58.3698,35.6666,51.3843,70.0250,52.7453,107.9690,45.6735,28.0390,75.0618,39.2905,40.8960,19.2983,33.0405,52.6497,49.0294,47.8756,58.4172,93.6496,27.5074,114.4232,94.0063,112.8945,77.8429,89.9585,101.6566,113.7994,109.4950,95.2275,75.8713,87.5895,108.5717,109.4445,113.3518,108.4349,41.2985,30.3043,33.2991,43.4390,87.2212,111.5951,111.5925,113.6148,28.7442,17.2234,63.2917,28.1148,98.7310,70.7539,114.2590,118.5616,97.3467,77.1479,35.0160,126.6175,91.5450,58.1343,63.7994,41.3963,45.4584,63.5031,97.2785,103.2882,113.6984,110.3835,78.4577,95.6533,96.1892,86.2905,89.6792,107.8191,53.1911,90.3668,98.5574,92.1924,54.8739,105.9825,111.9286,106.0897,112.0377,116.8290,77.0272,109.9363,73.1713,82.8439,68.4187,104.6321,108.4364,86.1271,85.5279,101.1127,97.5445,51.3457,47.9205,47.1258,49.5488,61.1146,75.3886,111.5744,52.4703,60.7189,115.8602,78.1240,45.3096,113.0553,49.0334,62.0801,117.3759,113.8371,118.6959,53.4186,61.8199,62.6800,55.2178,50.2974,82.1314,87.7570,92.0599,102.2122,108.9639,102.1878,42.7075,59.0095,51.8533,120.8620,109.7162,44.2727,48.7516,92.3344,47.3523,35.9733,46.3661,58.8626,114.3184,28.6233,61.5830,66.6409,64.8051,54.9715,65.6283,118.9074,107.1685,67.6194,73.5177,103.2885,93.2476,42.2194,97.9763,59.2816,71.9265,116.9119,71.1680,119.5091,96.6005,84.5550,119.4893,118.2548,105.4278,119.0924,121.1566,111.5100,118.2306,118.8123,107.9131,96.1216,100.0935,120.6271,122.3377,104.8872,119.2992,121.3924,123.3628,123.1234,123.1237,117.7756,103.1984,107.1243,124.1713,124.9185,107.1065,121.8537,125.1210,126.1466,126.2533,126.5579,123.5607,108.0393,111.9343,127.5165,128.2717,110.1968,125.0860,128.9821,129.4778,129.5826,129.8830,127.8967,113.4639,117.7324,130.2971,131.5690,113.4095,128.2869,132.2662,132.7515,132.8533,133.1472,130.7608,119.9021,124.7524,133.5508,134.7933,116.7877,131.4474,135.4726,135.9441,136.0420
45108.7916667,11.2642,20.0176,46.5618,26.7342,30.3419,66.8057,64.0641,28.7886,52.7370,72.4788,45.1992,72.4699,44.7609,47.3061,60.8661,67.3194,74.5940,54.1394,64.1489,37.5586,39.7580,18.1618,35.5396,31.7143,36.4806,67.7105,31.5892,19.3926,49.3095,23.4264,27.6425,13.3472,19.2651,32.0757,25.8232,30.3693,37.5273,57.5832,17.8737,72.0690,37.6338,71.0104,46.8286,55.2588,63.6689,71.3256,68.3110,58.7236,42.4846,53.4024,67.9279,57.1269,71.1361,67.8748,28.5620,20.0979,21.6364,26.6919,56.1436,49.4132,49.2630,50.3383,13.4273,11.9117,39.3839,19.4437,60.9294,45.0641,70.4456,73.9087,50.4791,46.1587,20.7854,56.1899,35.4730,40.2043,44.1222,25.2469,17.2881,18.9196,42.5494,45.6416,71.7717,69.3248,27.6628,59.0396,59.6381,32.5509,55.1606,56.2816,36.3283,55.7228,61.3877,36.4703,38.0293,46.1714,70.2253,66.8247,70.4350,73.5927,49.3108,68.9714,47.5173,53.4905,46.5144,65.3083,46.8591,31.6981,29.1101,41.1077,59.7132,34.7185,33.0392,31.8890,33.5425,40.0720,49.4664,57.0525,35.9137,41.8534,55.9185,52.2260,32.5459,70.7038,21.8862,44.4265,73.7092,50.8453,74.6469,36.6282,41.8402,43.5374,38.6976,33.8962,29.3481,31.8912,56.2109,63.3079,67.8185,43.0433,23.6180,40.3872,35.3927,75.9928,68.5286,30.6142,33.7114,36.6750,29.9002,24.5308,33.0868,38.8459,71.1745,20.0476,35.8809,45.2977,45.0293,37.6788,45.7684,74.5949,67.2362,39.6146,48.9434,64.5099,57.9327,29.1299,48.2347,39.8635,49.4972,73.1965,46.3631,74.7993,59.1620,56.4445,54.3137,74.5017,65.5110,74.9273,76.2750,70.2193,74.6958,74.9278,67.3832,59.4658,62.0898,76.2743,77.4162,65.3496,75.3151,76.7625,78.1249,77.9593,77.9595,74.2614,64.1817,66.8963,78.6838,79.2004,66.8839,77.0811,79.3404,80.0495,80.1232,80.3338,78.2613,67.5286,70.2219,80.9965,81.5187,69.0203,79.3158,82.0098,82.3526,82.4250,82.6327,81.2592,71.2792,74.2308,82.9189,83.7983,71.2414,81.5288,84.2803,84.6158,84.6862,84.8894,83.2392,75.7307,79.0845,85.1683,86.0275,73.5770,83.7138,86.4971,86.8231,86.8907
45108.8333333,3.5138,5.4488,12.5538,8.3386,9.4577,14.5878,13.6736,8.2665,13.9953,17.0959,12.2265,16.0403,13.9595,14.7532,12.3905,14.3053,16.6351,16.7674,15.8163,11.1523,11.2811,5.6634,11.0821,9.8889,11.3746,14.8020,9.8484,6.0459,12.3155,7.3033,7.4527,4.1609,6.0058,9.9992,8.0499,9.4670,11.6981,11.4515,5.2594,16.0708,11.7305,15.7405,8.2567,10.9295,13.8308,16.5213,15.5536,12.7759,13.1070,10.3349,14.7004,14.7472,15.6148,14.7306,8.9006,4.8630,6.7424,8.3179,13.2202,15.3986,15.3518,15.6869,4.1843,3.7120,7.7899,6.0577,13.3025,10.3230,14.2519,15.7563,14.3619,7.8895,6.4754,17.5052,11.0506,12.5244,13.7449,7.8649,5.3855,5.8931,13.2515,14.2146,17.0496,15.2685,8.6141,11.9811,12.3664,10.1365,10.9934,14.5218,10.4036,11.2438,13.0100,11.3561,11.6375,14.0250,15.4048,15.7459,16.4933,16.6266,15.0495,15.1239,14.7218,12.6476,13.1619,13.9877,14.5885,9.8680,9.0624,12.7976,11.6416,10.7831,10.1948,9.9023,10.4171,9.7952,12.2945,16.2421,11.0641,12.5686,15.2625,16.2244,9.5033,16.2534,6.9066,11.8207,16.2486,15.8182,16.5625,10.6515,11.5581,12.5828,10.8650,9.1227,9.1321,9.9236,10.8115,13.0871,14.3532,12.8029,7.3488,11.7576,10.9207,17.1931,14.8684,9.5252,10.4888,11.4104,8.9219,6.8572,9.6742,11.3731,15.0980,5.7022,9.7201,13.8517,13.8684,11.2130,13.9608,17.3495,14.7474,12.4979,13.7404,14.7458,12.9730,9.6227,13.1997,10.7620,13.3420,15.9270,11.1254,16.2579,11.5702,15.0145,16.5618,16.6602,13.7582,16.6592,17.0093,15.6596,16.9038,16.8283,14.4746,12.2172,12.9273,17.3273,17.6470,13.8936,16.9934,17.4436,17.8673,17.8158,17.8158,16.6655,13.5301,14.3745,18.0410,18.2017,14.3705,17.5424,18.2451,18.4656,18.4886,18.5540,17.9093,14.5709,15.4086,18.7600,18.9224,15.0348,18.2372,19.0751,19.1817,19.2042,19.2688,18.8415,15.7372,16.6553,19.3577,19.6312,15.7254,18.9252,19.7811,19.8854,19.9072,19.9704,19.4571,17.1215,18.1647,20.0571,20.3243,16.4515,19.6045,20.4703,20.5716,20.5926
45108.8750000,0.0000,0.0000,0.0000,0.0000,0.0000,0.0000,0.0000,0.0000,0.0000,0.0000,0.0000,0.0000,0.0000,0.0000,0.0000,0.0000,0.0000,0.0000,0.0000,0.0000,0.0000,0.0000,0.0000,0.0000,0.0000,0.0000,0.0000,0.0000,0.0000,0.0000,0.0000,0.0000,0.0000,0.0000,0.0000,0.0000,0.0000,0.0000,0.0000,0.0000,0.0000,0.0000,0.0000,0.0000,0.0000,0.0000,0.0000,0.0000,0.0000,0.0000,0.0000,0.0000,0.0000,0.0000,0.0000,0.0000,0.0000,0.0000,0.0000,0.0000,0.0000,0.0000,0.0000,0.0000,0.0000,0.0000,0.0000,0.0000,0.0000,0.0000,0.0000,0.0000,0.0000,0.0000,0.0000,0.0000,0.0000,0.0000,0.0000,0.0000,0.0000,0.0000,0.0000,0.0000,0.0000,0.0000,0.0000,0.0000,0.0000,0.0000,0.0000,0.0000,0.0000,0.0000,0.0000,0.0000,0.0000,0.0000,0.0000,0.0000,0.0000,0.0000,0.0000,0.0000,0.0000,0.0000,0.0000,0.0000,0.0000,0.0000,0.0000,0.0000,0.0000,0.0000,0.0000,0.0000,0.0000,0.0000,0.0000,0.0000,0.0000,0.0000,0.0000,0.0000,0.0000,0.0000,0.0000,0.0000,0.0000,0.0000,0.0000,0.0000,0.0000,0.0000,0.0000,0.0000,0.0000,0.0000,0.0000,0.0000,0.0000,0.0000,0.0000,0.0000,0.0000,0.0000,0.0000,0.0000,0.0000,0.0000,0.0000,0.0000,0.0000,0.0000,0.0000,0.0000,0.0000,0.0000,0.0000,0.0000,0.0000,0.0000,0.0000,0.0000,0.0000,0.0000,0.0000,0.0000,0.0000,0.0000,0.0000,0.0000,0.0000,0.0000,0.0000,0.0000,0.0000,0.0000,0.0000,0.0000,0.0000,0.0000,0.0000,0.0000,0.0000,0.0000,0.0000,0.0000,0.0000,0.0000,0.0000,0.0000,0.0000,0.0000,0.0000,0.0000,0.0000,0.0000,0.0000,0.0000,0.0000,0.0000,0.0000,0.0000,0.0000,0.0000,0.0000,0.0000,0.0000,0.0000,0.0000,0.0000,0.0000,0.0000,0.0000,0.0000,0.0000,0.0000,0.0000,0.0000,0.0000,0.0000,0.0000,0.0000,0.0000,0.0000,0.0000,0.0000,0.0000,0.0000,0.0000,0.0000,0.0000,0.0000,0.0000,0.0000
45108.9166667,0.0000,0.0000,0.0000,0.0000,0.0000,0.0000,0.0000,0.0000,0.0000,0.0000,0.0000,0.0000,0.0000,0.0000,0.0000,0.0000,0.0000,0.0000,0.0000,0.0000,0.0000,0.0000,0.0000,0.0000,0.0000,0.0000,0.0000,0.0000,0.0000,0.0000,0.0000,0.0000,0.0000,0.0000,0.0000,0.0000,0.0000,0.0000,0.0000,0.0000,0.0000,0.0000,0.0000,0.0000,0.0000,0.0000,0.0000,0.0000,0.0000,0.0000,0.0000,0.0000,0.0000,0.0000,0.0000,0.0000,0.0000,0.0000,0.0000,0.0000,0.0000,0.0000,0.0000,0.0000,0.0000,0.0000,0.0000,0.0000,0.0000,0.0000,0.0000,0.0000,0.0000,0.0000,0.0000,0.0000,0.0000,0.0000,0.0000,0.0000,0.0000,0.0000,0.0000,0.0000,0.0000,0.0000,0.0000,0.0000,0.0000,0.0000,0.0000,0.0000,0.0000,0.0000,0.0000,0.0000,0.0000,0.0000,0.0000,0.0000,0.0000,0.0000,0.0000,0.0000,0.0000,0.0000,0.0000,0.0000,0.0000,0.0000,0.0000,0.0000,0.0000,0.0000,0.0000,0.0000,0.0000,0.0000,0.0000,0.0000,0.0000,0.0000,0.0000,0.0000,0.0000,0.0000,0.0000,0.0000,0.0000,0.0000,0.0000,0.0000,0.0000,0.0000,0.0000,0.0000,0.0000,0.0000,0.0000,0.0000,0.0000,0.0000,0.0000,0.0000,0.0000,0.0000,0.0000,0.0000,0.0000,0.0000,0.0000,0.0000,0.0000,0.0000,0.0000,0.0000,0.0000,0.0000,0.0000,0.0000,0.0000,0.0000,0.0000,0.0000,0.0000,0.0000,0.0000,0.0000,0.0000,0.0000,0.0000,0.0000,0.0000,0.0000,0.0000,0.0000,0.0000,0.0000,0.0000,0.0000,0.0000,0.0000,0.0000,0.0000,0.0000,0.0000,0.0000,0.0000,0.0000,0.0000,0.0000,0.0000,0.0000,0.0000,0.0000,0.0000,0.0000,0.0000,0.0000,0.0000,0.0000,0.0000,0.0000,0.0000,0.0000,0.0000,0.0000,0.0000,0.0000,0.0000,0.0000,0.0000,0.0000,0.0000,0.0000,0.0000,0.0000,0.0000,0.0000,0.0000,0.0000,0.0000,0.0000,0.0000,0.0000,0.0000,0.0000,0.0000,0.0000,0.0000,0.0000,0.0000,0.0000,0.0000,0.0000,0.0000
45108.9583333,0.0000,0.0000,0.0000,0.0000,0.0000,0.0000,0.0000,0.0000,0.0000,0.0000,0.0000,0.0000,0.0000,0.0000,0.0000,0.0000,0.0000,0.0000,0.0000,0.0000,0.0000,0.0000,0.0000,0.0000,0.0000,0.0000,0.0000,0.0000,0.0000,0.0000,0.0000,0.0000,0.0000,0.0000,0.0000,0.0000,0.0000,0.0000,0.0000,0.0000,0.0000,0.0000,0.0000,0.0000,0.0000,0.0000,0.0000,0.0000,0.0000,0.0000,0.0000,0.0000,0.0000,0.0000,0.0000,0.0000,0.0000,0.0000,0.0000,0.0000,0.0000,0.0000,0.0000,0.0000,0.0000,0.0000,0.0000,0.0000,0.0000,0.0000,0.0000,0.0000,0.0000,0.0000,0.0000,0.0000,0.0000,0.0000,0.0000,0.0000,0.0000,0.0000,0.0000,0.0000,0.0000,0.0000,0.0000,0.0000,0.0000,0.0000,0.0000,0.0000,0.0000,0.0000,0.0000,0.0000,0.0000,0.0000,0.0000,0.0000,0.0000,0.0000,0.0000,0.0000,0.0000,0.0000,0.0000,0.0000,0.0000,0.0000,0.0000,0.0000,0.0000,0.0000,0.0000,0.0000,0.0000,0.0000,0.0000,0.0000,0.0000,0.0000,0.0000,0.0000,0.0000,0.0000,0.0000,0.0000,0.0000,0.0000,0.0000,0.0000,0.0000,0.0000,0.0000,0.0000,0.0000,0.0000,0.0000,0.0000,0.0000,0.0000,0.0000,0.0000,0.0000,0.0000,0.0000,0.0000,0.0000,0.0000,0.0000,0.0000,0.0000,0.0000,0.0000,0.0000,0.0000,0.0000,0.0000,0.0000,0.0000,0.0000,0.0000,0.0000,0.0000,0.0000,0.0000,0.0000,0.0000,0.0000,0.0000,0.0000,0.0000,0.0000,0.0000,0.0000,0.0000,0.0000,0.0000,0.0000,0.0000,0.0000,0.0000,0.0000,0.0000,0.0000,0.0000,0.0000,0.0000,0.0000,0.0000,0.0000,0.0000,0.0000,0.0000,0.0000,0.0000,0.0000,0.0000,0.0000,0.0000,0.0000,0.0000,0.0000,0.0000,0.0000,0.0000,0.0000,0.0000,0.0000,0.0000,0.0000,0.0000,0.0000,0.0000,0.0000,0.0000,0.0000,0.0000,0.0000,0.0000,0.0000,0.0000,0.0000,0.0000,0.0000,0.0000,0.0000,0.0000,0.0000,0.0000,0.0000,0.0000,0.0000,0.0000,0.0000
45109.0000000,0.0000,0.0000,0.0000,0.0000,0.0000,0.0000,0.0000,0.0000,0.0000,0.0000,0.0000,0.0000,0.0000,0.0000,0.0000,0.0000,0.0000,0.0000,0.0000,0.0000,0.0000,0.0000,0.0000,0.0000,0.0000,0.0000,0.0000,0.0000,0.0000,0.0000,0.0000,0.0000,0.0000,0.0000,0.0000,0.0000,0.0000,0.0000,0.0000,0.0000,0.0000,0.0000,0.0000,0.0000,0.0000,0.0000,0.0000,0.0000,0.0000,0.0000,0.0000,0.0000,0.0000,0.0000,0.0000,0.0000,0.0000,0.0000,0.0000,0.0000,0.0000,0.0000,0.0000,0.0000,0.0000,0.0000,0.0000,0.0000,0.0000,0.0000,0.0000,0.0000,0.0000,0.0000,0.0000,0.0000,0.0000,0.0000,0.0000,0.0000,0.0000,0.0000,0.0000,0.0000,0.0000,0.0000,0.0000,0.0000,0.0000,0.0000,0.0000,0.0000,0.0000,0.0000,0.0000,0.0000,0.0000,0.0000,0.0000,0.0000,0.0000,0.0000,0.0000,0.0000,0.0000,0.0000,0.0000,0.0000,0.0000,0.0000,0.0000,0.0000,0.0000,0.0000,0.0000,0.0000,0.0000,0.0000,0.0000,0.0000,0.0000,0.0000,0.0000,0.0000,0.0000,0.0000,0.0000,0.0000,0.0000,0.0000,0.0000,0.0000,0.0000,0.0000,0.0000,0.0000,0.0000,0.0000,0.0000,0.0000,0.0000,0.0000,0.0000,0.0000,0.0000,0.0000,0.0000,0.0000,0.0000,0.0000,0.0000,0.0000,0.0000,0.0000,0.0000,0.0000,0.0000,0.0000,0.0000,0.0000,0.0000,0.0000,0.0000,0.0000,0.0000,0.0000,0.0000,0.0000,0.0000,0.0000,0.0000,0.0000,0.0000,0.0000,0.0000,0.0000,0.0000,0.0000,0.0000,0.0000,0.0000,0.0000,0.0000,0.0000,0.0000,0.0000,0.0000,0.0000,0.0000,0.0000,0.0000,0.0000,0.0000,0.0000,0.0000,0.0000,0.0000,0.0000,0.0000,0.0000,0.0000,0.0000,0.0000,0.0000,0.0000,0.0000,0.0000,0.0000,0.0000,0.0000,0.0000,0.0000,0.0000,0.0000,0.0000,0.0000,0.0000,0.0000,0.0000,0.0000,0.0000,0.0000,0.0000,0.0000,0.0000,0.0000,0.0000,0.0000,0.0000,0.0000,0.0000,0.0000,0.0000,0.0000,0.0000,0.0000
45109.0416667,0.0000,0.0000,0.0000,0.0000,0.0000,0.0000,0.0000,0.0000,0.0000,0.0000,0.0000,0.0000,0.0000,0.0000,0.0000,0.0000,0.0000,0.0000,0.0000,0.0000,0.0000,0.0000,0.0000,0.0000,0.0000,0.0000,0.0000,0.0000,0.0000,0.0000,0.0000,0.0000,0.0000,0.0000,0.0000,0.0000,0.0000,0.0000,0.0000,0.0000,0.0000,0.0000,0.0000,0.0000,0.0000,0.0000,0.0000,0.0000,0.0000,0.0000,0.0000,0.0000,0.0000,0.0000,0.0000,0.0000,0.0000,0.0000,0.0000,0.0000,0.0000,0.0000,0.0000,0.0000,0.0000,0.0000,0.0000,0.0000,0.0000,0.0000,0.0000,0.0000,0.0000,0.0000,0.0000,0.0000,0.0000,0.0000,0.0000,0.0000,0.0000,0.0000,0.0000,0.0000,0.0000,0.0000,0.0000,0.0000,0.0000,0.0000,0.0000,0.0000,0.0000,0.0000,0.0000,0.0000,0.0000,0.0000,0.0000,0.0000,0.0000,0.0000,0.0000,0.0000,0.0000,0.0000,0.0000,0.0000,0.0000,0.0000,0.0000,0.0000,0.0000,0.0000,0.0000,0.0000,0.0000,0.0000,0.0000,0.0000,0.0000,0.0000,0.0000,0.0000,0.0000,0.0000,0.0000,0.0000,0.0000,0.0000,0.0000,0.0000,0.0000,0.0000,0.0000,0.0000,0.0000,0.0000,0.0000,0.0000,0.0000,0.0000,0.0000,0.0000,0.0000,0.0000,0.0000,0.0000,0.0000,0.0000,0.0000,0.0000,0.0000,0.0000,0.0000,0.0000,0.0000,0.0000,0.0000,0.0000,0.0000,0.0000,0.0000,0.0000,0.0000,0.0000,0.0000,0.0000,0.0000,0.0000,0.0000,0.0000,0.0000,0.0000,0.0000,0.0000,0.0000,0.0000,0.0000,0.0000,0.0000,0.0000,0.0000,0.0000,0.0000,0.0000,0.0000,0.0000,0.0000,0.0000,0.0000,0.0000,0.0000,0.0000,0.0000,0.0000,0.0000,0.0000,0.0000,0.0000,0.0000,0.0000,0.0000,0.0000,0.0000,0.0000,0.0000,0.0000,0.0000,0.0000,0.0000,0.0000,0.0000,0.0000,0.0000,0.0000,0.0000,0.0000,0.0000,0.0000,0.0000,0.0000,0.0000,0.0000,0.0000,0.0000,0.0000,0.0000,0.0000,0.0000,0.0000,0.0000,0.0000,0.0000,0.0000,0.0000
45109.0833333,0.0000,0.0000,0.0000,0.0000,0.0000,0.0000,0.0000,0.0000,0.0000,0.0000,0.0000,0.0000,0.0000,0.0000,0.0000,0.0000,0.0000,0.0000,0.0000,0.0000,0.0000,0.0000,0.0000,0.0000,0.0000,0.0000,0.0000,0.0000,0.0000,0.0000,0.0000,0.0000,0.0000,0.0000,0.0000,0.0000,0.0000,0.0000,0.0000,0.0000,0.0000,0.0000,0.0000,0.0000,0.0000,0.0000,0.0000,0.0000,0.0000,0.0000,0.0000,0.0000,0.0000,0.0000,0.0000,0.0000,0.0000,0.0000,0.0000,0.0000,0.0000,0.0000,0.0000,0.0000,0.0000,0.0000,0.0000,0.0000,0.0000,0.0000,0.0000,0.0000,0.0000,0.0000,0.0000,0.0000,0.0000,0.0000,0.0000,0.0000,0.0000,0.0000,0.0000,0.0000,0.0000,0.0000,0.0000,0.0000,0.0000,0.0000,0.0000,0.0000,0.0000,0.0000,0.0000,0.0000,0.0000,0.0000,0.0000,0.0000,0.0000,0.0000,0.0000,0.0000,0.0000,0.0000,0.0000,0.0000,0.0000,0.0000,0.0000,0.0000,0.0000,0.0000,0.0000,0.0000,0.0000,0.0000,0.0000,0.0000,0.0000,0.0000,0.0000,0.0000,0.0000,0.0000,0.0000,0.0000,0.0000,0.0000,0.0000,0.0000,0.0000,0.0000,0.0000,0.0000,0.0000,0.0000,0.0000,0.0000,0.0000,0.0000,0.0000,0.0000,0.0000,0.0000,0.0000,0.0000,0.0000,0.0000,0.0000,0.0000,0.0000,0.0000,0.0000,0.0000,0.0000,0.0000,0.0000,0.0000,0.0000,0.0000,0.0000,0.0000,0.0000,0.0000,0.0000,0.0000,0.0000,0.0000,0.0000,0.0000,0.0000,0.0000,0.0000,0.0000,0.0000,0.0000,0.0000,0.0000,0.0000,0.0000,0.0000,0.0000,0.0000,0.0000,0.0000,0.0000,0.0000,0.0000,0.0000,0.0000,0.0000,0.0000,0.0000,0.0000,0.0000,0.0000,0.0000,0.0000,0.0000,0.0000,0.0000,0.0000,0.0000,0.0000,0.0000,0.0000,0.0000,0.0000,0.0000,0.0000,0.0000,0.0000,0.0000,0.0000,0.0000,0.0000,0.0000,0.0000,0.0000,0.0000,0.0000,0.0000,0.0000,0.0000,0.0000,0.0000,0.0000,0.0000,0.0000,0.0000,0.0000,0.0000,0.0000,0.0000
45109.1250000,0.0000,0.0000,0.0000,0.0000,0.0000,0.0000,0.0000,0.0000,0.0000,0.0000,0.0000,0.0000,0.0000,0.0000,0.0000,0.0000,0.0000,0.0000,0.0000,0.0000,0.0000,0.0000,0.0000,0.0000,0.0000,0.0000,0.0000,0.0000,0.0000,0.0000,0.0000,0.0000,0.0000,0.0000,0.0000,0.0000,0.0000,0.0000,0.0000,0.0000,0.0000,0.0000,0.0000,0.0000,0.0000,0.0000,0.0000,0.0000,0.0000,0.0000,0.0000,0.0000,0.0000,0.0000,0.0000,0.0000,0.0000,0.0000,0.0000,0.0000,0.0000,0.0000,0.0000,0.0000,0.0000,0.0000,0.0000,0.0000,0.0000,0.0000,0.0000,0.0000,0.0000,0.0000,0.0000,0.0000,0.0000,0.0000,0.0000,0.0000,0.0000,0.0000,0.0000,0.0000,0.0000,0.0000,0.0000,0.0000,0.0000,0.0000,0.0000,0.0000,0.0000,0.0000,0.0000,0.0000,0.0000,0.0000,0.0000,0.0000,0.0000,0.0000,0.0000,0.0000,0.0000,0.0000,0.0000,0.0000,0.0000,0.0000,0.0000,0.0000,0.0000,0.0000,0.0000,0.0000,0.0000,0.0000,0.0000,0.0000,0.0000,0.0000,0.0000,0.0000,0.0000,0.0000,0.0000,0.0000,0.0000,0.0000,0.0000,0.0000,0.0000,0.0000,0.0000,0.0000,0.0000,0.0000,0.0000,0.0000,0.0000,0.0000,0.0000,0.0000,0.0000,0.0000,0.0000,0.0000,0.0000,0.0000,0.0000,0.0000,0.0000,0.0000,0.0000,0.0000,0.0000,0.0000,0.0000,0.0000,0.0000,0.0000,0.0000,0.0000,0.0000,0.0000,0.0000,0.0000,0.0000,0.0000,0.0000,0.0000,0.0000,0.0000,0.0000,0.0000,0.0000,0.0000,0.0000,0.0000,0.0000,0.0000,0.0000,0.0000,0.0000,0.0000,0.0000,0.0000,0.0000,0.0000,0.0000,0.0000,0.0000,0.0000,0.0000,0.0000,0.0000,0.0000,0.0000,0.0000,0.0000,0.0000,0.0000,0.0000,0.0000,0.0000,0.0000,0.0000,0.0000,0.0000,0.0000,0.0000,0.0000,0.0000,0.0000,0.0000,0.0000,0.0000,0.0000,0.0000,0.0000,0.0000,0.0000,0.0000,0.0000,0.0000,0.0000,0.0000,0.0000,0.0000,0.0000,0.0000,0.0000,0.0000,0.0000,0.0000
45109.1666667,0.0000,0.0000,0.0000,0.0000,0.0000,0.0000,0.0000,0.0000,0.0000,0.0000,0.0000,0.0000,0.0000,0.0000,0.0000,0.0000,0.0000,0.0000,0.0000,0.0000,0.0000,0.0000,0.0000,0.0000,0.0000,0.0000,0.0000,0.0000,0.0000,0.0000,0.0000,0.0000,0.0000,0.0000,0.0000,0.0000,0.0000,0.0000,0.0000,0.0000,0.0000,0.0000,0.0000,0.0000,0.0000,0.0000,0.0000,0.0000,0.0000,0.0000,0.0000,0.0000,0.0000,0.0000,0.0000,0.0000,0.0000,0.0000,0.0000,0.0000,0.0000,0.0000,0.0000,0.0000,0.0000,0.0000,0.0000,0.0000,0.0000,0.0000,0.0000,0.0000,0.0000,0.0000,0.0000,0.0000,0.0000,0.0000,0.0000,0.0000,0.0000,0.0000,0.0000,0.0000,0.0000,0.0000,0.0000,0.0000,0.0000,0.0000,0.0000,0.0000,0.0000,0.0000,0.0000,0.0000,0.0000,0.0000,0.0000,0.0000,0.0000,0.0000,0.0000,0.0000,0.0000,0.0000,0.0000,0.0000,0.0000,0.0000,0.0000,0.0000,0.0000,0.0000,0.0000,0.0000,0.0000,0.0000,0.0000,0.0000,0.0000,0.0000,0.0000,0.0000,0.0000,0.0000,0.0000,0.0000,0.0000,0.0000,0.0000,0.0000,0.0000,0.0000,0.0000,0.0000,0.0000,0.0000,0.0000,0.0000,0.0000,0.0000,0.0000,0.0000,0.0000,0.0000,0.0000,0.0000,0.0000,0.0000,0.0000,0.0000,0.0000,0.0000,0.0000,0.0000,0.0000,0.0000,0.0000,0.0000,0.0000,0.0000,0.0000,0.0000,0.0000,0.0000,0.0000,0.0000,0.0000,0.0000,0.0000,0.0000,0.0000,0.0000,0.0000,0.0000,0.0000,0.0000,0.0000,0.0000,0.0000,0.0000,0.0000,0.0000,0.0000,0.0000,0.0000,0.0000,0.0000,0.0000,0.0000,0.0000,0.0000,0.0000,0.0000,0.0000,0.0000,0.0000,0.0000,0.0000,0.0000,0.0000,0.0000,0.0000,0.0000,0.0000,0.0000,0.0000,0.0000,0.0000,0.0000,0.0000,0.0000,0.0000,0.0000,0.0000,0.0000,0.0000,0.0000,0.0000,0.0000,0.0000,0.0000,0.0000,0.0000,0.0000,0.0000,0.0000,0.0000,0.0000,0.0000,0.0000,0.0000,0.0000,0.0000,0.0000
45109.2083333,0.0000,0.0000,0.0000,0.0000,0.0000,0.0000,0.0000,0.0000,0.0000,0.0000,0.0000,0.0000,0.0000,0.0000,0.0000,0.0000,0.0000,0.0000,0.0000,0.0000,0.0000,0.0000,0.0000,0.0000,0.0000,0.0000,0.0000,0.0000,0.0000,0.0000,0.0000,0.0000,0.0000,0.0000,0.0000,0.0000,0.0000,0.0000,0.0000,0.0000,0.0000,0.0000,0.0000,0.0000,0.0000,0.0000,0.0000,0.0000,0.0000,0.0000,0.0000,0.0000,0.0000,0.0000,0.0000,0.0000,0.0000,0.0000,0.0000,0.0000,0.0000,0.0000,0.0000,0.0000,0.0000,0.0000,0.0000,0.0000,0.0000,0.0000,0.0000,0.0000,0.0000,0.0000,0.0000,0.0000,0.0000,0.0000,0.0000,0.0000,0.0000,0.0000,0.0000,0.0000,0.0000,0.0000,0.0000,0.0000,0.0000,0.0000,0.0000,0.0000,0.0000,0.0000,0.0000,0.0000,0.0000,0.0000,0.0000,0.0000,0.0000,0.0000,0.0000,0.0000,0.0000,0.0000,0.0000,0.0000,0.0000,0.0000,0.0000,0.0000,0.0000,0.0000,0.0000,0.0000,0.0000,0.0000,0.0000,0.0000,0.0000,0.0000,0.0000,0.0000,0.0000,0.0000,0.0000,0.0000,0.0000,0.0000,0.0000,0.0000,0.0000,0.0000,0.0000,0.0000,0.0000,0.0000,0.0000,0.0000,0.0000,0.0000,0.0000,0.0000,0.0000,0.0000,0.0000,0.0000,0.0000,0.0000,0.0000,0.0000,0.0000,0.0000,0.0000,0.0000,0.0000,0.0000,0.0000,0.0000,0.0000,0.0000,0.0000,0.0000,0.0000,0.0000,0.0000,0.0000,0.0000,0.0000,0.0000,0.0000,0.0000,0.0000,0.0000,0.0000,0.0000,0.0000,0.0000,0.0000,0.0000,0.0000,0.0000,0.0000,0.0000,0.0000,0.0000,0.0000,0.0000,0.0000,0.0000,0.0000,0.0000,0.0000,0.0000,0.0000,0.0000,0.0000,0.0000,0.0000,0.0000,0.0000,0.0000,0.0000,0.0000,0.0000,0.0000,0.0000,0.0000,0.0000,0.0000,0.0000,0.0000,0.0000,0.0000,0.0000,0.0000,0.0000,0.0000,0.0000,0.0000,0.0000,0.0000,0.0000,0.0000,0.0000,0.0000,0.0000,0.0000,0.0000,0.0000,0.0000,0.0000,0.0000,0.0000,0.0000
45109.2500000,3.1077,4.8189,11.1026,7.3746,8.3644,12.9011,12.0925,7.3105,12.3768,14.3033,10.7541,14.1994,12.4123,13.0470,10.9575,12.6508,14.7112,14.8281,13.9870,9.8623,9.9764,5.0084,9.8001,8.7449,10.0587,13.0896,8.7089,5.3463,10.8904,6.4581,6.5902,3.6794,5.3107,8.8420,7.1183,8.3713,10.3442,10.1261,4.6506,14.2109,10.3728,13.9186,7.3010,9.6643,12.2299,13.7654,12.9056,10.4805,11.5894,8.9846,12.9984,13.0396,13.8067,13.0160,7.8700,4.2999,5.9616,7.3548,11.6894,13.6154,13.5740,13.8703,3.6998,3.2821,6.8877,5.3558,10.9232,8.7978,12.5996,13.9293,12.6964,6.9746,5.7244,15.4747,9.7687,11.0715,12.1503,6.9524,4.7606,5.2093,11.7136,12.5647,14.2892,13.4963,7.6141,10.5902,10.9307,8.9597,9.7171,12.8358,9.1957,9.9384,11.4993,10.0374,10.2863,12.3964,13.6159,13.1723,13.7778,14.5267,13.3015,13.3673,13.0127,11.1793,11.6339,12.3639,12.9022,8.7224,8.0103,11.4576,10.2918,9.5311,9.0028,8.7525,9.2048,8.6577,10.8667,13.5419,9.7790,11.1087,13.4896,14.3397,8.3993,13.5205,6.0168,10.4474,14.3609,13.9805,14.6383,9.4140,10.2152,11.1208,9.6026,8.0627,8.0710,8.7705,9.5552,11.5663,12.6852,11.3153,6.4948,10.3309,9.6037,14.8925,13.0269,8.4182,9.2698,10.0843,7.8849,6.0602,8.5497,10.0511,13.3430,5.0394,8.5902,12.2416,12.0720,9.6973,12.3381,14.4736,13.0333,10.2588,11.3471,12.2505,10.7880,7.8255,11.1725,9.4785,11.7910,14.0754,9.8320,14.3679,10.2252,13.2690,14.6363,14.7233,12.1586,14.7224,15.0317,13.8390,14.9385,14.8717,12.7916,10.7966,11.4241,15.3124,15.5949,12.2780,15.0172,15.4150,15.7895,15.7439,15.7439,14.7274,11.9566,12.7028,15.9428,16.0848,12.6992,15.5022,16.1231,16.3180,16.3382,16.3961,15.8264,12.8762,13.6165,16.5781,16.7216,13.2861,16.1160,16.8565,16.9506,16.9705,17.0276,16.6500,13.9068,14.7180,17.1061,17.3478,13.8963,16.7239,17.4802,17.5724,17.5917,17.6475,17.1939,15.1300,16.0519,17.7241,17.9602,14.5380,17.3242,18.0892,18.1788,18.1974
45109.2916667,10.1847,15.7939,36.3891,24.1722,27.4182,48.5939,39.6413,23.9651,57.6398,63.7755,41.9878,63.7308,58.4749,60.1720,35.9220,41.4736,50.7953,66.1071,48.0070,32.3329,32.7080,16.4210,32.1328,34.2115,39.5669,46.5727,29.6272,17.5336,52.9871,29.6309,21.6950,12.7303,34.6589,38.5943,23.3477,27.4579,50.9450,36.9728,17.9014,63.4106,34.0264,52.1726,23.9517,31.7062,40.1249,45.1629,42.3421,34.3858,38.0239,29.4788,59.6437,60.0524,62.5201,59.6057,25.8238,25.7657,19.5621,40.8541,39.9209,61.5786,61.5322,62.6991,12.1400,10.7697,30.7059,17.5795,35.8542,28.8780,41.3583,53.0134,59.4794,24.0085,29.3634,57.9774,36.2114,53.3181,45.4871,25.1919,16.4924,17.1040,41.1629,56.9589,63.1847,52.1157,25.0075,34.7816,35.8997,29.4258,31.9133,42.1559,30.2008,32.6394,37.7706,32.9680,33.7821,44.8624,44.7228,43.2719,45.6423,64.7436,45.4649,43.9128,42.7480,53.8666,54.8956,40.8896,44.1270,30.0252,31.4852,54.6743,52.0672,31.4129,29.9476,28.7564,30.4300,28.9685,48.7773,48.2373,49.0449,53.5815,44.3318,64.6258,27.8723,62.0672,19.7747,36.4573,64.7882,62.8977,65.6420,49.1682,51.3606,54.5236,49.2743,43.8372,27.7103,31.2078,32.2593,46.1778,59.4450,37.1930,21.3499,38.9970,35.4564,48.9570,42.8248,27.6743,35.3208,33.1533,33.8967,20.5986,28.4786,33.0456,47.9470,17.7213,29.6519,45.8085,56.5489,31.8836,57.4596,47.5880,42.8524,33.7301,41.6423,40.8213,43.8587,32.9899,37.5357,36.4660,47.1198,64.2781,41.0801,65.6807,33.8711,61.3663,65.9678,65.5504,40.6362,65.8976,67.0964,61.7722,65.7771,65.9453,42.5634,35.8803,37.9205,67.1848,68.2070,41.0147,66.3076,67.6159,68.8474,68.6976,68.6977,48.9083,39.7056,42.1283,69.3521,69.8190,42.4003,67.9030,69.9452,70.5861,70.6527,70.8429,68.9694,42.7297,45.1330,71.4415,71.9134,44.0503,69.9219,72.3570,72.6668,72.7321,72.9197,71.6781,46.1091,48.9874,73.1780,73.9729,46.4526,71.9212,74.4083,74.7115,74.7750,74.9586,73.4669,50.5316,57.8220,75.2104,75.9870,50.7039,73.8954,76.4113,76.7059,76.7670
45109.3333333,17.5766,27.2573,70.0122,41.7180,47.3210,128.2344,68.4186,41.3624,127.5104,137.8011,117.2069,138.2945,130.5189,132.4411,62.0002,130.7579,141.8723,142.8451,139.4872,60.3198,70.7180,44.8416,55.4631,66.7555,115.0461,87.4215,106.5921,30.2664,119.8580,63.6116,44.8183,46.5171,88.1742,81.1195,97.6362,48.9022,115.9176,68.7570,34.1722,137.0743,58.7406,135.4254,41.3496,54.7377,92.9836,136.9745,132.3977,59.3649,65.6457,56.9942,130.9273,132.0896,136.2680,130.7020,66.3643,62.6556,41.1842,98.0342,71.0553,134.1179,134.1873,136.5276,20.9597,18.5939,64.9698,30.3541,120.6530,66.3675,139.6795,101.9902,132.0309,42.6499,66.9524,152.0963,93.5131,120.0135,127.8171,45.8804,29.3697,33.0036,79.4246,124.1981,135.8921,132.5986,43.1915,63.9084,67.5713,50.8223,55.1185,72.8085,106.8685,110.5357,97.6003,112.9439,117.4452,128.3016,134.5658,127.0818,134.4332,139.8937,82.2785,87.9211,132.2984,121.3048,122.3040,126.4489,79.4110,79.9855,61.4703,123.3219,120.0743,69.6174,54.4671,50.4011,64.8697,107.2355,104.9429,90.0398,112.6115,120.7286,78.0483,140.5203,48.5667,136.3253,38.1628,65.5183,140.9571,136.6184,142.3358,115.0460,118.0948,123.8715,114.3690,104.3476,47.2447,56.8141,55.6603,124.4229,132.0057,85.9002,36.8835,74.3030,58.4306,144.9514,77.7728,47.8103,113.6998,80.4973,59.2552,39.5315,48.9247,57.5529,88.2213,33.0696,52.8008,125.9333,125.5302,66.1316,127.1639,142.9235,128.8473,91.4571,94.4293,70.3996,88.8056,68.1870,66.5566,111.9577,127.1353,140.8007,83.9527,143.9634,65.8490,135.3328,143.4601,141.5585,71.5804,142.7460,145.1221,133.5708,141.1436,142.0852,73.1421,62.4962,65.2694,143.8754,145.7981,72.3542,142.5166,144.7772,146.9053,146.6467,146.6471,140.8711,70.0115,73.3303,147.7786,148.5856,80.8283,145.2755,148.8043,149.9119,150.0271,150.3560,147.1191,76.6409,83.3546,151.3911,152.2067,84.1636,148.7660,152.9737,153.5090,153.6221,153.9464,151.8012,84.4430,96.5448,154.3932,155.7667,83.8185,152.2218,156.5193,157.0432,157.1530,157.4703,154.8929,94.7900,148.4037,157.9055,159.2472,89.7851,155.6334,159.9803,160.4894,160.5949
45109.3750000,24.3645,37.7864,141.9518,57.8388,269.8773,318.4038,94.8722,113.9535,323.1920,335.8889,306.0081,339.5710,335.6005,332.9729,162.8297,332.0810,346.0901,348.2427,347.2068,109.4888,299.8637,95.2843,81.7062,127.5278,307.6135,322.3396,293.7943,41.9905,314.5686,147.5419,88.2737,120.7957,270.3707,298.6751,281.5084,296.0967,306.9192,110.0019,60.8618,334.3724,148.6632,332.1034,57.3884,82.4994,305.4640,340.5021,334.9078,82.4010,332.1198,86.6090,327.7124,331.7254,337.0946,326.5613,297.0644,177.5469,59.0154,279.6700,310.4533,331.3539,332.2356,337.1947,29.0965,25.8123,147.0470,42.1534,317.2972,301.6000,368.3428,208.3593,336.5201,64.9090,172.9350,375.5496,220.0822,312.5802,327.7836,270.4204,49.7104,59.2796,291.9797,307.3422,328.5386,327.0734,60.0250,94.4857,102.9084,70.6280,76.5987,326.9591,287.8744,291.5600,183.8713,299.6922,313.9307,326.1485,333.1668,309.9263,330.2699,340.9932,196.7550,327.3437,333.0111,316.2027,313.5048,319.2759,189.6832,180.3688,117.0774,322.2824,324.3630,320.8670,80.9801,79.5933,299.3640,297.2825,250.1081,332.7908,302.2093,314.9712,175.8509,346.2466,82.7089,341.5912,59.0666,147.6857,347.6712,336.0002,349.0827,317.2604,317.6209,327.2989,311.7990,294.5557,115.4678,75.3479,90.9869,322.9544,336.6832,154.5198,61.6084,176.0479,311.0753,355.7592,150.7989,84.8874,314.0420,299.5131,288.6551,62.1582,302.8189,86.5520,118.4645,175.3665,80.5268,319.0542,319.9437,84.6197,322.5337,353.8521,319.0144,299.8529,311.2559,106.4876,186.7815,148.0449,125.5951,304.0624,330.4645,351.2610,178.5346,359.5458,97.4677,341.3547,353.5949,344.7491,112.1906,349.4873,354.3947,325.9635,339.9329,344.6625,108.1213,99.1744,101.9184,345.3081,348.8056,113.3612,344.2394,347.3867,350.3494,349.9902,349.9914,341.9526,114.8894,125.7481,351.5691,352.6931,121.9994,348.0873,352.9996,354.5421,354.7032,355.1618,350.6569,130.7293,151.7874,356.6055,357.7415,132.9242,352.9539,358.8114,359.5573,359.7155,360.1677,357.1825,152.1389,341.9042,360.7927,362.7053,146.5099,357.7727,363.7552,364.4852,364.6388,365.0812,361.4944,179.9320,352.4634,365.6900,367.5583,163.0995,362.5295,368.5808,369.2900,369.4376
45109.4166667,24.0875,37.3588,475.4814,94.7457,419.8911,477.7915,475.1865,102.1756,489.3486,500.0522,468.9443,507.2250,511.3231,502.4892,484.1093,503.3063,515.5070,518.5825,521.8236,185.6428,462.8407,103.7656,486.7452,142.0427,475.9596,483.5770,459.8295,453.8023,483.1737,193.4595,453.8867,164.5241,439.1679,467.6044,447.8438,465.9142,473.0388,188.2779,79.9229,497.9596,465.3223,495.7382,56.7910,78.2237,459.1420,511.4107,506.7673,125.3759,509.8028,149.3732,493.5767,500.3744,505.1812,491.4506,470.6639,264.0904,80.9633,443.2239,471.1600,496.2540,498.0515,504.9742,45.5470,46.8475,252.0231,214.4812,487.8081,473.0575,567.3555,551.2153,510.8695,65.9987,245.3319,562.6620,305.8980,478.6296,498.8233,429.4349,77.2192,161.5006,438.5945,460.4363,487.2552,489.4667,59.4618,102.4731,90.4680,75.3453,451.5540,493.2591,446.5864,448.5763,460.6896,462.2696,485.7721,494.4984,499.4643,461.3273,493.4027,507.7161,500.6067,490.7462,502.8426,484.3924,476.9082,482.6375,496.8115,239.3626,184.6601,494.2805,504.1109,502.5578,95.3671,101.7932,466.7612,466.4160,324.3240,499.2831,468.3021,482.6873,544.0124,518.1034,113.4919,514.8772,58.2894,484.2248,520.4761,502.2705,521.2784,496.9577,492.7455,504.2734,486.2202,465.2367,449.7389,115.1287,120.5547,493.9451,511.3001,504.7956,65.2828,484.0233,484.9450,531.4666,503.6402,159.5815,492.1799,461.7276,455.9552,90.0023,476.8224,103.4651,144.6934,252.4727,103.2793,483.0135,485.6029,102.3945,488.5444,530.6538,478.1548,461.2729,474.7249,120.1850,240.5030,189.2365,215.8408,473.3951,505.7944,528.5129,226.4499,541.3016,128.7747,515.9841,529.2174,513.1461,142.2934,521.4774,528.2288,485.4885,503.3802,512.0955,496.2143,125.7751,126.6023,510.5633,514.9989,143.1221,510.4714,513.5938,516.5331,516.1776,516.1795,508.2069,150.8916,166.9536,517.7474,518.8629,157.9755,514.2962,519.1693,520.6999,520.8604,521.3161,516.8487,177.1820,499.5165,522.7512,523.8787,176.9759,519.1318,524.9423,525.6830,525.8406,526.2901,523.3299,210.7153,508.1778,526.9133,528.8112,201.3264,523.9205,529.8552,530.5802,530.7334,531.1731,527.6164,254.2616,518.6607,531.7807,533.6347,229.5610,528.6488,534.6518,535.3562,535.5036
45109.4583333,27.6861,55.9283,542.6354,489.8207,478.7991,545.3115,542.3123,134.9086,558.5722,570.8800,535.1325,579.1129,583.7992,573.6647,552.5436,574.5990,588.6262,592.1582,595.8711,256.8663,528.1200,107.5267,555.5624,144.1589,543.1852,551.9607,524.6587,171.2090,551.4789,128.3019,517.8188,169.9702,279.8678,241.9304,510.8885,531.6452,539.8422,539.3866,111.4785,568.4862,530.9861,565.9349,69.9895,102.4225,523.9124,583.9287,578.5912,251.6535,582.0672,96.5435,563.4495,571.2539,576.7785,561.0094,126.2857,103.4329,110.0439,505.5997,537.7054,566.5287,568.5920,576.5418,70.3204,60.4431,83.8038,142.7755,556.8198,539.8709,648.1767,629.6443,583.3092,129.0591,114.6825,642.7970,153.7287,546.2858,569.4774,489.7805,104.0036,98.3884,500.3379,525.4163,556.2153,558.7493,68.3083,125.5194,527.6185,303.2024,515.2048,563.1030,509.4990,511.7877,525.7066,527.5123,554.4959,564.5277,570.2358,526.4525,563.2798,579.7173,571.5498,560.2295,574.1155,552.9243,544.3334,550.9152,567.1919,525.3965,358.9967,564.2837,163.1426,153.7604,528.4562,134.5236,532.6866,532.2909,164.1791,570.0486,534.4654,550.9884,621.4192,591.6666,547.0149,587.9619,495.4112,552.7586,594.3960,573.4908,595.3190,567.3816,562.5456,306.7930,116.8551,134.6751,225.0520,541.5732,550.6361,563.9234,583.8541,576.3801,532.7731,552.5250,553.5820,607.0114,575.0539,561.3443,561.8880,526.9212,138.6386,120.8001,147.6954,584.7862,611.3243,118.7783,146.4175,551.3628,554.3356,522.5324,557.7135,606.0712,545.7849,526.3955,541.8434,296.4915,274.6183,495.1846,535.8089,540.3157,577.5227,603.6131,583.2959,618.3003,165.5967,589.2244,604.4218,585.9661,180.5330,595.5332,603.2866,554.2071,574.7524,584.7603,566.5223,533.8211,547.1026,583.0020,588.0955,181.3370,582.8962,586.4819,589.8573,589.4490,589.4512,580.2955,555.3374,562.0611,591.2515,592.5326,200.1165,587.2881,592.8842,594.6419,594.8263,595.3495,590.2192,563.6443,570.3151,596.9973,598.2922,223.5609,592.8408,599.5135,600.3640,600.5451,601.0611,597.6618,572.9507,580.2612,601.7768,603.9563,251.0609,598.3399,605.1552,605.9877,606.1637,606.6686,602.5842,583.9930,592.2997,607.3665,609.4957,283.5052,603.7700,610.6638,611.4728,611.6422
45109.5000000,22.9879,108.6326,666.7786,613.2512,594.3062,662.4117,661.9993,160.6764,682.2785,690.0972,658.3834,701.5184,715.8259,699.3151,680.5443,702.2965,711.8019,715.9642,724.5847,699.1871,652.5239,133.8436,689.6435,166.2003,672.1172,670.3917,653.5326,88.7643,679.4425,156.0658,653.8107,110.6432,144.0860,664.7764,642.3097,664.2786,666.4422,666.8004,288.7608,687.3401,654.5908,685.2502,117.0384,107.2430,637.0449,709.7573,706.4787,665.2911,716.8861,145.5841,686.0175,696.1716,700.1068,682.7088,145.5846,131.6415,132.3609,634.2840,657.6944,687.3754,690.2905,699.5129,53.7022,74.9163,118.1906,279.7256,686.3955,673.3236,800.0145,769.5907,713.6536,644.1044,142.4620,780.1904,174.1966,671.7859,697.7427,615.1225,129.7204,118.8278,608.1051,637.5611,670.7402,677.5968,618.3177,179.7785,647.6944,223.5711,636.6110,686.2816,631.3555,631.1069,642.6540,651.5009,686.1409,690.1123,692.2871,636.2554,682.3596,700.8241,695.4188,680.1336,700.0974,680.1274,666.7390,672.2326,691.4471,654.5210,382.5966,694.5922,714.0611,715.0555,657.3398,667.3502,662.0551,663.9525,183.5047,692.3837,661.8823,677.8939,760.6765,717.4993,684.6137,716.2167,626.7903,683.1724,721.0303,695.0198,721.0302,707.1242,697.1748,710.7116,176.2072,166.8270,641.2364,675.7870,684.3239,693.0347,714.4917,710.6476,674.1997,683.4004,688.0180,735.4096,701.3230,703.5476,700.4995,650.5740,162.6709,147.0430,680.3208,727.3815,747.9743,149.9942,170.2691,673.4035,678.0914,646.4646,681.3883,736.0054,662.5089,649.0949,664.7453,660.2092,618.5042,618.9246,657.5237,670.9887,710.0493,734.5062,726.3682,752.6704,704.7508,719.0084,733.0921,708.2552,199.7619,720.9341,729.8375,670.0932,692.4461,706.0006,691.0432,656.5487,671.3681,701.7209,707.2186,200.0028,702.8865,705.8764,708.6910,708.3516,708.3543,700.7235,679.9203,685.5259,709.8589,710.9277,224.0459,706.5580,711.2236,712.6898,712.8444,713.2814,709.0060,686.8551,692.4165,714.6588,715.7391,253.3753,711.1969,716.7600,717.4698,717.6217,718.0528,715.2202,694.6229,700.7176,718.6531,720.4708,287.7057,715.7910,721.4729,722.1678,722.3154,722.7373,719.3336,703.8376,710.7627,723.3228,725.0985,699.4019,720.3277,726.0751,726.7504,726.8925
45109.5416667,94.5129,632.4849,699.1062,644.6726,623.9543,693.3426,693.4144,691.5869,714.7477,721.8283,690.4218,734.0184,750.3563,732.3986,713.8026,735.8110,744.5963,748.9382,758.6134,734.2703,684.6968,140.9229,724.1865,169.6518,705.4317,701.6909,177.3399,94.7876,712.6797,169.4537,166.1888,64.3125,152.0306,698.4140,675.6680,698.1833,699.2342,699.7519,154.3109,718.9642,686.6445,716.9321,162.6854,183.5689,666.8614,743.0278,740.0925,697.9294,751.9650,174.4324,718.3278,729.0738,732.7643,714.8069,154.8491,135.0871,141.9595,159.3703,689.1082,719.3790,722.4976,732.0942,131.0223,87.8737,132.5986,668.5258,720.0422,707.5180,839.5263,806.4047,747.8386,677.6719,670.7729,816.6724,185.1564,704.4495,731.3045,161.7790,139.4747,119.7557,636.4912,667.2003,701.3074,709.0826,124.5752,696.4893,678.9844,671.8873,667.9942,718.7147,662.7487,662.0151,673.2783,683.5886,720.1794,723.0577,724.5931,665.4326,713.9592,733.0737,728.1153,711.8579,733.2624,713.2375,698.7459,704.1117,724.1600,687.6284,732.5952,728.5001,749.8032,751.3399,690.4425,701.2218,695.3181,697.6787,193.5338,724.7471,183.5999,710.9180,797.2375,750.8887,719.7665,750.0485,159.9452,716.9409,754.6252,727.2721,754.4511,743.0124,194.5443,745.7375,186.6793,178.0521,673.9663,710.1795,189.9147,726.7083,748.7646,745.5560,709.9463,717.2756,722.6371,769.5636,734.5835,739.8693,736.0954,682.6116,173.8176,159.5136,715.1458,764.1241,783.8833,162.1766,181.0266,705.4652,710.5456,678.4985,713.8732,770.4634,693.4020,680.9295,696.8422,691.4565,648.1810,650.5230,689.2904,704.6497,744.6217,769.1180,763.1779,788.2011,739.9880,753.1810,767.2539,740.8474,732.6666,754.2986,763.5480,700.9201,723.9365,738.3591,723.8104,688.4806,703.8046,733.5383,739.1914,714.8751,734.9617,737.8810,740.6292,740.2979,740.3006,732.8500,712.5381,718.0115,741.7701,742.8137,717.9938,738.5475,743.1032,744.5348,744.6859,745.1129,740.9385,719.3108,724.7411,746.4585,747.5134,722.3272,743.0789,748.5108,749.2041,749.3526,749.7737,747.0082,726.8974,732.8484,750.3607,752.1356,726.8315,747.5668,753.1147,753.7934,753.9378,754.3499,751.0267,735.8968,742.6586,754.9223,756.6563,731.5666,751.9985,757.6104,758.2699,758.4089
45109.5833333,626.6030,616.6344,682.6218,628.9766,609.0219,677.3639,677.2777,166.1949,698.0749,705.3310,674.1098,717.1606,732.6902,715.3659,696.8819,718.6072,727.5468,731.7909,741.0354,716.5705,668.3928,134.7086,706.7536,678.3105,688.5682,685.5163,108.8542,47.0330,695.7753,162.4030,159.3786,97.8305,145.4501,681.5087,659.0597,681.1931,682.5962,683.0573,146.5386,702.5269,670.3605,700.4943,156.3159,660.1564,651.4836,725.8366,722.8162,681.3527,734.1043,673.7989,701.6727,712.1288,715.8654,698.2527,139.0887,128.9303,130.1727,147.1773,673.0094,702.8140,705.8382,715.2261,121.6324,89.6531,78.1563,111.5072,702.9361,690.3472,819.4264,787.4844,730.3054,660.9755,124.9418,797.7671,677.0644,687.8044,714.1238,151.6216,133.3498,580.4701,621.8523,651.8759,685.3725,692.7784,634.1120,679.9695,663.0161,655.7332,652.0950,702.0147,646.8938,646.3246,657.5781,667.3188,702.9435,706.1515,707.8811,650.2741,697.5733,716.3032,711.2442,695.4504,716.1920,696.3662,682.3650,687.7239,707.3193,670.9896,714.5697,711.2310,731.7437,733.0897,673.7801,684.2114,678.5593,680.7476,709.5334,708.0152,177.0652,190.1968,778.4819,733.5865,702.1711,732.6101,643.5336,699.8233,737.2242,710.5565,737.1094,186.7583,714.3703,197.8785,174.1084,101.7880,657.5802,692.9253,701.4021,709.5417,731.2043,727.8186,692.2579,188.1719,184.7828,751.8603,717.4884,721.7290,136.8693,666.3873,166.5732,152.6532,697.7208,745.6336,765.4887,155.0076,694.4334,689.0363,693.9429,662.3221,697.2297,752.6660,677.4632,664.7952,680.4783,675.4187,633.0457,634.7390,673.1023,181.6884,727.0178,751.2798,744.6757,769.8877,722.2035,735.6237,749.5717,723.9153,715.4603,736.9917,746.0440,684.9215,707.5134,721.5223,706.9709,672.2317,687.2526,716.9197,722.4706,698.1812,718.2446,721.1601,723.9047,723.5732,723.5755,716.1328,695.8434,701.3101,725.0414,726.0835,701.2912,721.8212,726.3713,727.8009,727.9515,728.3775,724.2076,702.6040,708.0279,729.7202,730.7737,705.6158,726.3436,731.7691,732.4613,732.6094,733.0298,730.2672,710.1790,716.1231,733.6152,735.3880,710.1125,730.8240,736.3655,737.0432,737.1873,737.5988,734.2793,719.1664,725.9204,738.1700,739.9019,714.8407,735.2492,740.8546,741.5133,741.6520
45109.6250000,568.5488,560.7320,624.3982,573.5736,556.2768,620.8815,620.2555,143.2239,639.1714,647.0106,616.4955,657.5801,670.3108,655.1918,637.1338,657.8406,667.2866,671.1866,678.9373,654.1135,610.8196,113.6026,645.2319,618.9097,629.0352,628.3452,100.3806,38.4456,280.3054,139.5883,138.5234,54.9421,123.5395,234.5606,221.3175,621.2443,623.8481,624.1147,124.4366,644.4182,612.8513,642.3889,316.6357,603.1812,597.1169,665.0964,661.7923,622.8171,671.0569,276.5565,642.8217,652.2622,656.1478,639.7545,120.7509,67.2759,111.2753,114.5937,616.1272,644.2686,646.9628,655.6154,101.6838,74.4374,69.8286,112.3340,168.7569,629.7602,748.5299,720.6921,668.3864,123.6695,106.6456,731.0019,618.4645,629.0204,653.4475,130.8608,112.9781,528.3967,570.0815,597.6913,629.0219,635.1479,578.3206,621.6323,606.6037,598.7027,595.9445,643.0100,590.9067,590.9014,602.0950,609.8660,157.7351,646.4321,648.8218,596.6602,639.6525,657.0239,651.6327,637.4608,655.8880,268.0669,624.4969,629.8196,647.8211,612.2668,651.0055,650.2592,668.0228,668.7144,148.7535,143.9536,619.4080,163.7514,648.4228,648.8864,155.2228,167.7335,712.2720,672.4480,150.2403,671.0079,585.6934,639.3929,675.7362,651.4726,675.8227,183.4552,302.5289,317.2640,96.1439,132.9972,599.7407,632.0338,640.2013,648.9049,669.1692,665.1841,310.3101,165.1011,161.3555,689.2742,657.0592,657.7161,120.5206,609.0474,144.3024,130.5054,153.3086,680.3507,700.4802,325.5186,633.2716,630.9174,635.2180,605.1285,638.3588,689.7193,621.0447,243.3538,622.6032,618.6686,579.4801,578.9547,615.8447,158.7712,664.7976,688.2027,679.3471,705.1507,659.3921,673.5602,687.0523,664.0210,654.6516,675.7899,684.1495,628.3170,649.4059,661.9689,647.4445,614.8075,628.7577,658.1278,663.3177,639.1795,659.1173,662.0142,664.7413,664.4114,664.4133,657.0166,636.8533,642.2854,665.8680,666.9030,642.2651,662.6662,667.1873,668.6074,668.7564,669.1792,665.0347,643.5656,648.9549,670.5110,671.5573,646.5560,667.1536,672.5445,673.2318,673.3783,673.7955,671.0495,651.0865,656.9927,674.3748,676.1358,651.0179,671.5993,677.1055,677.7784,677.9210,678.3294,675.0302,660.0114,666.7226,678.8950,680.6156,655.7109,675.9911,681.5609,682.2150,682.3524
45109.6666667,21.9922,87.4623,528.1335,481.9980,469.0086,527.4099,525.9244,85.4904,541.7683,550.5092,131.7190,559.0288,567.2465,555.7020,538.3903,557.3958,567.6152,570.9517,576.2903,550.9849,216.1284,174.8985,543.6289,520.7880,80.4833,533.7480,168.4235,37.9435,302.0145,70.5574,312.5663,45.1093,64.6700,179.5673,203.5717,164.1847,526.7513,526.7066,185.9771,548.2661,517.7724,546.2497,495.4185,508.9908,507.1127,564.6696,560.9251,526.0641,566.9273,517.8524,545.4916,553.2769,557.3859,542.9991,210.4720,70.3799,89.4499,96.9680,522.0378,547.4211,549.5788,557.0261,135.5004,107.6813,509.7592,142.6492,542.7495,529.7101,631.6001,610.4080,301.5782,504.8281,81.2256,620.7227,521.6269,531.8500,553.1676,97.2388,216.9256,442.3102,484.3239,507.9779,535.7354,539.7961,486.1156,525.2039,513.3024,504.4446,503.1008,545.4368,120.2049,499.2369,510.2938,514.8927,126.5359,547.7066,551.1403,507.8629,543.8221,558.9614,553.0604,541.5289,556.1953,538.3274,528.8073,534.0522,549.4438,515.2595,546.1321,549.5225,562.8357,124.1285,87.9739,110.6376,116.1770,196.8163,330.3967,551.0953,124.0489,135.7918,602.9521,571.3634,117.4094,569.1893,92.8157,539.5617,574.0818,553.7435,574.4888,227.1878,176.6078,561.4933,170.9621,157.9392,504.1903,531.4943,539.1376,548.7077,566.6654,561.7392,103.0345,539.5766,127.3935,585.8140,557.1595,552.0994,224.8210,514.2542,107.1168,98.9986,119.6048,235.6649,593.1089,194.5798,532.2841,534.7906,538.1077,238.3107,541.0036,585.6701,527.6645,513.3965,526.8935,524.7675,490.8068,107.9466,521.1440,169.3663,561.9968,583.9457,133.8662,598.1834,555.6682,570.9745,583.6889,564.9299,554.1386,574.5701,581.7939,534.6087,553.2211,563.4312,549.0053,519.8448,532.0349,560.8204,565.4154,541.6106,561.2729,564.1297,566.8191,566.4937,566.4954,559.2007,539.3157,544.6727,567.9294,568.9499,544.6520,564.7712,569.2296,570.6299,570.7765,571.1932,567.1056,545.9326,551.2471,572.5052,573.5366,548.8802,569.1929,574.5089,575.1862,575.3302,575.7411,573.0325,553.3446,559.1688,576.3102,578.0463,553.2748,573.5712,579.0007,579.6637,579.8036,580.2057,576.9514,562.1395,568.7573,580.7608,582.4569,557.8956,577.8949,583.3870,584.0314,584.1661
45109.7083333,22.4273,74.8430,387.1756,346.8930,73.5803,391.0451,388.0769,73.5805,237.0360,410.0867,101.8602,415.5681,416.6636,410.5524,393.7607,410.7372,422.6568,425.1993,426.7709,97.0921,96.6784,159.1594,394.4915,202.6692,72.7279,395.7876,155.3038,38.6740,202.1487,78.4035,73.2818,49.9234,68.7326,93.3709,108.5281,78.0702,178.8805,383.8145,159.1022,408.3358,378.3643,406.2591,355.7623,370.6933,375.6582,418.3523,413.7267,384.2333,226.3940,375.0358,403.5049,408.8748,413.5214,401.8600,76.9121,78.9282,95.8085,69.8059,214.5292,406.3112,407.6709,413.4323,73.1605,99.6202,196.8233,76.0889,396.5911,214.3121,460.7929,449.6965,317.7689,361.3154,53.5097,460.4411,379.4852,389.5763,406.6304,79.0457,178.7011,314.6916,358.9666,377.0506,400.0388,400.8548,350.1852,383.8928,376.6691,365.8704,366.8073,403.0600,90.6443,364.7326,376.0166,375.5653,98.0307,403.5220,408.8189,378.4485,404.2597,416.3309,409.3489,401.7062,410.7630,223.0130,103.5471,394.1972,405.9075,372.5956,391.7462,402.0973,408.6108,93.1966,76.3785,83.7967,88.3396,168.6122,204.9785,408.5977,93.5455,100.0739,443.5492,424.2568,85.8902,420.7846,163.6775,393.2344,426.1467,411.4578,427.0990,101.8321,115.1493,409.7137,149.6767,94.7205,363.4937,383.6752,390.7633,402.1500,417.0320,410.3536,100.5783,105.6571,95.4541,435.3786,411.4349,61.3921,68.4769,375.2156,92.5939,50.3288,87.6525,207.3433,436.5225,80.7017,383.7596,159.9928,112.0772,88.3459,158.9054,434.2549,391.4942,142.7388,228.4148,387.6206,360.9109,73.9974,382.5325,192.6610,411.6806,432.1139,205.8904,442.4595,403.5715,253.0551,433.3137,420.8377,407.2668,427.3571,433.0001,398.1645,413.4445,420.1878,405.3424,380.7369,390.5172,419.4995,423.2990,399.0837,419.0844,421.9901,424.7255,424.3942,424.3956,416.9749,396.7470,402.1959,425.8531,426.8909,402.1740,422.6396,427.1745,428.5986,428.7475,429.1711,425.0127,403.4745,408.8803,430.5045,431.5534,406.4716,427.1341,432.5415,433.2301,433.3762,433.7939,431.0382,411.0106,416.9347,434.3713,436.1369,410.9379,431.5838,437.1064,437.7804,437.9223,438.3308,435.0199,419.9521,426.6834,438.8933,440.6181,415.6329,435.9763,441.5625,442.2173,442.3537
45109.7500000,20.9352,41.7458,217.3789,49.6962,58.5289,225.3018,221.1723,62.5011,133.7181,238.8533,111.5210,240.9713,83.2210,234.7725,219.9060,233.5031,246.0289,125.5769,183.6289,76.6837,88.8352,67.2201,66.0902,144.9141,67.8484,228.1223,58.7604,36.0737,137.2907,62.8485,66.9850,24.8301,54.2800,81.9773,89.6190,70.6026,84.5881,212.4727,42.4478,237.7252,210.8087,235.7689,189.9000,204.8527,215.9159,240.8032,235.7331,213.8710,131.8374,204.5200,231.3498,233.9600,238.7223,230.6533,53.1657,56.5777,47.4317,66.9157,171.0091,234.7523,235.2357,238.8989,58.1741,22.1722,143.0752,36.2060,221.0577,146.8675,256.3089,255.7685,195.0003,191.3171,56.3548,266.0043,209.2409,74.8747,82.1706,64.4154,104.9796,163.8256,206.4686,217.6994,234.1778,231.8343,188.3722,214.0702,211.9185,200.1964,203.2245,230.5811,79.6241,203.0309,213.5665,208.3456,72.6029,229.2840,235.9010,220.4214,234.3599,242.4762,115.4389,231.7775,105.1796,161.4796,104.7294,224.8815,232.0843,202.4591,208.8144,224.9004,224.3863,69.0417,63.1553,63.3094,66.5353,114.2254,138.6720,235.5356,70.0748,83.5716,251.4093,106.9460,61.0451,241.0583,102.7317,96.2723,246.4071,238.3533,247.7967,77.8016,98.1433,90.3810,81.9342,82.8152,196.0216,207.6948,213.6460,225.7832,236.4619,228.6901,74.5077,86.7527,69.9521,252.4705,235.0637,57.1190,62.8980,208.3165,74.4471,55.7213,62.9929,89.5369,247.6692,41.7317,116.6231,91.0949,86.5874,79.9347,86.3409,250.5125,225.9243,118.2580,126.2631,221.4549,203.9394,57.9853,215.4121,97.8856,115.2559,248.1593,135.9789,253.9152,221.8184,142.6048,250.6387,245.2087,230.1617,248.1997,251.8544,231.7570,242.5537,245.4207,231.4532,213.2954,219.9433,246.6192,249.3353,226.8127,245.4144,248.1164,250.6600,250.3513,250.3521,243.4498,224.6358,229.7032,251.7057,252.6705,229.6813,248.7155,252.9329,254.2569,254.3950,254.7885,250.9204,230.8877,235.9151,256.0269,257.0020,233.6736,252.8910,257.9198,258.5600,258.6955,259.0835,256.5202,237.8924,243.4020,259.6191,261.2609,237.8233,257.0254,262.1616,262.7881,262.9197,263.2993,260.2195,246.2048,252.4652,263.8211,265.4250,242.1860,261.1069,266.3022,266.9109,267.0375
45109.7916667,14.3653,28.2124,66.0160,34.0977,38.7203,106.2841,102.9860,39.1222,75.5383,114.1386,64.1845,114.5666,57.0945,60.3412,99.8700,108.4305,117.5038,69.4479,95.9563,49.8001,54.4856,23.1683,45.3372,40.4587,46.5406,107.6719,40.3037,24.7426,73.2294,29.8897,39.2007,17.0301,24.5811,40.9269,32.9496,38.7506,47.8851,95.4059,23.8611,113.5406,48.0239,112.1927,81.1543,91.7611,101.5503,113.5094,109.7735,96.7113,54.6665,90.0339,108.5297,83.2252,112.9122,108.3388,36.4544,30.3781,27.6153,34.0674,86.0912,63.0666,62.8747,64.2471,17.1374,15.2031,65.4000,24.8212,100.1582,71.3336,115.9110,118.8946,69.0264,80.8426,26.5346,71.7310,45.2871,51.3273,56.3287,32.2320,22.0716,24.1571,54.3343,58.2821,112.5466,109.8774,35.3274,97.0306,97.1236,41.5688,91.3336,82.0244,49.4653,91.7964,99.0264,46.5769,49.2570,60.1526,111.5178,105.2972,111.3890,115.8803,63.9976,109.5495,60.9327,81.8588,63.8716,104.8571,59.8525,40.4892,37.1825,52.5070,99.7508,44.4309,42.5404,40.8171,42.9392,60.2434,73.6801,81.1225,46.2665,55.0186,78.6666,66.8237,43.6970,113.0049,27.9753,63.5417,116.7920,64.9808,117.9165,49.3258,58.4042,58.8935,53.4256,48.1301,37.5013,40.7499,94.4087,103.2508,109.4792,56.9804,30.1797,54.5754,45.7201,120.0802,109.8276,39.1213,43.0793,46.8689,39.4892,33.9700,44.3793,52.0527,114.7823,27.4293,50.7352,58.7050,58.7285,50.6889,59.4328,118.4274,106.7956,53.0509,70.6237,103.4378,93.9563,38.2856,69.6400,56.6156,70.2133,116.6923,70.4072,119.3083,98.7250,80.7452,70.5377,117.2556,106.1203,118.2503,120.2066,110.6624,116.8848,117.6808,108.0613,97.2481,100.9611,119.1322,120.7117,105.2886,118.0263,119.8764,121.6179,121.4063,121.4067,116.6799,103.7964,107.2662,122.3328,122.9932,107.2506,120.2846,123.1723,124.0788,124.1732,124.4424,121.7935,108.0754,111.5179,125.2898,125.9573,109.9824,123.1418,126.5853,127.0235,127.1161,127.3817,125.6262,112.8701,116.6428,127.7477,128.8719,112.8222,125.9712,129.4882,129.9171,130.0071,130.2669,128.1578,118.5606,122.8475,130.6237,131.7218,115.8081,128.7647,132.3222,132.7389,132.8255
45109.8333333,5.8676,9.0990,20.9640,13.9255,15.7952,24.3632,22.8364,13.8057,23.3734,30.4421,20.5557,26.7891,23.3139,24.6394,20.6935,23.8916,27.7827,28.0037,26.4154,18.6258,18.8416,9.4593,18.5099,16.5174,18.9995,24.7253,16.4514,10.0994,20.5729,12.2000,12.4496,6.9509,10.0328,16.7041,13.4479,15.8153,19.5429,19.1310,8.7864,26.8483,19.5980,26.2978,13.7950,18.2610,23.1094,29.5602,27.9530,23.2406,21.8993,17.6228,24.5627,24.6407,26.0905,24.6342,14.8723,8.1257,11.2661,13.8987,22.0901,25.7298,25.6515,26.2114,6.9917,6.2025,13.0162,10.1235,24.1767,18.0158,23.8174,26.3315,24.0014,13.1850,10.8219,29.2547,18.4688,20.9319,22.9715,13.1446,9.0009,9.8502,22.1516,23.7611,30.3164,25.5225,14.4005,20.0289,20.6730,16.9451,18.3776,24.2758,17.3916,18.7961,21.7502,18.9848,19.4540,23.4465,25.7537,28.0593,29.4365,28.1882,25.1615,25.2864,24.6141,21.1462,22.0063,23.3870,24.3913,16.4993,15.1521,21.3971,19.4642,18.0291,17.0653,16.5573,17.4246,16.3793,20.5587,29.0548,18.5023,21.0185,25.5233,27.1322,15.8924,29.1479,11.7543,19.7683,27.1734,26.4542,27.6988,17.8135,19.3298,21.0436,18.1710,15.2573,15.2735,16.5969,18.0817,21.8882,24.0058,21.4122,12.2910,19.8056,18.3771,29.4553,25.1288,15.9316,17.5434,19.0857,14.9233,11.4698,16.1817,19.0232,25.2536,9.5378,16.2585,23.1699,23.6276,19.2513,23.3526,31.0227,24.6686,22.7382,24.8394,26.4866,23.4289,17.8945,23.2290,18.0780,22.3180,26.6421,18.6102,27.1955,19.3542,25.1157,27.7039,27.8688,23.0143,27.8671,28.4528,26.1954,28.2767,28.1508,24.2136,20.4377,21.6260,28.9865,29.5213,23.2424,28.4279,29.1810,29.8899,29.8037,29.8037,27.8794,22.6343,24.0468,30.1804,30.4492,24.0402,29.3463,30.5219,30.8908,30.9292,31.0387,29.9602,24.3754,25.7768,31.3833,31.6550,25.1514,30.5086,31.9104,32.0887,32.1263,32.2344,31.5196,26.3265,27.8623,32.3831,32.8407,26.3067,31.6596,33.0913,33.2659,33.3024,33.4081,32.5494,28.6423,30.3874,33.5531,34.0001,27.5214,32.7961,34.2443,34.4139,34.4490
45109.8750000,0.0000,0.0000,0.0000,0.0000,0.0000,0.0000,0.0000,0.0000,0.0000,0.0000,0.0000,0.0000,0.0000,0.0000,0.0000,0.0000,0.0000,0.0000,0.0000,0.0000,0.0000,0.0000,0.0000,0.0000,0.0000,0.0000,0.0000,0.0000,0.0000,0.0000,0.0000,0.0000,0.0000,0.0000,0.0000,0.0000,0.0000,0.0000,0.0000,0.0000,0.0000,0.0000,0.0000,0.0000,0.0000,0.0000,0.0000,0.0000,0.0000,0.0000,0.0000,0.0000,0.0000,0.0000,0.0000,0.0000,0.0000,0.0000,0.0000,0.0000,0.0000,0.0000,0.0000,0.0000,0.0000,0.0000,0.0000,0.0000,0.0000,0.0000,0.0000,0.0000,0.0000,0.0000,0.0000,0.0000,0.0000,0.0000,0.0000,0.0000,0.0000,0.0000,0.0000,0.0000,0.0000,0.0000,0.0000,0.0000,0.0000,0.0000,0.0000,0.0000,0.0000,0.0000,0.0000,0.0000,0.0000,0.0000,0.0000,0.0000,0.0000,0.0000,0.0000,0.0000,0.0000,0.0000,0.0000,0.0000,0.0000,0.0000,0.0000,0.0000,0.0000,0.0000,0.0000,0.0000,0.0000,0.0000,0.0000,0.0000,0.0000,0.0000,0.0000,0.0000,0.0000,0.0000,0.0000,0.0000,0.0000,0.0000,0.0000,0.0000,0.0000,0.0000,0.0000,0.0000,0.0000,0.0000,0.0000,0.0000,0.0000,0.0000,0.0000,0.0000,0.0000,0.0000,0.0000,0.0000,0.0000,0.0000,0.0000,0.0000,0.0000,0.0000,0.0000,0.0000,0.0000,0.0000,0.0000,0.0000,0.0000,0.0000,0.0000,0.0000,0.0000,0.0000,0.0000,0.0000,0.0000,0.0000,0.0000,0.0000,0.0000,0.0000,0.0000,0.0000,0.0000,0.0000,0.0000,0.0000,0.0000,0.0000,0.0000,0.0000,0.0000,0.0000,0.0000,0.0000,0.0000,0.0000,0.0000,0.0000,0.0000,0.0000,0.0000,0.0000,0.0000,0.0000,0.0000,0.0000,0.0000,0.0000,0.0000,0.0000,0.0000,0.0000,0.0000,0.0000,0.0000,0.0000,0.0000,0.0000,0.0000,0.0000,0.0000,0.0000,0.0000,0.0000,0.0000,0.0000,0.0000,0.0000,0.0000,0.0000,0.0000,0.0000,0.0000,0.0000,0.0000,0.0000,0.0000,0.0000,0.0000,0.0000,0.0000,0.0000
45109.9166667,0.0000,0.0000,0.0000,0.0000,0.0000,0.0000,0.0000,0.0000,0.0000,0.0000,0.0000,0.0000,0.0000,0.0000,0.0000,0.0000,0.0000,0.0000,0.0000,0.0000,0.0000,0.0000,0.0000,0.0000,0.0000,0.0000,0.0000,0.0000,0.0000,0.0000,0.0000,0.0000,0.0000,0.0000,0.0000,0.0000,0.0000,0.0000,0.0000,0.0000,0.0000,0.0000,0.0000,0.0000,0.0000,0.0000,0.0000,0.0000,0.0000,0.0000,0.0000,0.0000,0.0000,0.0000,0.0000,0.0000,0.0000,0.0000,0.0000,0.0000,0.0000,0.0000,0.0000,0.0000,0.0000,0.0000,0.0000,0.0000,0.0000,0.0000,0.0000,0.0000,0.0000,0.0000,0.0000,0.0000,0.0000,0.0000,0.0000,0.0000,0.0000,0.0000,0.0000,0.0000,0.0000,0.0000,0.0000,0.0000,0.0000,0.0000,0.0000,0.0000,0.0000,0.0000,0.0000,0.0000,0.0000,0.0000,0.0000,0.0000,0.0000,0.0000,0.0000,0.0000,0.0000,0.0000,0.0000,0.0000,0.0000,0.0000,0.0000,0.0000,0.0000,0.0000,0.0000,0.0000,0.0000,0.0000,0.0000,0.0000,0.0000,0.0000,0.0000,0.0000,0.0000,0.0000,0.0000,0.0000,0.0000,0.0000,0.0000,0.0000,0.0000,0.0000,0.0000,0.0000,0.0000,0.0000,0.0000,0.0000,0.0000,0.0000,0.0000,0.0000,0.0000,0.0000,0.0000,0.0000,0.0000,0.0000,0.0000,0.0000,0.0000,0.0000,0.0000,0.0000,0.0000,0.0000,0.0000,0.0000,0.0000,0.0000,0.0000,0.0000,0.0000,0.0000,0.0000,0.0000,0.0000,0.0000,0.0000,0.0000,0.0000,0.0000,0.0000,0.0000,0.0000,0.0000,0.0000,0.0000,0.0000,0.0000,0.0000,0.0000,0.0000,0.0000,0.0000,0.0000,0.0000,0.0000,0.0000,0.0000,0.0000,0.0000,0.0000,0.0000,0.0000,0.0000,0.0000,0.0000,0.0000,0.0000,0.0000,0.0000,0.0000,0.0000,0.0000,0.0000,0.0000,0.0000,0.0000,0.0000,0.0000,0.0000,0.0000,0.0000,0.0000,0.0000,0.0000,0.0000,0.0000,0.0000,0.0000,0.0000,0.0000,0.0000,0.0000,0.0000,0.0000,0.0000,0.0000,0.0000,0.0000,0.0000,0.0000,0.0000
45109.9583333,0.0000,0.0000,0.0000,0.0000,0.0000,0.0000,0.0000,0.0000,0.0000,0.0000,0.0000,0.0000,0.0000,0.0000,0.0000,0.0000,0.0000,0.0000,0.0000,0.0000,0.0000,0.0000,0.0000,0.0000,0.0000,0.0000,0.0000,0.0000,0.0000,0.0000,0.0000,0.0000,0.0000,0.0000,0.0000,0.0000,0.0000,0.0000,0.0000,0.0000,0.0000,0.0000,0.0000,0.0000,0.0000,0.0000,0.0000,0.0000,0.0000,0.0000,0.0000,0.0000,0.0000,0.0000,0.0000,0.0000,0.0000,0.0000,0.0000,0.0000,0.0000,0.0000,0.0000,0.0000,0.0000,0.0000,0.0000,0.0000,0.0000,0.0000,0.0000,0.0000,0.0000,0.0000,0.0000,0.0000,0.0000,0.0000,0.0000,0.0000,0.0000,0.0000,0.0000,0.0000,0.0000,0.0000,0.0000,0.0000,0.0000,0.0000,0.0000,0.0000,0.0000,0.0000,0.0000,0.0000,0.0000,0.0000,0.0000,0.0000,0.0000,0.0000,0.0000,0.0000,0.0000,0.0000,0.0000,0.0000,0.0000,0.0000,0.0000,0.0000,0.0000,0.0000,0.0000,0.0000,0.0000,0.0000,0.0000,0.0000,0.0000,0.0000,0.0000,0.0000,0.0000,0.0000,0.0000,0.0000,0.0000,0.0000,0.0000,0.0000,0.0000,0.0000,0.0000,0.0000,0.0000,0.0000,0.0000,0.0000,0.0000,0.0000,0.0000,0.0000,0.0000,0.0000,0.0000,0.0000,0.0000,0.0000,0.0000,0.0000,0.0000,0.0000,0.0000,0.0000,0.0000,0.0000,0.0000,0.0000,0.0000,0.0000,0.0000,0.0000,0.0000,0.0000,0.0000,0.0000,0.0000,0.0000,0.0000,0.0000,0.0000,0.0000,0.0000,0.0000,0.0000,0.0000,0.0000,0.0000,0.0000,0.0000,0.0000,0.0000,0.0000,0.0000,0.0000,0.0000,0.0000,0.0000,0.0000,0.0000,0.0000,0.0000,0.0000,0.0000,0.0000,0.0000,0.0000,0.0000,0.0000,0.0000,0.0000,0.0000,0.0000,0.0000,0.0000,0.0000,0.0000,0.0000,0.0000,0.0000,0.0000,0.0000,0.0000,0.0000,0.0000,0.0000,0.0000,0.0000,0.0000,0.0000,0.0000,0.0000,0.0000,0.0000,0.0000,0.0000,0.0000,0.0000,0.0000,0.0000,0.0000,0.0000,0.0000,0.0000
