File Created:,Thu Jun 20 13:07:37 2024
Heat Source Version:,9.0.0b26
Simulation Name:,WFK23
User Text:,Westfork Kickapoo
Output:,Solar Radiation Flux Received by Substrate (watts/square meter)
""
Datetime,18.500,18.400,18.300,18.200,18.100,18.000,17.900,17.800,17.700,17.600,17.500,17.400,17.300,17.200,17.100,17.000,16.900,16.800,16.700,16.600,16.500,16.400,16.300,16.200,16.100,16.000,15.900,15.800,15.700,15.600,15.500,15.400,15.300,15.200,15.100,15.000,14.900,14.800,14.700,14.600,14.500,14.400,14.300,14.200,14.100,14.000,13.900,13.800,13.700,13.600,13.500,13.400,13.300,13.200,13.100,13.000,12.900,12.800,12.700,12.600,12.500,12.400,12.300,12.200,12.100,12.000,11.900,11.800,11.700,11.600,11.500,11.400,11.300,11.200,11.100,11.000,10.900,10.800,10.700,10.600,10.500,10.400,10.300,10.200,10.100,10.000,9.900,9.800,9.700,9.600,9.500,9.400,9.300,9.200,9.100,9.000,8.900,8.800,8.700,8.600,8.500,8.400,8.300,8.200,8.100,8.000,7.900,7.800,7.700,7.600,7.500,7.400,7.300,7.200,7.100,7.000,6.900,6.800,6.700,6.600,6.500,6.400,6.300,6.200,6.100,6.000,5.900,5.800,5.700,5.600,5.500,5.400,5.300,5.200,5.100,5.000,4.900,4.800,4.700,4.600,4.500,4.400,4.300,4.200,4.100,4.000,3.900,3.800,3.700,3.600,3.500,3.400,3.300,3.200,3.100,3.000,2.900,2.800,2.700,2.600,2.500,2.400,2.300,2.200,2.100,2.000,1.900,1.800,1.700,1.600,1.500,1.400,1.300,1.200,1.100,1.000,0.900,0.800,0.700,0.600,0.500,0.400,0.300,0.200,0.100,0.000
45108.0000000,0.0000,0.0000,0.0000,0.0000,0.0000,0.0000,0.0000,0.0000,0.0000,0.0000,0.0000,0.0000,0.0000,0.0000,0.0000,0.0000,0.0000,0.0000,0.0000,0.0000,0.0000,0.0000,0.0000,0.0000,0.0000,0.0000,0.0000,0.0000,0.0000,0.0000,0.0000,0.0000,0.0000,0.0000,0.0000,0.0000,0.0000,0.0000,0.0000,0.0000,0.0000,0.0000,0.0000,0.0000,0.0000,0.0000,0.0000,0.0000,0.0000,0.0000,0.0000,0.0000,0.0000,0.0000,0.0000,0.0000,0.0000,0.0000,0.0000,0.0000,0.0000,0.0000,0.0000,0.0000,0.0000,0.0000,0.0000,0.0000,0.0000,0.0000,0.0000,0.0000,0.0000,0.0000,0.0000,0.0000,0.0000,0.0000,0.0000,0.0000,0.0000,0.0000,0.0000,0.0000,0.0000,0.0000,0.0000,0.0000,0.0000,0.0000,0.0000,0.0000,0.0000,0.0000,0.0000,0.0000,0.0000,0.0000,0.0000,0.0000,0.0000,0.0000,0.0000,0.0000,0.0000,0.0000,0.0000,0.0000,0.0000,0.0000,0.0000,0.0000,0.0000,0.0000,0.0000,0.0000,0.0000,0.0000,0.0000,0.0000,0.0000,0.0000,0.0000,0.0000,0.0000,0.0000,0.0000,0.0000,0.0000,0.0000,0.0000,0.0000,0.0000,0.0000,0.0000,0.0000,0.0000,0.0000,0.0000,0.0000,0.0000,0.0000,0.0000,0.0000,0.0000,0.0000,0.0000,0.0000,0.0000,0.0000,0.0000,0.0000,0.0000,0.0000,0.0000,0.0000,0.0000,0.0000,0.0000,0.0000,0.0000,0.0000,0.0000,0.0000,0.0000,0.0000,0.0000,0.0000,0.0000,0.0000,0.0000,0.0000,0.0000,0.0000,0.0000,0.0000,0.0000,0.0000,0.0000,0.0000,0.0000,0.0000,0.0000,0.0000,0.0000,0.0000
45108.0416667,0.0000,0.0000,0.0000,0.0000,0.0000,0.0000,0.0000,0.0000,0.0000,0.0000,0.0000,0.0000,0.0000,0.0000,0.0000,0.0000,0.0000,0.0000,0.0000,0.0000,0.0000,0.0000,0.0000,0.0000,0.0000,0.0000,0.0000,0.0000,0.0000,0.0000,0.0000,0.0000,0.0000,0.0000,0.0000,0.0000,0.0000,0.0000,0.0000,0.0000,0.0000,0.0000,0.0000,0.0000,0.0000,0.0000,0.0000,0.0000,0.0000,0.0000,0.0000,0.0000,0.0000,0.0000,0.0000,0.0000,0.0000,0.0000,0.0000,0.0000,0.0000,0.0000,0.0000,0.0000,0.0000,0.0000,0.0000,0.0000,0.0000,0.0000,0.0000,0.0000,0.0000,0.0000,0.0000,0.0000,0.0000,0.0000,0.0000,0.0000,0.0000,0.0000,0.0000,0.0000,0.0000,0.0000,0.0000,0.0000,0.0000,0.0000,0.0000,0.0000,0.0000,0.0000,0.0000,0.0000,0.0000,0.0000,0.0000,0.0000,0.0000,0.0000,0.0000,0.0000,0.0000,0.0000,0.0000,0.0000,0.0000,0.0000,0.0000,0.0000,0.0000,0.0000,0.0000,0.0000,0.0000,0.0000,0.0000,0.0000,0.0000,0.0000,0.0000,0.0000,0.0000,0.0000,0.0000,0.0000,0.0000,0.0000,0.0000,0.0000,0.0000,0.0000,0.0000,0.0000,0.0000,0.0000,0.0000,0.0000,0.0000,0.0000,0.0000,0.0000,0.0000,0.0000,0.0000,0.0000,0.0000,0.0000,0.0000,0.0000,0.0000,0.0000,0.0000,0.0000,0.0000,0.0000,0.0000,0.0000,0.0000,0.0000,0.0000,0.0000,0.0000,0.0000,0.0000,0.0000,0.0000,0.0000,0.0000,0.0000,0.0000,0.0000,0.0000,0.0000,0.0000,0.0000,0.0000,0.0000,0.0000,0.0000,0.0000,0.0000,0.0000,0.0000
45108.0833333,0.0000,0.0000,0.0000,0.0000,0.0000,0.0000,0.0000,0.0000,0.0000,0.0000,0.0000,0.0000,0.0000,0.0000,0.0000,0.0000,0.0000,0.0000,0.0000,0.0000,0.0000,0.0000,0.0000,0.0000,0.0000,0.0000,0.0000,0.0000,0.0000,0.0000,0.0000,0.0000,0.0000,0.0000,0.0000,0.0000,0.0000,0.0000,0.0000,0.0000,0.0000,0.0000,0.0000,0.0000,0.0000,0.0000,0.0000,0.0000,0.0000,0.0000,0.0000,0.0000,0.0000,0.0000,0.0000,0.0000,0.0000,0.0000,0.0000,0.0000,0.0000,0.0000,0.0000,0.0000,0.0000,0.0000,0.0000,0.0000,0.0000,0.0000,0.0000,0.0000,0.0000,0.0000,0.0000,0.0000,0.0000,0.0000,0.0000,0.0000,0.0000,0.0000,0.0000,0.0000,0.0000,0.0000,0.0000,0.0000,0.0000,0.0000,0.0000,0.0000,0.0000,0.0000,0.0000,0.0000,0.0000,0.0000,0.0000,0.0000,0.0000,0.0000,0.0000,0.0000,0.0000,0.0000,0.0000,0.0000,0.0000,0.0000,0.0000,0.0000,0.0000,0.0000,0.0000,0.0000,0.0000,0.0000,0.0000,0.0000,0.0000,0.0000,0.0000,0.0000,0.0000,0.0000,0.0000,0.0000,0.0000,0.0000,0.0000,0.0000,0.0000,0.0000,0.0000,0.0000,0.0000,0.0000,0.0000,0.0000,0.0000,0.0000,0.0000,0.0000,0.0000,0.0000,0.0000,0.0000,0.0000,0.0000,0.0000,0.0000,0.0000,0.0000,0.0000,0.0000,0.0000,0.0000,0.0000,0.0000,0.0000,0.0000,0.0000,0.0000,0.0000,0.0000,0.0000,0.0000,0.0000,0.0000,0.0000,0.0000,0.0000,0.0000,0.0000,0.0000,0.0000,0.0000,0.0000,0.0000,0.0000,0.0000,0.0000,0.0000,0.0000,0.0000
45108.1250000,0.0000,0.0000,0.0000,0.0000,0.0000,0.0000,0.0000,0.0000,0.0000,0.0000,0.0000,0.0000,0.0000,0.0000,0.0000,0.0000,0.0000,0.0000,0.0000,0.0000,0.0000,0.0000,0.0000,0.0000,0.0000,0.0000,0.0000,0.0000,0.0000,0.0000,0.0000,0.0000,0.0000,0.0000,0.0000,0.0000,0.0000,0.0000,0.0000,0.0000,0.0000,0.0000,0.0000,0.0000,0.0000,0.0000,0.0000,0.0000,0.0000,0.0000,0.0000,0.0000,0.0000,0.0000,0.0000,0.0000,0.0000,0.0000,0.0000,0.0000,0.0000,0.0000,0.0000,0.0000,0.0000,0.0000,0.0000,0.0000,0.0000,0.0000,0.0000,0.0000,0.0000,0.0000,0.0000,0.0000,0.0000,0.0000,0.0000,0.0000,0.0000,0.0000,0.0000,0.0000,0.0000,0.0000,0.0000,0.0000,0.0000,0.0000,0.0000,0.0000,0.0000,0.0000,0.0000,0.0000,0.0000,0.0000,0.0000,0.0000,0.0000,0.0000,0.0000,0.0000,0.0000,0.0000,0.0000,0.0000,0.0000,0.0000,0.0000,0.0000,0.0000,0.0000,0.0000,0.0000,0.0000,0.0000,0.0000,0.0000,0.0000,0.0000,0.0000,0.0000,0.0000,0.0000,0.0000,0.0000,0.0000,0.0000,0.0000,0.0000,0.0000,0.0000,0.0000,0.0000,0.0000,0.0000,0.0000,0.0000,0.0000,0.0000,0.0000,0.0000,0.0000,0.0000,0.0000,0.0000,0.0000,0.0000,0.0000,0.0000,0.0000,0.0000,0.0000,0.0000,0.0000,0.0000,0.0000,0.0000,0.0000,0.0000,0.0000,0.0000,0.0000,0.0000,0.0000,0.0000,0.0000,0.0000,0.0000,0.0000,0.0000,0.0000,0.0000,0.0000,0.0000,0.0000,0.0000,0.0000,0.0000,0.0000,0.0000,0.0000,0.0000,0.0000
45108.1666667,0.0000,0.0000,0.0000,0.0000,0.0000,0.0000,0.0000,0.0000,0.0000,0.0000,0.0000,0.0000,0.0000,0.0000,0.0000,0.0000,0.0000,0.0000,0.0000,0.0000,0.0000,0.0000,0.0000,0.0000,0.0000,0.0000,0.0000,0.0000,0.0000,0.0000,0.0000,0.0000,0.0000,0.0000,0.0000,0.0000,0.0000,0.0000,0.0000,0.0000,0.0000,0.0000,0.0000,0.0000,0.0000,0.0000,0.0000,0.0000,0.0000,0.0000,0.0000,0.0000,0.0000,0.0000,0.0000,0.0000,0.0000,0.0000,0.0000,0.0000,0.0000,0.0000,0.0000,0.0000,0.0000,0.0000,0.0000,0.0000,0.0000,0.0000,0.0000,0.0000,0.0000,0.0000,0.0000,0.0000,0.0000,0.0000,0.0000,0.0000,0.0000,0.0000,0.0000,0.0000,0.0000,0.0000,0.0000,0.0000,0.0000,0.0000,0.0000,0.0000,0.0000,0.0000,0.0000,0.0000,0.0000,0.0000,0.0000,0.0000,0.0000,0.0000,0.0000,0.0000,0.0000,0.0000,0.0000,0.0000,0.0000,0.0000,0.0000,0.0000,0.0000,0.0000,0.0000,0.0000,0.0000,0.0000,0.0000,0.0000,0.0000,0.0000,0.0000,0.0000,0.0000,0.0000,0.0000,0.0000,0.0000,0.0000,0.0000,0.0000,0.0000,0.0000,0.0000,0.0000,0.0000,0.0000,0.0000,0.0000,0.0000,0.0000,0.0000,0.0000,0.0000,0.0000,0.0000,0.0000,0.0000,0.0000,0.0000,0.0000,0.0000,0.0000,0.0000,0.0000,0.0000,0.0000,0.0000,0.0000,0.0000,0.0000,0.0000,0.0000,0.0000,0.0000,0.0000,0.0000,0.0000,0.0000,0.0000,0.0000,0.0000,0.0000,0.0000,0.0000,0.0000,0.0000,0.0000,0.0000,0.0000,0.0000,0.0000,0.0000,0.0000,0.0000
45108.2083333,0.0000,0.0000,0.0000,0.0000,0.0000,0.0000,0.0000,0.0000,0.0000,0.0000,0.0000,0.0000,0.0000,0.0000,0.0000,0.0000,0.0000,0.0000,0.0000,0.0000,0.0000,0.0000,0.0000,0.0000,0.0000,0.0000,0.0000,0.0000,0.0000,0.0000,0.0000,0.0000,0.0000,0.0000,0.0000,0.0000,0.0000,0.0000,0.0000,0.0000,0.0000,0.0000,0.0000,0.0000,0.0000,0.0000,0.0000,0.0000,0.0000,0.0000,0.0000,0.0000,0.0000,0.0000,0.0000,0.0000,0.0000,0.0000,0.0000,0.0000,0.0000,0.0000,0.0000,0.0000,0.0000,0.0000,0.0000,0.0000,0.0000,0.0000,0.0000,0.0000,0.0000,0.0000,0.0000,0.0000,0.0000,0.0000,0.0000,0.0000,0.0000,0.0000,0.0000,0.0000,0.0000,0.0000,0.0000,0.0000,0.0000,0.0000,0.0000,0.0000,0.0000,0.0000,0.0000,0.0000,0.0000,0.0000,0.0000,0.0000,0.0000,0.0000,0.0000,0.0000,0.0000,0.0000,0.0000,0.0000,0.0000,0.0000,0.0000,0.0000,0.0000,0.0000,0.0000,0.0000,0.0000,0.0000,0.0000,0.0000,0.0000,0.0000,0.0000,0.0000,0.0000,0.0000,0.0000,0.0000,0.0000,0.0000,0.0000,0.0000,0.0000,0.0000,0.0000,0.0000,0.0000,0.0000,0.0000,0.0000,0.0000,0.0000,0.0000,0.0000,0.0000,0.0000,0.0000,0.0000,0.0000,0.0000,0.0000,0.0000,0.0000,0.0000,0.0000,0.0000,0.0000,0.0000,0.0000,0.0000,0.0000,0.0000,0.0000,0.0000,0.0000,0.0000,0.0000,0.0000,0.0000,0.0000,0.0000,0.0000,0.0000,0.0000,0.0000,0.0000,0.0000,0.0000,0.0000,0.0000,0.0000,0.0000,0.0000,0.0000,0.0000,0.0000
45108.2500000,0.4252,0.8789,1.3503,1.4554,1.9498,1.9129,1.8850,0.8793,1.4437,1.7664,1.3653,1.4988,0.9463,1.3801,1.0390,1.0214,1.3045,1.2446,0.8651,0.6749,1.3019,0.5817,0.7711,0.9694,1.0453,1.6593,1.0015,0.4031,1.0182,0.4443,0.6503,0.5273,0.5099,0.9582,0.9562,0.8999,1.2446,1.1330,0.4671,1.7233,1.2436,1.5801,0.9951,1.3926,2.1192,1.2001,1.1105,1.4399,0.6587,1.1064,1.4464,1.2750,1.3887,1.5741,0.7280,0.5671,0.7091,0.7948,1.6944,1.6787,1.6743,1.4926,0.5286,0.5483,0.7587,0.6379,1.0683,0.8555,-0.5372,0.1221,0.9341,0.8989,0.7016,0.1570,1.2749,1.3554,1.1335,1.2330,0.8421,1.3606,2.7038,2.4095,2.0339,1.6825,1.1640,1.2939,1.5309,1.2486,1.4726,1.4987,1.5049,1.7042,1.8955,1.3248,0.9363,1.1369,1.4546,2.4558,1.6147,1.4538,1.2876,1.6027,1.1833,1.1080,1.4113,1.5125,1.3774,1.0256,0.4489,0.9036,0.5197,0.3779,1.1707,1.1024,1.2988,1.2103,0.9216,1.4069,1.1913,1.2209,0.1948,1.1075,0.6730,0.9908,0.8442,0.9162,1.0992,1.5435,1.1827,0.5842,0.7638,0.7283,0.8034,0.8698,1.1497,0.7999,0.9246,1.0420,0.8611,0.6935,0.4653,1.0343,0.7897,0.9002,1.1687,0.4186,0.5664,1.1874,0.8533,0.6844,0.6838,0.3121,0.3527,0.3693,0.5541,1.1908,1.1857,1.1651,1.1629,0.6773,1.7140,1.3043,1.2478,1.5737,1.7966,1.1695,1.4333,1.0025,0.7178,0.7147,0.2921,0.4245,0.5833,0.8140,0.7720,1.3319,1.0494,1.0689,0.9516,1.8785,1.7149,1.4000,1.1867,1.3340,1.2044,1.5784
45108.2916667,1.3992,2.8924,4.4436,4.7898,7.3625,6.3629,7.3265,3.1919,5.6637,6.8228,5.6521,5.7664,3.5765,5.3249,3.4200,3.3619,4.3476,4.6740,2.9095,2.2556,4.2908,1.9150,2.5386,3.4911,3.7885,5.5954,3.3170,1.3273,4.0616,1.6887,2.1467,1.7819,2.2512,3.6165,3.1487,2.9634,4.9292,3.9323,1.6571,6.6416,4.0956,5.2580,3.2774,4.5867,6.9805,4.5875,3.7013,4.7617,2.5041,3.7976,5.6472,4.9545,5.3537,6.0221,2.3982,2.5477,2.3973,3.7189,5.5118,6.4594,6.3135,5.7124,1.7414,1.8063,2.9208,2.1019,3.6819,3.1270,-2.4679,0.3611,3.5173,3.0327,2.8925,0.5110,4.2330,5.3510,3.7568,4.2872,2.8593,4.4845,9.2728,9.3668,7.9069,6.0668,3.8374,4.2659,5.0471,4.1164,4.8548,5.6960,6.0363,6.8903,6.2907,5.3831,3.7672,3.7586,4.8404,9.5941,5.3278,5.5042,4.3375,5.5189,4.5838,4.4166,5.6340,5.0109,4.6390,3.4670,1.5827,3.5470,1.8612,1.2539,4.2795,3.6447,5.0188,4.8136,3.5456,4.8499,4.8872,4.9049,0.6425,4.2425,2.2740,3.8010,2.7850,3.1107,4.1276,5.8666,4.4308,2.2783,3.0756,2.8699,3.1811,3.6015,3.9157,2.7331,3.0913,3.7502,3.3230,2.2882,1.5352,3.6518,2.7502,3.3926,3.8825,1.3812,1.8769,3.9183,3.2710,2.3006,2.2735,1.0300,1.1844,1.2497,1.8909,3.9643,4.7234,3.8451,4.6638,2.5396,6.7781,4.8647,4.3904,5.2231,6.5793,4.4680,4.7781,3.5675,2.5628,2.6188,0.9981,1.4756,1.9300,3.0905,2.8784,5.0278,3.4961,4.0652,3.5922,7.3116,6.4982,5.2954,3.9457,4.4338,4.0001,5.9757
45108.3333333,2.8055,5.7996,9.6191,9.6045,17.3285,18.4897,17.9985,7.1865,14.0807,16.6741,14.7406,14.0688,8.6488,13.0433,6.8583,9.8552,11.9429,11.3469,8.0170,4.6705,13.5554,5.6404,5.0911,7.7982,11.1129,11.6394,11.3489,2.6621,10.3094,4.0561,4.8413,5.5601,6.1732,8.5630,10.8967,6.0784,12.3872,8.4026,3.6206,16.2021,8.2154,15.0975,6.5744,9.2010,15.5786,11.1602,10.3307,9.8128,6.1478,7.9838,13.9751,12.2304,13.0993,14.8597,4.9681,7.0557,4.7998,10.7124,11.5699,15.7356,15.3250,13.8646,3.4935,3.6237,7.0284,4.2172,10.3525,8.8683,-6.6943,0.6556,8.6066,6.2515,7.4551,0.6435,11.8322,13.3896,10.8178,9.0754,5.9134,9.7281,20.3703,23.0588,19.4067,16.3177,7.7012,8.9828,10.8294,8.2611,9.7429,13.9604,15.6340,17.5605,16.3035,13.8220,9.6485,11.2557,13.7769,23.6141,15.4725,13.4379,9.0508,11.7647,11.2930,11.1823,14.2302,14.8911,9.6327,9.1951,3.4806,8.9412,4.3418,2.9588,9.7721,10.4548,12.3152,12.1446,8.6268,10.4220,12.6721,12.4849,1.2893,10.3593,4.9645,9.3089,6.0521,6.4815,10.0297,14.3685,10.7249,5.7462,7.9174,7.2578,8.2203,9.5533,7.8601,5.7291,6.2329,10.1950,8.2086,5.4103,3.3361,7.9690,5.4771,8.1830,7.8326,2.7732,5.9432,7.9176,6.9574,4.9962,4.5595,2.0770,2.4705,2.6349,3.9429,12.5842,12.0583,8.9665,11.8619,6.1440,16.9304,11.6433,10.9025,10.5760,14.9413,10.6813,9.8271,10.5008,6.8251,6.2543,2.1879,3.3662,4.1106,7.5556,6.9934,12.2459,7.1422,9.8557,8.6667,17.9746,15.8387,12.9163,7.9104,8.9837,8.0251,14.5649
45108.3750000,4.1639,8.6080,16.5544,17.1419,39.0580,33.6210,32.5995,11.7169,25.8254,30.1170,27.9276,25.4497,15.7140,23.6971,19.7849,18.1825,21.6206,20.5362,14.6871,7.6367,25.4370,9.8844,7.5720,12.6576,21.0974,21.7657,21.9487,3.9520,19.3092,7.1167,8.1136,10.0660,11.9333,19.6863,21.1317,18.7018,22.9487,12.7815,5.7024,29.2373,16.4589,27.4439,9.7609,14.2359,38.3405,20.2363,18.8945,14.2770,11.4250,12.0622,25.5486,22.3742,23.7765,27.0799,15.7476,13.6723,7.7208,21.7001,30.5053,28.3782,27.5746,24.9879,6.4282,5.3805,12.2000,6.2622,19.2252,16.8348,-12.3578,1.0036,15.7760,9.4919,13.7300,1.1622,20.8477,24.6932,19.8196,28.5006,9.3920,15.7698,48.1071,41.7014,35.0893,29.7710,11.4378,13.5197,16.4321,12.2692,14.4699,25.3407,29.4554,32.6666,25.8989,25.9404,18.2115,20.8657,25.0102,42.6888,28.1356,24.3380,22.3470,27.8273,20.6630,20.8684,26.3898,27.3631,17.8245,15.8755,5.6334,16.7246,7.8933,5.4147,16.3557,19.1282,22.4265,22.5698,15.4420,24.7132,23.9780,23.3335,1.9932,18.8667,8.4340,17.0364,9.1888,11.7792,18.2140,26.0540,19.3891,10.9119,15.0756,13.6900,15.6757,18.4606,16.3422,8.1519,9.8256,18.9002,15.1703,8.5687,4.9622,14.5038,16.0056,14.8599,13.6528,4.1552,11.5056,25.0535,20.1314,7.6100,14.7988,3.1708,3.6082,6.9493,6.0375,23.7654,22.5972,12.1425,22.1791,11.2939,31.0641,25.6792,24.3283,16.5814,24.6048,18.3590,16.6220,19.8719,12.7023,11.3773,3.6956,6.1115,6.1372,13.8935,12.8341,22.1787,11.0942,17.8752,15.7149,32.5708,28.5703,23.3936,21.4242,14.1412,12.6016,26.3080
45108.4166667,5.2550,10.8639,43.6799,30.2004,67.7969,56.5354,54.5979,14.2973,43.9236,50.3199,49.0644,42.6557,26.6213,39.9329,34.5002,31.2389,36.3303,34.5188,25.1275,12.7677,44.3005,14.0626,27.6805,17.2691,37.2405,50.3849,39.4251,21.6433,33.6636,11.0117,29.2746,15.9543,20.7478,34.9758,38.0707,33.3752,39.4878,21.3222,8.4139,48.8118,43.3237,46.2075,12.3245,17.6365,64.8263,34.0893,32.1509,21.0773,19.9297,16.7938,43.3072,38.0054,40.0243,45.7238,28.5455,23.7842,11.4628,40.6541,52.0479,47.3580,45.9137,41.7206,8.0816,8.7643,22.3265,19.9839,33.2294,29.7972,-20.5492,1.5399,26.9750,12.1798,22.5917,2.3393,33.0082,42.2576,33.7661,51.4099,14.8681,34.7076,80.6522,69.6089,58.6243,50.2873,14.4491,17.9313,19.6353,17.7107,51.1402,42.6319,51.4389,56.2705,58.3188,45.1731,32.0189,35.9639,42.0858,71.2161,47.3787,40.8629,37.8349,46.8269,35.1360,36.2148,45.3931,46.6044,39.9976,24.2845,9.2637,29.1737,13.5858,9.5138,23.2274,32.5547,37.9071,38.9669,23.7823,41.8570,42.1299,40.5039,4.1524,31.9590,25.1359,29.0482,11.6524,31.4267,30.7733,43.7697,32.5734,19.4654,26.8058,24.1560,27.8965,33.1983,42.2846,12.4739,14.1672,32.6163,26.1769,21.9913,6.5118,34.8884,28.5895,25.1816,35.0676,7.9218,20.8826,44.4542,36.8164,11.7239,26.8995,4.3637,5.0132,11.6580,8.9682,41.6795,39.3458,17.1796,38.5374,19.4851,52.7683,45.0569,42.3942,23.5333,35.1226,27.6021,28.3869,34.9903,22.1437,19.4124,5.5909,10.5972,8.7802,23.8840,22.0481,37.2726,15.8322,30.1667,26.5638,54.5737,47.6853,39.2928,36.7247,20.2592,17.8835,44.0066
45108.4583333,5.3126,13.6234,66.4941,86.5011,103.6318,83.9953,80.8210,19.2751,66.0440,74.3486,26.6195,63.2737,40.0355,59.5629,53.1415,47.5210,54.0791,51.4170,38.1544,19.5245,68.0512,14.7188,43.5682,19.8889,57.9448,75.4730,62.2354,14.1958,51.8527,10.4095,47.5384,22.1260,29.9339,28.7244,60.2601,52.4582,60.0494,57.6484,12.5153,72.0778,66.8671,68.8053,13.3628,20.3071,96.7556,50.8872,48.4679,36.7227,30.8725,16.2637,64.9199,57.1302,59.6385,68.2706,14.3247,15.6717,15.7803,40.4698,78.4170,69.9146,67.6476,61.6672,11.8165,10.7089,12.3571,19.4390,50.7984,46.5499,-29.6741,3.2536,40.9096,19.7475,16.7071,4.3905,24.9696,63.9152,50.9405,81.3212,21.1446,30.2779,119.3180,102.6045,86.5488,75.0730,17.4783,20.7733,78.2983,47.5789,78.5742,63.4626,79.1447,85.4898,87.5314,69.3789,49.7041,54.8083,62.6685,104.9060,70.5485,60.7296,56.7025,69.6853,52.8983,55.5264,68.9500,70.1420,59.6915,58.5506,19.4466,45.0107,20.9206,15.0339,56.9174,49.0803,56.7224,59.4427,17.8689,62.7112,65.2400,62.0718,7.2477,47.9797,39.9788,43.9103,65.0706,48.8656,46.1020,65.0582,48.5164,30.7473,42.0795,22.5046,12.6797,17.5082,33.9663,44.6358,48.5764,49.7981,40.0396,34.1963,35.5380,53.8674,45.0270,37.9010,52.9168,26.2801,33.4328,69.4037,19.2624,16.5219,14.7096,17.4496,15.9395,9.1583,13.2296,64.4430,60.4719,71.5927,59.1283,29.8996,79.1733,69.6617,65.1733,45.7804,56.7985,78.5201,70.8236,54.3510,34.2399,29.4922,14.6757,16.5116,28.5200,36.4433,33.6518,55.4771,19.9230,45.1529,39.8669,80.8177,70.4037,58.4329,55.6822,68.7806,61.3706,65.1403
45108.5000000,5.5073,23.0329,76.0466,98.9764,118.0179,95.4153,91.7937,22.6013,75.3902,84.4994,86.8850,72.1131,46.1101,68.0055,61.0960,54.6368,61.8193,58.8334,44.0590,43.0250,77.9137,17.6851,50.4424,23.1116,66.6287,85.9531,71.6435,8.8879,59.6391,12.4401,55.2004,15.8883,17.0475,63.0676,69.4307,60.5110,68.7645,66.1579,26.0845,81.9417,76.6326,78.3753,21.5536,23.4904,109.8348,58.2574,55.6244,76.3666,35.9576,23.6741,74.0879,65.3511,68.0785,77.8084,16.6646,18.9754,18.6726,40.0382,89.3485,79.5102,76.9404,70.2668,10.3225,9.1929,17.0052,32.8903,58.3778,53.7619,-32.1517,4.8680,47.1556,69.3500,20.1077,6.1361,28.7185,73.0615,58.4158,93.3269,25.2464,35.5789,135.0104,116.1732,98.1812,85.4554,19.2687,29.1447,89.4003,37.4450,89.8045,72.3652,90.4691,97.4441,99.5520,79.4107,57.2786,62.8734,71.4760,118.7430,80.3334,69.2745,64.8371,79.3554,60.6006,63.7443,78.7883,80.0149,68.1541,67.3557,20.2935,51.9180,24.6758,18.0915,65.2570,56.3135,64.8431,68.1126,20.5970,71.5947,74.8310,71.1310,9.3752,55.0365,46.4433,50.5113,75.1473,56.3437,52.9049,74.1398,55.5695,35.9200,48.7330,43.7434,18.1704,21.2798,75.6636,51.6311,55.9936,57.2360,46.2351,39.7391,41.6243,61.9377,52.1003,43.7092,60.6431,31.0088,39.0454,79.6416,22.6628,19.6637,49.9197,20.9749,19.1722,11.0396,15.7665,73.9115,69.3555,82.2008,67.8192,34.8040,90.1389,79.8130,74.6705,86.3354,108.8926,90.1993,80.9240,62.5427,39.7537,34.2904,17.8035,19.7262,33.3508,42.1585,39.0099,63.3868,22.8197,51.8290,45.9017,91.7936,80.0582,66.6995,63.8067,78.7059,70.3455,74.1813
45108.5416667,14.5657,90.0951,78.4905,101.9591,121.5035,98.3789,94.6706,23.9038,77.8318,87.1934,89.5788,74.4872,47.8141,70.2695,63.1554,56.5461,63.9287,60.8665,45.7050,44.6212,80.3936,18.4786,52.2216,23.7842,68.8155,88.6656,26.1912,9.4680,61.6622,13.3397,19.0035,11.3620,17.8532,65.1610,71.6695,62.5380,71.0272,68.3458,16.2113,84.5710,79.0752,80.9035,27.4361,89.8769,113.1562,60.2735,57.5655,78.8259,37.3897,27.1356,76.4997,67.5397,70.3449,80.3188,54.5716,19.4137,19.8088,24.3403,92.1386,82.0777,79.4448,72.5974,19.0471,15.2384,18.6732,66.6769,60.3758,55.6278,-32.4413,5.5161,48.8793,71.5788,67.6216,6.8171,46.9370,75.4374,60.4262,33.6284,26.7185,37.0254,138.9874,119.6774,101.2241,88.1593,94.9136,81.0158,92.1740,88.2576,92.5797,74.7409,93.2589,100.4255,102.6045,81.9278,59.2362,64.9862,73.8288,122.3139,82.9107,71.5735,67.0152,81.9086,62.6675,65.8730,81.3027,82.5711,70.4203,69.5561,34.1719,53.7475,25.8300,19.0757,67.4289,58.2712,67.0227,70.3553,58.1618,73.9436,77.2250,73.4442,10.1348,56.9655,48.1168,52.3208,25.6792,58.2765,54.7817,76.5618,57.5185,37.3404,18.7383,45.3625,19.2007,22.5240,78.0710,53.4405,22.1440,59.2060,47.9291,41.2617,43.1593,64.0149,53.9187,45.3506,62.7087,32.2942,40.5348,82.1453,24.0370,65.3630,51.6742,22.0158,20.1772,11.7599,51.6390,76.2843,71.6214,84.7602,70.0485,36.2111,92.9541,82.3321,77.0683,89.0445,112.1488,92.9418,83.4895,64.6295,41.2796,35.6896,18.7689,20.7535,34.7118,43.7521,40.5247,65.5343,59.8691,53.6791,47.6001,94.6689,82.6385,68.9320,65.9472,81.2079,72.6383,76.6089
45108.5833333,56.4605,74.3990,67.0795,86.0403,103.4290,85.0086,81.9682,22.1211,66.9263,75.5929,75.9019,64.4996,41.2483,60.6997,53.7371,48.4443,55.3099,52.6599,39.2610,37.6516,68.3938,16.5814,44.0434,57.5368,58.2351,76.3363,19.0148,6.4278,52.4754,12.0667,17.2861,13.8375,15.8051,22.3471,60.1401,19.6086,60.7670,58.2088,14.3141,73.3515,67.1231,69.8913,25.2155,76.2451,97.5002,52.0941,49.5291,67.5860,31.8804,63.9109,65.8858,58.1308,60.7950,69.2945,15.9730,17.2373,17.6881,21.4131,79.0840,71.2074,69.0033,62.9837,16.5176,14.4837,17.4689,15.7377,51.5766,47.0573,-28.0072,4.6020,41.9868,59.8368,55.9394,5.7474,67.8571,64.6891,51.9537,30.5530,24.0128,101.2839,120.2139,103.7522,87.7372,76.0303,79.3253,68.8555,78.6059,74.3993,78.6966,64.6033,79.2167,85.8084,88.1936,69.6980,50.2371,55.5708,63.8095,106.0651,71.6169,61.9308,57.7678,70.7766,53.9217,56.1581,69.5449,70.9457,60.8123,58.7434,28.5125,45.7510,22.1999,16.3041,57.6347,50.1296,57.8187,34.5349,49.3308,63.7134,65.4560,27.0123,8.5182,49.1154,40.4127,44.9884,64.3066,49.3900,47.2953,66.2185,49.7829,13.3017,42.6325,16.4175,17.7011,16.0101,65.9607,45.1175,49.1514,50.6150,41.0077,35.0787,35.6780,54.4002,45.4478,39.1246,53.8956,26.9093,11.5654,69.3286,21.9727,54.0826,43.2670,18.3685,17.0759,10.5460,42.7280,64.7115,60.9553,71.3067,59.6743,31.0240,79.9455,69.8139,65.5550,76.3015,95.4342,77.7612,71.3423,54.7599,35.1871,30.7276,15.7226,17.8146,29.4680,37.5094,34.7645,56.6916,51.1843,46.3705,41.1049,81.9497,71.6881,59.6389,56.5281,69.1663,61.8844,66.3961
45108.6250000,58.9650,77.1016,67.8237,88.0647,105.4894,85.6385,82.4244,20.1902,67.3904,75.8567,77.3387,64.6038,40.9942,60.8266,54.2590,48.5755,55.2631,52.5594,39.0744,37.8788,69.3858,15.0922,44.5233,58.5748,59.1142,76.9681,17.2365,5.1928,28.8145,8.9102,15.9204,9.8984,14.4971,18.7513,29.0822,17.6670,61.2868,58.8348,13.1716,73.5519,68.1759,70.2121,42.4718,77.6322,98.5802,52.0181,49.5484,68.1973,31.6682,35.4481,66.2550,58.3439,60.9049,69.6638,14.3546,11.5404,16.0237,18.0685,79.9430,71.3558,69.0577,62.9788,15.1216,13.0525,17.4042,15.8488,20.6491,47.5550,-29.7904,3.6365,41.8709,19.3845,15.8911,4.7922,68.8813,65.2187,52.0565,27.9102,22.0252,104.8501,121.5145,104.5548,88.2465,76.5691,81.6234,69.9084,79.7933,76.0443,80.0587,64.7884,80.6342,87.1004,89.2022,70.7326,18.7521,55.9656,63.9816,106.8939,71.9814,62.0166,57.9144,71.1063,54.0461,29.9419,70.3191,71.5470,60.9555,59.7215,28.6210,46.0100,21.5793,15.5980,58.1046,50.1693,57.9371,29.3481,49.8217,64.0137,24.5925,24.5182,7.6876,49.0581,40.8730,44.9192,66.2682,49.9088,47.1551,66.4108,49.6139,12.0356,24.0308,14.7881,12.2342,17.7775,67.1853,45.6081,49.6190,50.8797,40.9778,35.0345,20.6563,21.1271,16.8501,38.8257,54.0612,26.9716,10.3097,70.7260,20.0748,17.3556,15.3488,18.0237,16.5070,18.1728,13.8784,65.7139,61.6968,72.9328,60.3368,30.6887,80.7196,35.4887,66.4650,77.1748,97.2652,79.9327,72.2163,28.2481,35.0839,30.2837,15.2158,17.1017,29.2728,37.3320,14.4484,56.6813,51.4638,46.1927,40.8241,82.4192,71.8514,59.6835,56.8599,70.1300,62.6122,66.5018
45108.6666667,5.4067,22.2722,47.2537,60.2245,73.3283,60.9257,58.8121,13.7243,47.4354,54.1982,22.6750,45.9837,28.7915,43.0876,37.4062,33.8210,39.1989,37.2529,27.2179,25.5621,27.8219,16.6322,30.1247,39.7299,14.0528,54.3697,20.7414,5.1335,25.1658,6.7428,22.4764,8.2324,8.4452,19.5328,22.9836,17.8160,42.7222,40.6759,9.3127,52.5727,46.9596,49.8299,46.7455,53.4983,69.8889,36.8015,34.7616,47.7789,21.6694,44.3996,46.7516,41.0565,43.1799,49.3277,17.1045,10.4974,12.5048,14.2869,56.2056,51.0083,49.4425,44.9561,15.0715,13.7682,36.9288,15.5897,35.9939,32.3857,-21.9190,1.8559,20.0306,41.0453,12.0765,2.7108,47.5453,45.6773,36.5065,21.0373,28.0733,70.1025,86.8208,74.9098,63.1185,54.2394,54.8562,48.2696,55.4953,51.8289,55.3780,45.9802,24.2817,60.8274,62.9319,48.9259,15.0535,38.9304,45.3943,76.6303,51.0902,44.0666,40.8557,50.4922,37.9725,39.2346,49.0878,50.3307,43.1602,40.7071,18.7863,31.6541,14.7922,10.4275,27.1954,35.1971,40.9247,21.2853,34.1130,45.1860,19.5723,19.7509,4.6773,34.5349,11.2909,31.4286,15.2076,34.1282,33.2478,47.1948,35.1586,12.4012,14.5469,26.2712,15.0143,17.1583,45.8995,30.9296,34.0029,35.3253,28.3787,23.9129,8.4324,37.8384,19.5420,27.2426,37.9107,17.6256,12.8235,48.2606,14.8152,12.7646,11.7676,6.7219,10.8675,10.0398,28.5878,19.1689,42.6320,29.2514,41.7482,21.1599,56.9494,48.8458,45.9285,54.0894,67.5275,20.5226,50.3408,19.1035,24.0587,21.0520,4.6415,11.5798,19.8346,25.8931,23.9117,40.2120,35.7406,32.5904,28.7209,58.7890,51.3605,42.3809,39.7234,48.6006,43.3490,47.4228
45108.7083333,4.4668,12.3551,28.9445,15.7052,21.9545,38.1960,37.0013,10.3704,22.3817,34.1638,16.0833,28.8866,17.8716,26.9286,22.6564,20.7486,24.5515,23.3207,16.7398,7.8572,15.2228,11.8149,17.8562,23.5693,10.9951,33.8252,15.4064,4.2398,15.5433,5.5857,7.9818,6.8150,6.8640,11.5073,13.0940,10.3150,17.9146,24.7075,7.9331,33.1594,28.3689,31.1836,27.2666,32.3141,43.6146,22.9912,21.5145,29.4590,9.7706,26.5096,29.0729,25.4703,27.0125,30.7894,8.4804,8.6597,10.1271,9.5333,25.5020,32.1816,31.2540,28.3376,8.2115,10.0622,14.6067,8.7269,21.9700,14.1880,-14.0319,0.8024,15.6269,23.9556,8.1011,1.3595,28.7949,28.1599,22.5751,15.3207,18.6538,40.6916,54.6251,47.3025,39.8071,33.8542,32.0956,29.2424,33.8912,30.8839,33.5977,28.7871,17.2919,37.3153,39.0671,29.7022,10.8670,23.8310,28.4129,48.4167,31.9711,27.6347,25.4203,31.6156,23.5264,17.5794,16.0794,31.1730,26.9600,24.2956,10.7618,19.1504,8.9996,6.1968,18.7000,21.7818,25.5013,16.1990,16.7436,28.1165,13.9139,13.9537,2.5198,21.4607,7.9418,19.4057,15.8121,20.4789,20.7055,29.5885,22.0143,6.9377,9.4419,15.7139,10.9853,10.7385,27.4519,18.3826,20.4588,21.5904,17.3252,14.3671,6.4949,12.3075,9.5002,16.9003,23.4356,4.4210,6.0136,28.8119,10.9450,7.5901,8.1769,4.6710,6.3227,4.9891,16.2020,13.8671,13.6827,13.5681,15.5906,12.8926,35.3708,17.5401,20.6529,33.3425,41.1146,13.7338,30.8440,15.7709,14.5377,12.9549,4.1160,6.9754,11.8367,12.2927,14.6392,25.1865,21.8494,20.3147,17.8636,36.9724,32.4006,26.5640,24.4387,29.5737,26.3657,29.8482
45108.7500000,2.8251,6.3452,13.4374,9.6717,13.1313,18.2381,17.7660,6.2987,11.2327,16.4721,10.7334,13.9102,8.5826,12.8954,10.4100,9.7452,11.8213,8.7639,6.3278,4.6693,9.4892,4.9176,5.1267,10.4700,6.9502,16.0110,6.6600,2.6806,8.3618,3.2926,4.9359,4.0101,3.9685,7.0445,7.7462,6.4058,8.7670,11.3730,3.5453,16.0107,12.9025,14.9102,11.7299,14.6489,20.6440,11.0502,10.2235,13.8041,5.0398,11.8580,13.7976,12.0856,12.9520,14.6715,4.8949,4.7667,4.9789,6.0351,14.6505,15.5538,15.1552,13.7168,4.7097,3.6488,7.7870,4.2463,10.2225,7.5691,-6.4604,0.4508,7.9150,10.3546,4.9065,0.7265,13.1421,13.2070,10.6984,9.1245,8.8382,17.2039,26.0770,22.7395,19.1535,16.0993,13.8226,13.3475,15.6089,13.7185,15.3224,13.7971,10.6184,17.2702,18.3846,13.5960,6.3275,7.9084,13.6168,23.2863,15.2775,13.2884,9.2931,15.1238,8.3406,9.6318,10.3790,14.6852,12.8998,10.8877,4.6798,8.8326,4.3550,2.9950,9.8553,10.3446,12.1767,9.2686,8.3308,13.3654,8.1029,8.4401,1.2212,7.6157,4.5808,9.2207,7.9424,6.7344,9.9382,14.1998,10.6272,4.0942,5.6898,5.1331,5.6250,6.5361,12.3014,8.2602,9.3354,10.0709,8.1307,6.6357,3.6607,7.3811,5.3996,8.1256,11.0883,2.7920,3.8441,12.8582,6.4268,5.0577,4.6890,2.2099,2.9524,2.5877,4.9925,8.0654,7.9974,8.4057,7.8570,6.1139,16.6871,10.3409,10.0115,15.5765,18.7813,8.0655,14.3038,7.6358,5.3081,6.2310,2.2034,3.3979,5.4663,6.2046,5.6500,12.1180,10.1914,9.7692,8.6022,17.7417,15.6546,12.7762,11.4686,13.5866,12.1387,14.4004
45108.7916667,1.9541,4.4886,6.2667,6.6896,8.9688,11.5170,11.2421,4.3024,7.4939,10.4385,7.1673,8.8078,4.5346,8.1466,6.4670,6.1059,7.4820,5.6687,4.3004,3.2042,6.4496,2.6748,3.5458,4.4575,4.8070,10.0745,4.6063,1.8540,5.4926,2.0436,3.3251,2.7111,2.6671,4.7767,4.3984,4.1395,6.0964,7.0721,2.2819,10.1509,5.7213,9.4169,7.0889,9.0580,12.9948,6.9879,6.4356,8.6489,3.0520,7.2881,8.6878,6.7286,8.1863,9.2537,3.3504,3.1523,3.2633,3.6576,9.4619,9.8642,9.6229,8.7020,2.4329,2.5235,4.8594,2.9366,6.3821,4.8632,-4.0471,0.2827,4.2502,6.2684,3.2302,0.4594,8.1467,6.2409,5.3553,6.1971,5.5428,6.2659,16.4732,14.4007,12.1309,10.1480,5.3623,8.2746,9.7149,5.7521,9.4983,7.7440,7.2381,10.7720,11.5440,6.1040,4.3776,5.2395,8.6057,14.7499,9.6468,8.4084,6.0351,9.5535,5.4777,6.2309,7.0374,9.2211,8.1466,6.6950,2.8302,5.4924,2.7498,1.8844,6.4318,6.5106,7.6829,6.2138,5.3257,7.2766,5.5463,5.8058,0.8944,5.1122,3.2404,5.8022,3.8950,4.7284,6.2795,6.9982,6.7308,2.8000,3.8377,3.5385,3.8985,4.3981,7.5665,5.0806,5.7809,6.2933,5.0895,3.2964,2.1459,5.0398,3.6793,5.1342,6.9697,1.9307,2.6124,5.4770,3.9534,3.4354,3.3094,1.4773,1.8327,1.7905,3.2792,5.5372,5.5451,5.7373,5.4710,3.8382,10.4864,6.1979,6.6390,9.7496,11.6539,5.5527,7.5452,5.1297,3.6149,3.9334,1.4349,2.1469,3.3939,4.1351,3.5784,7.6678,6.3687,6.1769,5.4396,11.2236,9.9268,8.0842,7.1863,8.4450,7.5496,9.1250
45108.8333333,0.6096,1.2600,1.9358,2.0865,2.7953,2.7474,2.8145,1.2922,2.1605,2.6330,1.9679,2.1498,1.3583,2.0561,1.4897,1.4798,1.8407,1.8198,1.2402,0.9651,1.8666,0.8341,1.1057,1.3899,1.4988,2.4852,1.4361,0.5780,1.5299,0.6371,0.9325,0.7693,0.7312,1.4524,1.3711,1.2904,1.7848,1.6247,0.7036,2.5669,1.7834,2.2659,1.4308,1.9995,3.1805,1.7834,1.6261,2.1170,0.9446,1.5874,2.0743,1.8285,1.9916,2.2168,1.0441,0.8134,1.0169,1.1398,2.4928,2.4996,2.4503,2.2192,0.7581,0.7864,1.0882,0.9149,1.5694,1.2497,-0.7707,0.1825,1.3189,1.2871,1.0063,0.2108,1.8287,1.9442,1.6901,1.7685,1.2336,1.9517,4.0534,3.5856,3.0372,2.5171,1.6698,1.9560,2.3114,1.7912,2.1125,2.1166,2.1495,2.4448,2.8128,1.9007,1.3476,1.6310,2.0868,3.6724,2.4115,2.0522,1.8581,2.3922,1.7646,1.6648,2.1219,2.2669,2.0530,1.4714,0.6441,1.3226,0.7457,0.5457,1.7562,1.5817,1.8638,1.7366,1.3224,2.1015,1.7179,1.7632,0.2795,1.5882,0.9655,1.4735,1.2383,1.3763,1.5536,2.1832,1.6720,0.8718,1.1212,1.0903,1.1520,1.3093,1.6586,1.1544,1.3268,1.5533,1.2358,0.9952,0.6677,1.4909,1.1337,1.2936,1.6765,0.6007,0.8128,1.7040,1.2246,0.9812,0.9821,0.4479,0.5062,0.5299,0.7952,1.7090,1.6828,1.6721,1.6689,0.9718,2.4598,1.8269,1.7905,2.2578,2.7233,1.7940,2.1506,1.4496,1.0670,1.0409,0.4191,0.6148,0.8466,1.2035,1.1105,1.9501,1.5708,1.5863,1.4093,2.8061,2.5126,1.9772,1.7031,2.0128,1.7285,2.2412
45108.8750000,0.0000,0.0000,0.0000,0.0000,0.0000,0.0000,0.0000,0.0000,0.0000,0.0000,0.0000,0.0000,0.0000,0.0000,0.0000,0.0000,0.0000,0.0000,0.0000,0.0000,0.0000,0.0000,0.0000,0.0000,0.0000,0.0000,0.0000,0.0000,0.0000,0.0000,0.0000,0.0000,0.0000,0.0000,0.0000,0.0000,0.0000,0.0000,0.0000,0.0000,0.0000,0.0000,0.0000,0.0000,0.0000,0.0000,0.0000,0.0000,0.0000,0.0000,0.0000,0.0000,0.0000,0.0000,0.0000,0.0000,0.0000,0.0000,0.0000,0.0000,0.0000,0.0000,0.0000,0.0000,0.0000,0.0000,0.0000,0.0000,0.0000,0.0000,0.0000,0.0000,0.0000,0.0000,0.0000,0.0000,0.0000,0.0000,0.0000,0.0000,0.0000,0.0000,0.0000,0.0000,0.0000,0.0000,0.0000,0.0000,0.0000,0.0000,0.0000,0.0000,0.0000,0.0000,0.0000,0.0000,0.0000,0.0000,0.0000,0.0000,0.0000,0.0000,0.0000,0.0000,0.0000,0.0000,0.0000,0.0000,0.0000,0.0000,0.0000,0.0000,0.0000,0.0000,0.0000,0.0000,0.0000,0.0000,0.0000,0.0000,0.0000,0.0000,0.0000,0.0000,0.0000,0.0000,0.0000,0.0000,0.0000,0.0000,0.0000,0.0000,0.0000,0.0000,0.0000,0.0000,0.0000,0.0000,0.0000,0.0000,0.0000,0.0000,0.0000,0.0000,0.0000,0.0000,0.0000,0.0000,0.0000,0.0000,0.0000,0.0000,0.0000,0.0000,0.0000,0.0000,0.0000,0.0000,0.0000,0.0000,0.0000,0.0000,0.0000,0.0000,0.0000,0.0000,0.0000,0.0000,0.0000,0.0000,0.0000,0.0000,0.0000,0.0000,0.0000,0.0000,0.0000,0.0000,0.0000,0.0000,0.0000,0.0000,0.0000,0.0000,0.0000,0.0000
45108.9166667,0.0000,0.0000,0.0000,0.0000,0.0000,0.0000,0.0000,0.0000,0.0000,0.0000,0.0000,0.0000,0.0000,0.0000,0.0000,0.0000,0.0000,0.0000,0.0000,0.0000,0.0000,0.0000,0.0000,0.0000,0.0000,0.0000,0.0000,0.0000,0.0000,0.0000,0.0000,0.0000,0.0000,0.0000,0.0000,0.0000,0.0000,0.0000,0.0000,0.0000,0.0000,0.0000,0.0000,0.0000,0.0000,0.0000,0.0000,0.0000,0.0000,0.0000,0.0000,0.0000,0.0000,0.0000,0.0000,0.0000,0.0000,0.0000,0.0000,0.0000,0.0000,0.0000,0.0000,0.0000,0.0000,0.0000,0.0000,0.0000,0.0000,0.0000,0.0000,0.0000,0.0000,0.0000,0.0000,0.0000,0.0000,0.0000,0.0000,0.0000,0.0000,0.0000,0.0000,0.0000,0.0000,0.0000,0.0000,0.0000,0.0000,0.0000,0.0000,0.0000,0.0000,0.0000,0.0000,0.0000,0.0000,0.0000,0.0000,0.0000,0.0000,0.0000,0.0000,0.0000,0.0000,0.0000,0.0000,0.0000,0.0000,0.0000,0.0000,0.0000,0.0000,0.0000,0.0000,0.0000,0.0000,0.0000,0.0000,0.0000,0.0000,0.0000,0.0000,0.0000,0.0000,0.0000,0.0000,0.0000,0.0000,0.0000,0.0000,0.0000,0.0000,0.0000,0.0000,0.0000,0.0000,0.0000,0.0000,0.0000,0.0000,0.0000,0.0000,0.0000,0.0000,0.0000,0.0000,0.0000,0.0000,0.0000,0.0000,0.0000,0.0000,0.0000,0.0000,0.0000,0.0000,0.0000,0.0000,0.0000,0.0000,0.0000,0.0000,0.0000,0.0000,0.0000,0.0000,0.0000,0.0000,0.0000,0.0000,0.0000,0.0000,0.0000,0.0000,0.0000,0.0000,0.0000,0.0000,0.0000,0.0000,0.0000,0.0000,0.0000,0.0000,0.0000
45108.9583333,0.0000,0.0000,0.0000,0.0000,0.0000,0.0000,0.0000,0.0000,0.0000,0.0000,0.0000,0.0000,0.0000,0.0000,0.0000,0.0000,0.0000,0.0000,0.0000,0.0000,0.0000,0.0000,0.0000,0.0000,0.0000,0.0000,0.0000,0.0000,0.0000,0.0000,0.0000,0.0000,0.0000,0.0000,0.0000,0.0000,0.0000,0.0000,0.0000,0.0000,0.0000,0.0000,0.0000,0.0000,0.0000,0.0000,0.0000,0.0000,0.0000,0.0000,0.0000,0.0000,0.0000,0.0000,0.0000,0.0000,0.0000,0.0000,0.0000,0.0000,0.0000,0.0000,0.0000,0.0000,0.0000,0.0000,0.0000,0.0000,0.0000,0.0000,0.0000,0.0000,0.0000,0.0000,0.0000,0.0000,0.0000,0.0000,0.0000,0.0000,0.0000,0.0000,0.0000,0.0000,0.0000,0.0000,0.0000,0.0000,0.0000,0.0000,0.0000,0.0000,0.0000,0.0000,0.0000,0.0000,0.0000,0.0000,0.0000,0.0000,0.0000,0.0000,0.0000,0.0000,0.0000,0.0000,0.0000,0.0000,0.0000,0.0000,0.0000,0.0000,0.0000,0.0000,0.0000,0.0000,0.0000,0.0000,0.0000,0.0000,0.0000,0.0000,0.0000,0.0000,0.0000,0.0000,0.0000,0.0000,0.0000,0.0000,0.0000,0.0000,0.0000,0.0000,0.0000,0.0000,0.0000,0.0000,0.0000,0.0000,0.0000,0.0000,0.0000,0.0000,0.0000,0.0000,0.0000,0.0000,0.0000,0.0000,0.0000,0.0000,0.0000,0.0000,0.0000,0.0000,0.0000,0.0000,0.0000,0.0000,0.0000,0.0000,0.0000,0.0000,0.0000,0.0000,0.0000,0.0000,0.0000,0.0000,0.0000,0.0000,0.0000,0.0000,0.0000,0.0000,0.0000,0.0000,0.0000,0.0000,0.0000,0.0000,0.0000,0.0000,0.0000,0.0000
45109.0000000,0.0000,0.0000,0.0000,0.0000,0.0000,0.0000,0.0000,0.0000,0.0000,0.0000,0.0000,0.0000,0.0000,0.0000,0.0000,0.0000,0.0000,0.0000,0.0000,0.0000,0.0000,0.0000,0.0000,0.0000,0.0000,0.0000,0.0000,0.0000,0.0000,0.0000,0.0000,0.0000,0.0000,0.0000,0.0000,0.0000,0.0000,0.0000,0.0000,0.0000,0.0000,0.0000,0.0000,0.0000,0.0000,0.0000,0.0000,0.0000,0.0000,0.0000,0.0000,0.0000,0.0000,0.0000,0.0000,0.0000,0.0000,0.0000,0.0000,0.0000,0.0000,0.0000,0.0000,0.0000,0.0000,0.0000,0.0000,0.0000,0.0000,0.0000,0.0000,0.0000,0.0000,0.0000,0.0000,0.0000,0.0000,0.0000,0.0000,0.0000,0.0000,0.0000,0.0000,0.0000,0.0000,0.0000,0.0000,0.0000,0.0000,0.0000,0.0000,0.0000,0.0000,0.0000,0.0000,0.0000,0.0000,0.0000,0.0000,0.0000,0.0000,0.0000,0.0000,0.0000,0.0000,0.0000,0.0000,0.0000,0.0000,0.0000,0.0000,0.0000,0.0000,0.0000,0.0000,0.0000,0.0000,0.0000,0.0000,0.0000,0.0000,0.0000,0.0000,0.0000,0.0000,0.0000,0.0000,0.0000,0.0000,0.0000,0.0000,0.0000,0.0000,0.0000,0.0000,0.0000,0.0000,0.0000,0.0000,0.0000,0.0000,0.0000,0.0000,0.0000,0.0000,0.0000,0.0000,0.0000,0.0000,0.0000,0.0000,0.0000,0.0000,0.0000,0.0000,0.0000,0.0000,0.0000,0.0000,0.0000,0.0000,0.0000,0.0000,0.0000,0.0000,0.0000,0.0000,0.0000,0.0000,0.0000,0.0000,0.0000,0.0000,0.0000,0.0000,0.0000,0.0000,0.0000,0.0000,0.0000,0.0000,0.0000,0.0000,0.0000,0.0000,0.0000
45109.0416667,0.0000,0.0000,0.0000,0.0000,0.0000,0.0000,0.0000,0.0000,0.0000,0.0000,0.0000,0.0000,0.0000,0.0000,0.0000,0.0000,0.0000,0.0000,0.0000,0.0000,0.0000,0.0000,0.0000,0.0000,0.0000,0.0000,0.0000,0.0000,0.0000,0.0000,0.0000,0.0000,0.0000,0.0000,0.0000,0.0000,0.0000,0.0000,0.0000,0.0000,0.0000,0.0000,0.0000,0.0000,0.0000,0.0000,0.0000,0.0000,0.0000,0.0000,0.0000,0.0000,0.0000,0.0000,0.0000,0.0000,0.0000,0.0000,0.0000,0.0000,0.0000,0.0000,0.0000,0.0000,0.0000,0.0000,0.0000,0.0000,0.0000,0.0000,0.0000,0.0000,0.0000,0.0000,0.0000,0.0000,0.0000,0.0000,0.0000,0.0000,0.0000,0.0000,0.0000,0.0000,0.0000,0.0000,0.0000,0.0000,0.0000,0.0000,0.0000,0.0000,0.0000,0.0000,0.0000,0.0000,0.0000,0.0000,0.0000,0.0000,0.0000,0.0000,0.0000,0.0000,0.0000,0.0000,0.0000,0.0000,0.0000,0.0000,0.0000,0.0000,0.0000,0.0000,0.0000,0.0000,0.0000,0.0000,0.0000,0.0000,0.0000,0.0000,0.0000,0.0000,0.0000,0.0000,0.0000,0.0000,0.0000,0.0000,0.0000,0.0000,0.0000,0.0000,0.0000,0.0000,0.0000,0.0000,0.0000,0.0000,0.0000,0.0000,0.0000,0.0000,0.0000,0.0000,0.0000,0.0000,0.0000,0.0000,0.0000,0.0000,0.0000,0.0000,0.0000,0.0000,0.0000,0.0000,0.0000,0.0000,0.0000,0.0000,0.0000,0.0000,0.0000,0.0000,0.0000,0.0000,0.0000,0.0000,0.0000,0.0000,0.0000,0.0000,0.0000,0.0000,0.0000,0.0000,0.0000,0.0000,0.0000,0.0000,0.0000,0.0000,0.0000,0.0000
45109.0833333,0.0000,0.0000,0.0000,0.0000,0.0000,0.0000,0.0000,0.0000,0.0000,0.0000,0.0000,0.0000,0.0000,0.0000,0.0000,0.0000,0.0000,0.0000,0.0000,0.0000,0.0000,0.0000,0.0000,0.0000,0.0000,0.0000,0.0000,0.0000,0.0000,0.0000,0.0000,0.0000,0.0000,0.0000,0.0000,0.0000,0.0000,0.0000,0.0000,0.0000,0.0000,0.0000,0.0000,0.0000,0.0000,0.0000,0.0000,0.0000,0.0000,0.0000,0.0000,0.0000,0.0000,0.0000,0.0000,0.0000,0.0000,0.0000,0.0000,0.0000,0.0000,0.0000,0.0000,0.0000,0.0000,0.0000,0.0000,0.0000,0.0000,0.0000,0.0000,0.0000,0.0000,0.0000,0.0000,0.0000,0.0000,0.0000,0.0000,0.0000,0.0000,0.0000,0.0000,0.0000,0.0000,0.0000,0.0000,0.0000,0.0000,0.0000,0.0000,0.0000,0.0000,0.0000,0.0000,0.0000,0.0000,0.0000,0.0000,0.0000,0.0000,0.0000,0.0000,0.0000,0.0000,0.0000,0.0000,0.0000,0.0000,0.0000,0.0000,0.0000,0.0000,0.0000,0.0000,0.0000,0.0000,0.0000,0.0000,0.0000,0.0000,0.0000,0.0000,0.0000,0.0000,0.0000,0.0000,0.0000,0.0000,0.0000,0.0000,0.0000,0.0000,0.0000,0.0000,0.0000,0.0000,0.0000,0.0000,0.0000,0.0000,0.0000,0.0000,0.0000,0.0000,0.0000,0.0000,0.0000,0.0000,0.0000,0.0000,0.0000,0.0000,0.0000,0.0000,0.0000,0.0000,0.0000,0.0000,0.0000,0.0000,0.0000,0.0000,0.0000,0.0000,0.0000,0.0000,0.0000,0.0000,0.0000,0.0000,0.0000,0.0000,0.0000,0.0000,0.0000,0.0000,0.0000,0.0000,0.0000,0.0000,0.0000,0.0000,0.0000,0.0000,0.0000
45109.1250000,0.0000,0.0000,0.0000,0.0000,0.0000,0.0000,0.0000,0.0000,0.0000,0.0000,0.0000,0.0000,0.0000,0.0000,0.0000,0.0000,0.0000,0.0000,0.0000,0.0000,0.0000,0.0000,0.0000,0.0000,0.0000,0.0000,0.0000,0.0000,0.0000,0.0000,0.0000,0.0000,0.0000,0.0000,0.0000,0.0000,0.0000,0.0000,0.0000,0.0000,0.0000,0.0000,0.0000,0.0000,0.0000,0.0000,0.0000,0.0000,0.0000,0.0000,0.0000,0.0000,0.0000,0.0000,0.0000,0.0000,0.0000,0.0000,0.0000,0.0000,0.0000,0.0000,0.0000,0.0000,0.0000,0.0000,0.0000,0.0000,0.0000,0.0000,0.0000,0.0000,0.0000,0.0000,0.0000,0.0000,0.0000,0.0000,0.0000,0.0000,0.0000,0.0000,0.0000,0.0000,0.0000,0.0000,0.0000,0.0000,0.0000,0.0000,0.0000,0.0000,0.0000,0.0000,0.0000,0.0000,0.0000,0.0000,0.0000,0.0000,0.0000,0.0000,0.0000,0.0000,0.0000,0.0000,0.0000,0.0000,0.0000,0.0000,0.0000,0.0000,0.0000,0.0000,0.0000,0.0000,0.0000,0.0000,0.0000,0.0000,0.0000,0.0000,0.0000,0.0000,0.0000,0.0000,0.0000,0.0000,0.0000,0.0000,0.0000,0.0000,0.0000,0.0000,0.0000,0.0000,0.0000,0.0000,0.0000,0.0000,0.0000,0.0000,0.0000,0.0000,0.0000,0.0000,0.0000,0.0000,0.0000,0.0000,0.0000,0.0000,0.0000,0.0000,0.0000,0.0000,0.0000,0.0000,0.0000,0.0000,0.0000,0.0000,0.0000,0.0000,0.0000,0.0000,0.0000,0.0000,0.0000,0.0000,0.0000,0.0000,0.0000,0.0000,0.0000,0.0000,0.0000,0.0000,0.0000,0.0000,0.0000,0.0000,0.0000,0.0000,0.0000,0.0000
45109.1666667,0.0000,0.0000,0.0000,0.0000,0.0000,0.0000,0.0000,0.0000,0.0000,0.0000,0.0000,0.0000,0.0000,0.0000,0.0000,0.0000,0.0000,0.0000,0.0000,0.0000,0.0000,0.0000,0.0000,0.0000,0.0000,0.0000,0.0000,0.0000,0.0000,0.0000,0.0000,0.0000,0.0000,0.0000,0.0000,0.0000,0.0000,0.0000,0.0000,0.0000,0.0000,0.0000,0.0000,0.0000,0.0000,0.0000,0.0000,0.0000,0.0000,0.0000,0.0000,0.0000,0.0000,0.0000,0.0000,0.0000,0.0000,0.0000,0.0000,0.0000,0.0000,0.0000,0.0000,0.0000,0.0000,0.0000,0.0000,0.0000,0.0000,0.0000,0.0000,0.0000,0.0000,0.0000,0.0000,0.0000,0.0000,0.0000,0.0000,0.0000,0.0000,0.0000,0.0000,0.0000,0.0000,0.0000,0.0000,0.0000,0.0000,0.0000,0.0000,0.0000,0.0000,0.0000,0.0000,0.0000,0.0000,0.0000,0.0000,0.0000,0.0000,0.0000,0.0000,0.0000,0.0000,0.0000,0.0000,0.0000,0.0000,0.0000,0.0000,0.0000,0.0000,0.0000,0.0000,0.0000,0.0000,0.0000,0.0000,0.0000,0.0000,0.0000,0.0000,0.0000,0.0000,0.0000,0.0000,0.0000,0.0000,0.0000,0.0000,0.0000,0.0000,0.0000,0.0000,0.0000,0.0000,0.0000,0.0000,0.0000,0.0000,0.0000,0.0000,0.0000,0.0000,0.0000,0.0000,0.0000,0.0000,0.0000,0.0000,0.0000,0.0000,0.0000,0.0000,0.0000,0.0000,0.0000,0.0000,0.0000,0.0000,0.0000,0.0000,0.0000,0.0000,0.0000,0.0000,0.0000,0.0000,0.0000,0.0000,0.0000,0.0000,0.0000,0.0000,0.0000,0.0000,0.0000,0.0000,0.0000,0.0000,0.0000,0.0000,0.0000,0.0000,0.0000
45109.2083333,0.0000,0.0000,0.0000,0.0000,0.0000,0.0000,0.0000,0.0000,0.0000,0.0000,0.0000,0.0000,0.0000,0.0000,0.0000,0.0000,0.0000,0.0000,0.0000,0.0000,0.0000,0.0000,0.0000,0.0000,0.0000,0.0000,0.0000,0.0000,0.0000,0.0000,0.0000,0.0000,0.0000,0.0000,0.0000,0.0000,0.0000,0.0000,0.0000,0.0000,0.0000,0.0000,0.0000,0.0000,0.0000,0.0000,0.0000,0.0000,0.0000,0.0000,0.0000,0.0000,0.0000,0.0000,0.0000,0.0000,0.0000,0.0000,0.0000,0.0000,0.0000,0.0000,0.0000,0.0000,0.0000,0.0000,0.0000,0.0000,0.0000,0.0000,0.0000,0.0000,0.0000,0.0000,0.0000,0.0000,0.0000,0.0000,0.0000,0.0000,0.0000,0.0000,0.0000,0.0000,0.0000,0.0000,0.0000,0.0000,0.0000,0.0000,0.0000,0.0000,0.0000,0.0000,0.0000,0.0000,0.0000,0.0000,0.0000,0.0000,0.0000,0.0000,0.0000,0.0000,0.0000,0.0000,0.0000,0.0000,0.0000,0.0000,0.0000,0.0000,0.0000,0.0000,0.0000,0.0000,0.0000,0.0000,0.0000,0.0000,0.0000,0.0000,0.0000,0.0000,0.0000,0.0000,0.0000,0.0000,0.0000,0.0000,0.0000,0.0000,0.0000,0.0000,0.0000,0.0000,0.0000,0.0000,0.0000,0.0000,0.0000,0.0000,0.0000,0.0000,0.0000,0.0000,0.0000,0.0000,0.0000,0.0000,0.0000,0.0000,0.0000,0.0000,0.0000,0.0000,0.0000,0.0000,0.0000,0.0000,0.0000,0.0000,0.0000,0.0000,0.0000,0.0000,0.0000,0.0000,0.0000,0.0000,0.0000,0.0000,0.0000,0.0000,0.0000,0.0000,0.0000,0.0000,0.0000,0.0000,0.0000,0.0000,0.0000,0.0000,0.0000,0.0000
45109.2500000,0.5389,1.1141,1.7115,1.8448,2.4714,2.4247,2.3894,1.1145,1.8300,2.2391,1.7306,1.8998,1.1995,1.7493,1.3171,1.2947,1.6654,1.5887,1.0968,0.8564,1.6503,0.7374,0.9775,1.2288,1.3251,2.1034,1.2696,0.5110,1.2907,0.5632,0.8244,0.6684,0.6464,1.2147,1.2121,1.1408,1.5778,1.4363,0.5921,2.1848,1.5765,2.0031,1.2615,1.7654,2.6867,1.5214,1.4183,1.8418,0.8351,1.4027,1.8337,1.6163,1.7605,2.0117,0.9229,0.7190,0.8989,1.0076,2.1678,2.1283,2.1380,1.8924,0.6702,0.6952,0.9619,0.8087,1.3660,1.0860,-0.6812,0.1520,1.1925,1.1405,0.8895,0.1991,1.6164,1.7185,1.4372,1.5632,1.0677,1.7251,3.4277,3.0616,2.5789,2.1333,1.4759,1.6407,1.9411,1.5832,1.8672,1.9147,1.9290,2.1608,2.4166,1.6799,1.1872,1.4415,1.8444,3.1140,2.0475,1.8571,1.6328,2.0323,1.5005,1.4050,1.7896,1.9179,1.7466,1.3004,0.5693,1.1488,0.6590,0.4791,1.4845,1.3979,1.6470,1.5348,1.1687,1.7841,1.5106,1.5482,0.2470,1.4047,0.8537,1.2564,1.0705,1.1634,1.4034,1.9722,1.5098,0.7409,0.9686,0.9236,0.9982,1.1086,1.4580,1.0149,1.1725,1.3238,1.0921,0.8795,0.5900,1.3117,1.0031,1.1416,1.4823,0.5308,0.7183,1.5058,1.0822,0.8682,0.8672,0.3958,0.4473,0.4684,0.7027,1.5102,1.5112,1.4776,1.4747,0.8591,2.1736,1.6720,1.5825,1.9960,2.2787,1.4871,1.8205,1.2714,0.9105,0.9111,0.3706,0.5384,0.7400,1.0341,0.9852,1.7012,1.3309,1.3556,1.2069,2.3824,2.1909,1.7883,1.5050,1.6918,1.5274,2.0165
45109.2916667,1.7663,3.6513,5.6097,6.0468,9.8636,8.0712,9.9243,4.2090,7.6983,9.2201,7.8321,7.7807,4.7926,7.1929,4.3177,4.2443,5.5550,6.2862,3.7113,2.8716,5.4199,2.4178,3.2051,4.5882,4.9920,7.1444,4.1984,1.6758,5.5545,2.2678,2.7134,2.2744,3.1865,4.8438,3.9757,3.7417,6.7232,5.0864,2.1641,8.9679,5.1715,6.6703,4.1385,5.7918,8.8147,6.1743,4.7365,6.0809,3.3628,4.8876,7.6620,6.7102,7.2291,8.1641,3.0284,3.6260,3.0644,5.3583,6.9869,8.7161,8.5063,7.6919,2.1991,2.2810,3.9419,2.6544,4.7878,4.1396,-3.5376,0.4207,4.7348,3.8757,4.0023,0.6415,5.3640,7.2899,4.7567,5.5496,3.6618,5.6638,11.9299,12.7110,10.7106,7.9761,4.8469,5.3882,6.3749,5.1993,6.1320,7.6994,8.3438,9.4686,8.0163,7.4102,5.1677,4.7533,6.1395,13.0197,6.7314,7.4274,5.5344,7.1129,6.2003,6.0378,7.7065,6.3421,5.9185,4.4307,2.0608,4.8320,2.4394,1.5882,5.6579,4.6091,6.7821,6.5752,4.7834,6.2529,6.7504,6.7245,0.8117,5.7155,2.9060,5.1222,3.5184,3.9882,5.5490,7.9294,5.9507,3.0891,4.2199,3.9066,4.3729,5.0097,5.0209,3.5112,3.9301,4.9338,4.4880,2.8909,1.9396,4.7577,3.5671,4.5402,4.9223,1.7451,2.3759,4.9506,4.4070,2.9334,2.8828,1.3013,1.5087,1.5977,2.4267,5.0284,6.4818,4.8581,6.3900,3.3919,9.2393,6.5462,5.7117,6.6181,8.7061,6.0255,6.0752,4.6638,3.3556,3.4815,1.2822,1.9089,2.4421,4.1540,3.8565,6.7749,4.4370,5.4597,4.8104,9.9076,8.7711,7.1418,5.0030,5.6209,5.0693,8.0624
45109.3333333,3.0482,6.3015,10.6198,10.4359,19.8820,21.4720,20.8659,8.1357,16.3716,19.2990,17.3664,16.2700,9.9624,15.0988,7.4522,11.4410,13.7934,13.0965,9.2539,5.1253,15.8976,6.5539,5.5322,8.8042,13.0669,12.7988,13.4473,2.8928,12.0466,4.6719,5.3903,6.5325,7.3695,9.8321,12.9198,6.6340,14.4417,9.3486,4.0613,18.7419,8.9278,17.5036,7.1446,9.9990,17.3030,12.8881,11.9594,10.7796,7.1024,8.8358,16.2272,14.1868,15.1589,17.2424,5.4343,8.4477,5.2415,12.9276,12.7070,18.1939,17.6997,16.0091,3.7967,3.9382,8.1136,4.5833,12.0569,10.3977,-8.0191,0.6678,9.9477,6.8701,8.7664,0.6041,13.6618,15.5944,12.5388,10.0661,6.5090,10.7466,22.6896,26.7580,22.4950,18.9571,8.3707,9.8638,11.9369,8.9792,10.5899,16.1654,18.3868,20.5672,18.6439,16.2138,11.2997,13.1125,15.9517,27.4017,17.9446,15.5416,9.9550,13.0427,13.0894,13.0603,16.6188,17.3352,10.5846,10.5625,3.9034,10.4232,4.9301,3.3220,11.0992,12.1068,14.2611,14.1735,9.9719,11.5725,14.9011,14.6071,1.4014,11.9735,5.5172,10.7650,6.6885,7.1478,11.5750,16.6356,12.3658,6.6869,9.2787,8.4615,9.6450,11.2926,8.5986,6.3312,6.7998,11.8634,9.5119,6.0738,3.6868,8.9270,6.0075,9.4169,8.5343,3.0148,6.9754,8.6178,7.8508,5.5419,4.9624,2.2599,2.7169,2.9061,4.3508,14.7852,14.1181,10.0428,13.8735,7.0680,19.7177,13.4143,12.4739,11.5311,16.9616,12.3148,10.7633,12.3235,7.9062,7.1680,2.4378,3.7879,4.5272,8.7264,8.0600,14.1502,7.8063,11.3662,9.9765,20.8419,18.3159,14.9330,8.6099,9.7985,8.7333,16.8399
45109.3750000,4.2254,8.7357,20.5827,20.6342,62.2666,50.9919,49.1070,15.4178,39.4515,45.0894,44.8401,38.0318,23.2480,35.5846,11.0899,27.7187,32.1924,30.5123,21.9471,8.9196,40.1920,14.7835,7.7037,16.4365,33.7165,28.2595,36.0329,4.0134,30.1748,10.3581,10.1855,15.7785,19.9805,31.6516,34.7808,30.1839,35.4793,14.8546,7.0675,43.6775,21.4209,41.4112,9.9158,15.1180,58.8373,30.1432,28.4606,15.4588,17.2241,13.6079,38.8229,33.9063,35.6557,41.0104,25.7451,23.0833,8.7012,37.7980,47.1043,42.3228,40.9445,37.1044,7.9435,5.4670,17.7904,6.3650,29.6618,26.6919,-20.6002,0.7411,23.6743,10.4146,21.7123,0.7421,30.6333,37.9945,29.9864,47.5428,10.8076,18.7315,73.3293,62.9578,52.7939,45.2698,11.6327,14.6659,18.2913,12.4779,14.7161,38.0739,46.9751,51.2537,34.7134,41.0149,28.7235,32.1966,37.5700,64.4329,42.5062,36.3983,21.9226,41.9805,31.2437,32.5232,41.0178,41.9838,22.9257,22.7172,7.1142,25.9483,11.1757,7.4255,22.1324,28.8435,33.7476,35.0415,22.9367,37.4603,38.2822,36.5661,2.1122,28.2316,10.6179,25.5878,10.3576,15.1070,27.0960,39.1105,28.7037,16.9468,23.8998,21.3156,24.9448,30.1075,22.2597,8.6181,10.8182,29.0694,23.0188,10.6706,5.4807,19.5903,25.6413,21.9153,16.3135,4.2698,18.4225,40.6377,33.7760,8.7349,24.1976,3.3384,3.8260,10.8281,6.8011,37.8287,35.5200,13.1170,34.7288,16.7318,47.6942,41.0290,38.4061,18.1105,32.9069,26.5311,19.7902,31.5556,19.3132,16.5844,4.6938,8.4025,6.6949,20.8326,19.1051,33.0775,12.1519,26.5193,23.1804,49.0994,42.6336,34.9476,32.8391,15.5293,13.6650,39.2605
45109.4166667,4.1774,8.6369,60.9822,35.8019,96.4172,76.9452,73.8553,14.6857,60.2884,67.7167,70.3233,57.3830,35.6763,53.9969,48.4934,42.9387,48.7851,46.2859,34.0160,14.4452,62.6611,17.8190,39.6570,18.8383,53.2639,69.1187,57.6547,33.4109,47.2644,14.1340,43.9312,21.8865,30.5647,50.3071,55.8054,48.1785,54.8379,24.0100,9.2425,65.5681,61.6347,62.6824,9.8126,14.4074,89.1194,45.8248,43.6976,20.2607,27.3017,16.3583,59.1618,51.8495,54.0504,62.2401,41.7065,35.2491,11.7172,62.3202,72.0513,63.5293,61.3526,55.7993,7.9168,8.8830,30.2334,27.6788,46.1365,42.4149,-29.8919,1.1761,36.6195,10.7174,31.5212,2.2308,43.0349,58.3999,46.0534,76.0665,16.1273,45.0333,110.0685,94.2160,79.1727,68.6597,11.5234,16.0787,16.2579,16.2230,72.7000,57.6399,73.2796,78.9830,80.5753,63.9250,45.3398,49.8995,56.8976,96.3572,64.3294,55.0304,51.3915,63.5017,47.8746,50.6910,63.2707,64.1929,54.1342,30.6071,10.9793,40.7631,17.7524,12.2591,26.9018,44.2826,51.3819,54.3250,30.8444,57.0658,60.1519,56.9172,4.9820,43.1749,36.3421,39.4244,10.4105,44.5648,41.3671,59.1142,43.5564,27.3756,38.1961,33.9359,39.8602,48.3462,60.9273,12.4102,13.8910,45.1675,35.9082,30.5257,5.8932,49.2320,41.0725,33.6746,47.9336,8.9411,30.0988,64.3112,54.8303,12.4716,39.3296,3.9484,4.6065,16.1740,9.1674,59.3591,55.4502,16.3119,54.1369,26.2876,72.6635,64.3436,59.9378,22.6216,40.4932,34.8283,32.8981,49.7981,30.5072,25.8050,6.3699,13.6111,8.4864,32.4572,29.8055,50.1103,15.3257,40.4582,35.4990,73.8700,63.9967,52.8807,50.6407,19.7174,17.0815,59.1039
45109.4583333,4.8015,12.9163,71.9123,94.4508,112.5445,90.2256,86.6832,19.3790,71.1197,79.6438,26.3166,67.7914,42.8951,63.9067,57.5883,51.2212,57.9302,55.0639,40.9895,20.2490,73.8347,15.0621,47.4519,19.8117,63.0559,81.2467,68.0873,15.0363,56.1783,10.5543,52.3470,23.7374,32.6986,29.8863,65.9662,57.2225,64.8655,62.4560,12.8884,77.1783,72.6560,73.8665,12.2789,19.0269,104.1843,54.5326,52.0914,37.6617,33.2856,15.2537,69.8268,61.4404,63.9663,73.3580,14.1784,16.1913,15.8943,43.8939,84.6072,74.8394,72.3435,65.9737,11.9099,10.5875,11.8240,20.2434,54.8849,50.6137,-32.3071,3.3231,43.9722,19.8615,16.9734,4.5328,24.6987,68.9502,54.7916,89.1982,21.6178,30.4970,128.2122,110.0325,92.7788,80.7188,16.4833,19.8339,84.8557,50.6613,85.3450,68.0810,86.0094,92.5532,94.3824,75.2822,53.9679,59.1995,67.2293,112.4877,75.7523,65.0878,60.9131,74.8031,56.8789,60.1058,74.5340,75.5934,64.0592,63.8068,20.8808,48.7198,22.3321,16.0313,61.5074,52.7589,60.9018,64.2737,17.6446,67.4200,70.9532,67.2455,7.6837,51.4884,43.6459,47.1863,71.7971,53.0777,49.4153,69.7703,51.9268,33.3644,45.7731,23.4705,12.1155,17.4149,35.2878,48.5880,52.7144,53.7710,43.1519,36.9778,39.1930,58.4306,49.0710,40.5919,56.9446,28.7565,36.4856,75.7212,19.4358,16.8130,14.7461,18.9872,17.1407,9.3477,13.4426,70.0439,65.5621,78.2885,64.0561,32.1181,85.3072,75.7600,70.7084,47.4818,59.3695,86.2098,76.6218,59.0785,36.9563,31.5651,15.8793,17.5795,30.8237,39.1937,36.1527,59.4424,19.6068,48.3717,42.6839,86.6935,75.3702,62.6198,60.0480,74.5710,66.4935,69.7577
45109.5000000,3.9867,23.4746,89.3301,118.5608,139.7463,110.4257,105.8950,22.9086,87.7614,97.2422,103.4099,83.0516,53.1908,78.5733,72.1125,63.7877,71.2029,67.7367,51.1236,51.2232,92.1420,18.7284,60.1935,22.8923,79.3104,99.9575,86.2107,8.5710,70.3626,12.9069,67.3425,16.7966,18.4379,75.3080,83.6572,72.4026,80.5941,78.0282,30.6735,94.2191,90.9067,90.6332,20.6538,20.1538,127.7404,67.1704,64.5426,89.2840,42.0766,22.5841,86.0328,75.8925,78.6005,90.1513,16.2817,20.5252,19.0523,46.4904,104.3989,91.3703,88.2430,80.6775,9.4808,7.8598,16.4936,38.0593,68.4839,63.9198,-38.0441,5.3949,54.7605,83.9997,20.9858,6.8292,27.9042,85.3788,67.8825,112.8537,26.6433,36.2281,156.2715,133.9208,113.1222,99.1248,16.3746,28.3136,105.4449,39.4428,106.4181,83.5698,107.3208,114.6633,116.1433,93.9271,67.8924,73.6949,82.5462,136.8440,92.9297,79.8494,75.1205,91.7423,70.3644,75.0549,92.4537,93.2905,78.7819,80.4132,23.1952,61.1589,28.3549,20.8091,76.5591,65.3637,75.0417,79.9983,19.9509,83.0631,88.9443,83.8719,10.7845,63.6570,55.7050,58.6120,92.0015,66.8400,61.0477,85.5544,63.9101,42.5927,58.0104,51.7442,17.8050,21.3107,90.3516,61.5384,66.2978,67.0616,53.9969,46.7635,50.9716,73.2486,62.2451,50.3900,70.5338,37.4206,46.8230,95.2759,23.1705,20.5342,60.1755,25.0868,22.4158,11.6383,16.4192,87.7427,81.9134,98.7985,79.9746,40.4225,105.0164,94.8483,88.3044,101.1057,128.9612,109.2961,95.1178,74.2846,46.6010,39.5264,21.0876,22.5945,39.2363,49.0389,45.2907,73.0399,21.8844,59.7419,52.8703,105.9300,92.0169,76.8723,74.5362,92.9333,82.9678,85.3377
45109.5416667,15.9257,114.3746,94.3659,125.2796,147.3524,116.2891,111.5068,24.5030,92.6280,102.4253,109.2846,87.5898,56.3636,82.9352,76.3551,67.5412,75.1959,71.5668,54.2362,54.4942,97.3861,19.8231,63.9286,23.5262,83.9830,105.3895,26.5010,9.2077,74.5158,14.0896,19.9162,10.6407,19.6218,79.8078,88.6634,76.7733,85.1855,82.5534,17.7801,99.2534,96.1223,95.5644,28.2457,109.4431,134.4855,70.9855,68.2848,94.2678,44.8057,26.8320,90.7921,80.1752,82.9564,95.0805,67.5099,21.2209,20.4756,25.8513,110.0986,96.2673,92.9758,85.0761,21.0709,15.7238,18.4862,84.7633,72.4994,67.8147,-39.2074,6.3290,58.0483,89.0736,85.4700,7.8262,52.3003,90.1707,71.7932,34.4960,28.6484,37.9498,164.2757,140.8169,119.0506,104.4869,118.3516,98.3015,111.3103,108.5462,112.3890,88.1579,113.3497,120.9481,122.3830,99.2603,71.9608,77.9541,87.0872,143.8701,97.9708,84.2466,79.3454,96.7214,74.3849,79.4193,97.6285,98.4351,83.1566,85.1678,42.3333,64.8501,30.3637,22.4747,80.9644,69.1461,79.2526,84.5799,70.6341,87.6729,94.0826,88.6795,11.9895,67.3324,59.2464,62.0748,27.2132,70.8626,64.5843,90.2263,67.5540,45.4112,18.5195,55.0013,18.9475,22.7869,95.6083,65.3316,21.6871,70.9979,57.2839,49.7469,54.3925,77.5623,66.0907,53.4274,74.5760,40.0585,49.9117,100.8005,24.8999,82.5710,63.9785,27.0633,24.1980,12.6174,65.1052,92.8085,86.6409,104.5542,84.5925,43.0350,110.7089,100.2784,93.3586,106.6741,136.0376,115.6893,100.4395,78.6865,49.5553,42.0611,22.8382,24.3299,41.8523,52.0658,48.1302,77.1193,71.7942,63.2101,56.0164,111.5459,96.9441,81.1303,78.8056,98.1985,87.7336,89.9677
45109.5833333,87.8966,111.0155,91.6711,121.7605,143.3465,113.1282,108.4705,23.6702,90.0037,99.6100,106.1833,85.1174,54.6156,80.5620,74.0800,65.5041,73.0121,69.4686,52.5269,52.7313,94.5966,18.9077,61.9302,81.4803,81.4997,102.4668,16.6062,4.6454,72.2863,13.4415,19.0475,15.1494,18.6943,22.8498,86.0299,19.1563,82.7177,80.1308,16.8504,96.5150,93.3535,92.8928,27.0809,106.3442,130.8747,68.8975,66.2448,91.5909,43.3060,90.0595,88.2193,77.8527,80.5851,92.4139,15.6766,20.2191,18.8271,23.7540,107.0468,93.6004,90.3919,82.6718,19.5985,15.9033,17.7106,16.6428,70.3329,65.7296,-38.6870,5.7585,56.2480,86.4144,82.8623,7.2218,94.1052,87.5931,69.6670,32.3930,27.3768,148.6722,159.9880,137.1001,115.8439,101.5953,114.9518,95.4852,108.1939,105.4369,109.2286,85.6645,110.1619,117.6087,119.0453,96.4252,69.7821,75.6595,84.6188,140.0837,95.2420,81.8505,77.0494,94.0240,72.1999,77.0773,94.8595,95.6686,80.7776,82.6474,40.8510,62.8579,29.2281,21.5216,78.5953,67.0855,76.9620,39.3404,68.4884,85.1770,91.3574,26.6444,11.2805,65.3230,57.3533,60.1817,94.6955,68.7087,62.6447,87.6873,65.5529,13.3755,59.6823,16.3990,17.6720,13.7127,92.8310,63.3020,68.1436,68.8708,55.4911,48.1206,52.5823,75.2536,64.0373,51.7504,72.3823,38.6316,10.7427,97.8895,23.7855,80.0384,61.9580,25.9681,23.1917,12.0260,63.0219,90.1184,84.1162,101.5343,82.1218,41.5895,107.6541,97.4027,90.6673,103.6960,132.3055,112.3622,97.5976,76.3391,47.9402,40.6497,21.8545,23.3377,40.4164,50.4045,46.5652,74.8908,69.6482,61.3052,54.2808,108.5085,94.2617,78.8076,76.5001,95.3951,85.1866,87.4447
45109.6250000,78.1890,99.4060,82.3783,109.5787,129.4493,102.1912,97.9709,20.3286,80.9559,89.8864,95.4668,76.6004,48.6470,72.3947,66.2635,58.5216,65.5101,62.2675,46.6956,46.7163,84.9732,15.8570,55.0881,72.8717,72.9542,92.3695,15.1495,3.6746,31.0704,8.4700,16.4004,9.1130,15.6600,17.6345,31.9913,16.6388,74.2220,71.7959,14.1945,87.0620,83.8037,83.6764,50.2877,95.6352,118.3578,61.7329,59.2506,82.3593,38.2130,39.5068,79.3518,69.8653,72.4243,83.2159,13.5446,11.0417,16.0293,18.1186,96.4970,84.3987,81.4811,74.3933,16.3614,13.3137,17.5069,16.4106,19.4764,58.5821,-36.6809,3.9306,50.0970,19.0423,15.9090,5.2745,84.5082,78.7102,62.3701,27.9360,23.1953,133.7419,145.0884,124.2064,104.7442,91.6060,103.1938,85.7680,97.4207,94.6946,98.3028,77.0745,99.1400,106.0513,107.4903,86.6414,17.8178,67.7723,76.1167,126.9447,85.8248,73.6018,69.1542,84.7170,64.6958,31.8392,85.3054,86.1213,72.5901,73.9722,35.8229,56.0348,25.4130,18.3485,70.4466,60.0190,69.0855,30.1180,61.1275,76.5793,23.6837,23.3197,8.9657,58.4354,50.8822,53.7041,84.6698,61.3192,56.0021,78.9362,58.6930,11.5789,26.6539,14.1347,10.0766,17.1285,83.2533,56.3502,60.8197,61.5726,49.3672,42.5830,24.5904,20.2475,16.4823,46.0312,64.8482,33.7982,9.3367,87.8427,20.3786,18.0935,15.3053,22.2988,19.8327,22.0117,14.4035,80.8452,75.4224,91.1069,73.6175,36.6859,97.0931,38.0889,81.3887,93.4061,119.3705,100.8588,87.7879,30.4128,42.4415,35.8647,18.5756,20.0263,35.5480,44.7421,13.3691,67.2313,62.2832,54.7843,48.3554,98.0047,85.0054,70.8173,68.5740,85.7222,76.4143,78.7491
45109.6666667,3.8140,18.5663,67.8039,90.2857,107.3411,84.9156,81.4098,12.5925,66.7783,74.5957,22.0776,63.2873,39.5106,59.6561,54.1081,47.7280,53.8604,51.1107,37.7858,37.5127,32.5365,22.3035,44.5316,59.4259,10.7769,76.4721,23.8031,3.6266,31.7328,6.0028,32.1356,7.5511,8.1972,22.1858,28.6003,19.8572,60.9517,58.7915,10.4289,72.2139,68.8130,69.2192,72.0424,78.7480,98.4970,50.6363,48.4353,67.8826,30.5143,66.0735,65.4681,57.4233,59.6960,68.7897,21.0536,11.1608,12.8069,14.8561,79.8611,69.9622,67.5204,61.4695,20.1996,17.4984,57.3127,19.5523,51.3607,47.5243,-32.7560,1.5773,23.6599,62.9142,12.1201,2.7254,69.4394,64.8044,51.0593,20.9559,39.7017,109.9669,121.3204,103.7215,87.1986,75.8840,84.6020,70.5025,80.4243,77.7575,81.0592,63.6426,23.5204,87.7694,89.2068,71.2662,14.2019,55.4982,62.8287,106.0577,71.0384,60.7282,56.8619,70.1107,53.0451,56.4824,70.3021,71.1258,59.8180,60.4156,28.2367,45.5048,19.8036,13.7913,33.2517,49.0851,56.8234,21.7315,49.7190,63.1368,18.8371,18.7349,5.8150,47.7932,11.0788,43.7345,15.8250,49.8643,45.7603,65.2398,48.0940,14.4314,15.7745,38.0174,16.3179,19.2042,68.2198,45.6130,49.4715,50.2625,39.9791,34.1571,8.8149,54.9717,24.6950,37.3021,53.1488,26.5302,15.4741,72.0426,14.9620,13.6435,11.7972,7.8882,14.9727,13.2008,44.8585,18.0892,61.8307,37.1351,60.3352,29.2949,80.4366,71.8744,66.8401,77.1968,98.8376,21.0076,72.3667,20.7220,34.0783,28.6662,4.3308,15.2417,28.2176,36.1086,33.1608,55.3227,50.8636,44.7416,39.2882,81.4364,70.4789,58.3665,56.2344,70.5274,62.6934,65.1420
45109.7083333,3.8895,15.6853,48.5153,14.3290,21.4353,61.8468,59.3832,10.8186,30.8732,54.3978,16.7478,45.9073,28.0863,43.0804,38.2720,33.8903,38.8541,36.8096,26.6665,8.0780,15.6894,19.2966,30.9555,41.6656,9.5886,55.3434,21.1270,3.6964,21.1854,6.3109,8.7588,7.9462,8.3547,12.2864,16.2069,10.3318,23.2279,41.7376,11.6859,52.6518,48.8739,50.1825,50.3010,56.0690,71.6938,36.4138,34.5894,48.7583,13.0002,46.5950,47.2287,41.2466,43.1372,49.7864,8.6882,11.8033,13.0413,10.1596,34.9182,50.9898,49.2376,44.6590,11.3407,15.5539,23.1873,10.7873,36.4386,20.5953,-25.4729,-0.1495,23.0220,43.8100,8.1944,0.7208,49.3957,46.5004,36.4979,17.0607,31.7314,77.1391,88.9687,76.0960,63.7728,55.0201,59.3348,50.1756,57.6321,54.9549,57.8830,46.0765,17.9693,63.1456,64.6388,50.7887,11.0679,39.5193,45.4678,77.8601,51.5275,43.9684,40.9085,50.8607,37.9997,24.6606,15.9369,51.2718,43.1894,42.5107,18.9184,32.0100,13.4193,8.9063,26.3724,35.0663,40.9179,19.5780,25.7199,45.5315,14.2877,13.8921,2.9358,34.2049,8.2758,31.0959,24.7244,35.0132,32.7529,47.2988,34.5893,7.2849,10.4353,26.4112,13.8557,12.0126,48.1842,31.7783,34.7810,35.6673,28.1510,23.6872,8.1810,12.9549,10.1911,26.4573,38.0255,3.8708,5.3148,50.8919,12.6316,7.2255,8.6655,6.2577,9.6321,6.0849,30.5109,14.1730,14.0254,13.8668,18.8643,20.3418,58.2074,21.8105,29.8643,55.5769,70.9326,14.3143,51.8567,21.9846,23.7082,20.0064,5.2362,10.0365,19.3209,16.6382,23.2225,39.9406,36.1108,32.0215,27.9631,59.3935,51.3743,42.2096,40.1752,50.3178,44.6077,47.3438
45109.7500000,3.6307,9.2989,27.3972,12.4317,17.2723,35.9753,34.7189,9.1293,18.1539,31.9082,17.5613,26.8377,16.2341,25.0212,21.3301,19.2340,22.6566,12.6719,9.4489,6.4453,14.0946,8.7057,6.5922,22.5931,8.9380,31.8820,8.5661,3.4479,14.3640,5.0014,7.7352,6.3007,6.4146,10.5853,13.1102,9.1945,12.3849,23.3346,5.5545,30.9182,27.1021,29.1619,26.6836,31.0624,41.4088,21.1728,19.8643,27.7754,7.9762,25.4582,27.2227,23.7239,25.0876,28.8312,6.4141,8.3871,6.9977,9.4607,27.0341,29.9615,29.0182,26.2388,8.7656,4.6961,16.2330,5.4669,20.5260,14.0347,-14.8635,-0.3189,14.2586,23.2691,6.8520,0.2112,27.4789,26.4942,20.9247,13.8266,18.7112,40.6293,51.9009,44.6470,37.3925,31.8375,31.5751,27.9210,32.3832,29.9254,32.2457,26.8110,15.5789,35.6740,37.0926,28.3376,8.3569,10.9467,26.4503,45.7125,29.9363,25.6535,13.5924,29.5758,11.7809,17.5128,15.5863,29.3748,25.0665,23.2268,9.8602,17.8394,7.6352,4.9415,17.3593,20.1328,23.6803,14.6721,15.7012,26.2743,10.8114,11.5637,1.3983,10.3546,6.1234,17.8209,15.4904,10.1397,18.9832,27.5690,20.1871,5.7296,8.6902,7.2451,8.1246,10.2459,26.3783,17.3025,19.2300,20.1310,15.9025,13.1191,5.9863,10.6148,7.3053,15.2929,21.7823,3.6014,5.1085,27.7887,9.9576,7.6512,6.3390,3.1407,5.1684,3.6205,9.3765,10.6793,10.7139,12.2807,10.3610,11.5088,33.4454,17.5348,16.7460,31.6227,39.6586,11.1057,29.2818,12.0029,8.0314,11.4820,3.4266,5.6671,10.6295,9.8082,8.5807,23.2852,20.3856,18.5882,16.2102,34.7072,30.1822,24.6193,22.8533,28.1619,24.9703,27.7452
45109.7916667,2.4913,6.1954,8.0537,8.5297,11.4429,17.5500,17.0455,5.7602,10.4575,15.7487,10.0766,13.2480,5.9751,12.2835,10.0242,9.2694,11.2028,7.2666,5.8257,4.2011,8.7130,3.4112,4.5222,5.6851,6.1310,15.4192,5.8755,2.3649,7.8576,2.6068,4.5927,3.7590,3.7405,6.4815,5.6107,5.2806,8.1670,10.9779,3.0510,15.2887,7.2990,14.2718,11.6840,14.3440,19.9903,10.4569,9.6943,13.3008,3.9158,11.6089,13.2215,9.4912,12.3337,14.0582,4.2751,4.5925,4.1641,4.6671,13.9907,14.8361,14.4262,13.0312,3.1043,3.2200,7.6386,3.7479,9.7834,7.1915,-6.8214,0.0418,5.4417,10.2477,4.1227,0.3088,12.7920,7.9655,6.9771,8.4568,8.8259,7.9983,25.2592,21.9139,18.3922,15.4771,6.8463,12.9976,15.2031,7.3439,14.9814,10.8938,9.7395,16.8251,17.8069,7.7936,5.6567,6.6914,12.9902,22.4459,14.6383,12.6500,7.8129,14.4808,7.0207,9.1396,9.5479,14.1425,12.2953,10.6200,4.4147,8.4361,3.8845,2.5567,9.3034,9.8179,11.5958,8.6035,7.9348,10.1255,7.1411,7.6020,1.1386,6.5398,4.2853,8.7093,4.9779,6.5825,9.3751,8.9404,10.0262,3.6883,5.2342,4.7095,5.2690,6.0729,12.0478,7.9580,8.9805,9.6239,7.6777,4.3134,2.7414,6.7219,4.7527,7.5922,10.5684,2.4666,3.3376,6.9977,5.0688,4.6854,4.3920,1.9271,2.5578,2.3794,4.9504,7.1210,7.2283,7.7120,7.1026,5.6552,16.1121,8.2615,9.4120,15.0784,18.4344,7.2936,10.6449,7.0861,4.9403,5.7349,1.9273,2.9414,5.0772,5.6984,4.6410,11.5019,9.7440,9.2026,8.0542,17.0307,14.9403,12.1487,10.9827,13.2003,11.7431,13.7223
45109.8333333,1.0176,2.1036,3.2318,3.4835,4.6670,4.5967,4.9287,2.2222,3.7930,4.6021,3.3070,3.5912,2.2709,3.5918,2.4873,2.5026,3.0737,3.1678,2.0715,1.6115,3.1168,1.3928,1.8463,2.3209,2.5029,4.3674,2.3983,0.9653,2.6985,1.0640,1.5573,1.3119,1.2211,2.5863,2.2899,2.1552,2.9809,2.7135,1.2445,4.4844,2.9786,3.7847,2.3976,3.3449,5.6027,3.1070,2.8391,3.7269,1.5779,2.6528,3.4651,3.0544,3.3269,3.7032,1.7441,1.3587,1.6988,1.9041,4.3946,4.3649,4.2737,3.8686,1.2665,1.3137,1.8178,1.5286,2.7583,2.1419,-1.2884,0.3049,2.2037,2.1504,1.6814,0.3226,3.0555,3.2484,2.9557,2.9550,2.1141,3.2613,7.1343,6.2921,5.3215,4.4191,2.7907,3.4740,4.0996,2.9936,3.5306,3.5441,3.6809,4.0858,4.9610,3.1767,2.2614,2.7259,3.4879,6.4453,4.2260,3.4317,3.1283,4.1904,3.0872,2.9372,3.7463,3.9883,3.5897,2.4596,1.0767,2.2801,1.2468,0.9196,3.0928,2.6441,3.1162,2.9032,2.2108,3.6836,2.8898,2.9712,0.4672,2.6555,1.6150,2.5701,2.1257,2.4354,2.5976,3.6619,2.7956,1.5266,1.9262,1.9160,1.9760,2.3438,2.7913,1.9462,2.2185,2.7286,2.0664,1.6641,1.1165,2.5066,1.9047,2.1667,2.8037,1.0045,1.3592,2.8495,2.0478,1.6409,1.6443,0.7490,0.8465,0.8861,1.3298,2.8580,2.8141,2.7963,2.7909,1.6252,4.1135,3.0552,2.9944,3.7758,4.8547,3.2585,3.8031,2.4472,1.8617,1.7965,0.7018,1.0398,1.4362,2.0948,1.8937,3.4029,2.7601,2.7604,2.4466,4.9196,4.3914,3.3073,2.8484,3.5688,2.8910,3.7743
45109.8750000,0.0000,0.0000,0.0000,0.0000,0.0000,0.0000,0.0000,0.0000,0.0000,0.0000,0.0000,0.0000,0.0000,0.0000,0.0000,0.0000,0.0000,0.0000,0.0000,0.0000,0.0000,0.0000,0.0000,0.0000,0.0000,0.0000,0.0000,0.0000,0.0000,0.0000,0.0000,0.0000,0.0000,0.0000,0.0000,0.0000,0.0000,0.0000,0.0000,0.0000,0.0000,0.0000,0.0000,0.0000,0.0000,0.0000,0.0000,0.0000,0.0000,0.0000,0.0000,0.0000,0.0000,0.0000,0.0000,0.0000,0.0000,0.0000,0.0000,0.0000,0.0000,0.0000,0.0000,0.0000,0.0000,0.0000,0.0000,0.0000,0.0000,0.0000,0.0000,0.0000,0.0000,0.0000,0.0000,0.0000,0.0000,0.0000,0.0000,0.0000,0.0000,0.0000,0.0000,0.0000,0.0000,0.0000,0.0000,0.0000,0.0000,0.0000,0.0000,0.0000,0.0000,0.0000,0.0000,0.0000,0.0000,0.0000,0.0000,0.0000,0.0000,0.0000,0.0000,0.0000,0.0000,0.0000,0.0000,0.0000,0.0000,0.0000,0.0000,0.0000,0.0000,0.0000,0.0000,0.0000,0.0000,0.0000,0.0000,0.0000,0.0000,0.0000,0.0000,0.0000,0.0000,0.0000,0.0000,0.0000,0.0000,0.0000,0.0000,0.0000,0.0000,0.0000,0.0000,0.0000,0.0000,0.0000,0.0000,0.0000,0.0000,0.0000,0.0000,0.0000,0.0000,0.0000,0.0000,0.0000,0.0000,0.0000,0.0000,0.0000,0.0000,0.0000,0.0000,0.0000,0.0000,0.0000,0.0000,0.0000,0.0000,0.0000,0.0000,0.0000,0.0000,0.0000,0.0000,0.0000,0.0000,0.0000,0.0000,0.0000,0.0000,0.0000,0.0000,0.0000,0.0000,0.0000,0.0000,0.0000,0.0000,0.0000,0.0000,0.0000,0.0000,0.0000
45109.9166667,0.0000,0.0000,0.0000,0.0000,0.0000,0.0000,0.0000,0.0000,0.0000,0.0000,0.0000,0.0000,0.0000,0.0000,0.0000,0.0000,0.0000,0.0000,0.0000,0.0000,0.0000,0.0000,0.0000,0.0000,0.0000,0.0000,0.0000,0.0000,0.0000,0.0000,0.0000,0.0000,0.0000,0.0000,0.0000,0.0000,0.0000,0.0000,0.0000,0.0000,0.0000,0.0000,0.0000,0.0000,0.0000,0.0000,0.0000,0.0000,0.0000,0.0000,0.0000,0.0000,0.0000,0.0000,0.0000,0.0000,0.0000,0.0000,0.0000,0.0000,0.0000,0.0000,0.0000,0.0000,0.0000,0.0000,0.0000,0.0000,0.0000,0.0000,0.0000,0.0000,0.0000,0.0000,0.0000,0.0000,0.0000,0.0000,0.0000,0.0000,0.0000,0.0000,0.0000,0.0000,0.0000,0.0000,0.0000,0.0000,0.0000,0.0000,0.0000,0.0000,0.0000,0.0000,0.0000,0.0000,0.0000,0.0000,0.0000,0.0000,0.0000,0.0000,0.0000,0.0000,0.0000,0.0000,0.0000,0.0000,0.0000,0.0000,0.0000,0.0000,0.0000,0.0000,0.0000,0.0000,0.0000,0.0000,0.0000,0.0000,0.0000,0.0000,0.0000,0.0000,0.0000,0.0000,0.0000,0.0000,0.0000,0.0000,0.0000,0.0000,0.0000,0.0000,0.0000,0.0000,0.0000,0.0000,0.0000,0.0000,0.0000,0.0000,0.0000,0.0000,0.0000,0.0000,0.0000,0.0000,0.0000,0.0000,0.0000,0.0000,0.0000,0.0000,0.0000,0.0000,0.0000,0.0000,0.0000,0.0000,0.0000,0.0000,0.0000,0.0000,0.0000,0.0000,0.0000,0.0000,0.0000,0.0000,0.0000,0.0000,0.0000,0.0000,0.0000,0.0000,0.0000,0.0000,0.0000,0.0000,0.0000,0.0000,0.0000,0.0000,0.0000,0.0000
45109.9583333,0.0000,0.0000,0.0000,0.0000,0.0000,0.0000,0.0000,0.0000,0.0000,0.0000,0.0000,0.0000,0.0000,0.0000,0.0000,0.0000,0.0000,0.0000,0.0000,0.0000,0.0000,0.0000,0.0000,0.0000,0.0000,0.0000,0.0000,0.0000,0.0000,0.0000,0.0000,0.0000,0.0000,0.0000,0.0000,0.0000,0.0000,0.0000,0.0000,0.0000,0.0000,0.0000,0.0000,0.0000,0.0000,0.0000,0.0000,0.0000,0.0000,0.0000,0.0000,0.0000,0.0000,0.0000,0.0000,0.0000,0.0000,0.0000,0.0000,0.0000,0.0000,0.0000,0.0000,0.0000,0.0000,0.0000,0.0000,0.0000,0.0000,0.0000,0.0000,0.0000,0.0000,0.0000,0.0000,0.0000,0.0000,0.0000,0.0000,0.0000,0.0000,0.0000,0.0000,0.0000,0.0000,0.0000,0.0000,0.0000,0.0000,0.0000,0.0000,0.0000,0.0000,0.0000,0.0000,0.0000,0.0000,0.0000,0.0000,0.0000,0.0000,0.0000,0.0000,0.0000,0.0000,0.0000,0.0000,0.0000,0.0000,0.0000,0.0000,0.0000,0.0000,0.0000,0.0000,0.0000,0.0000,0.0000,0.0000,0.0000,0.0000,0.0000,0.0000,0.0000,0.0000,0.0000,0.0000,0.0000,0.0000,0.0000,0.0000,0.0000,0.0000,0.0000,0.0000,0.0000,0.0000,0.0000,0.0000,0.0000,0.0000,0.0000,0.0000,0.0000,0.0000,0.0000,0.0000,0.0000,0.0000,0.0000,0.0000,0.0000,0.0000,0.0000,0.0000,0.0000,0.0000,0.0000,0.0000,0.0000,0.0000,0.0000,0.0000,0.0000,0.0000,0.0000,0.0000,0.0000,0.0000,0.0000,0.0000,0.0000,0.0000,0.0000,0.0000,0.0000,0.0000,0.0000,0.0000,0.0000,0.0000,0.0000,0.0000,0.0000,0.0000,0.0000
