File Created:,Mon Jul 29 15:18:43 2024
Heat Source Version:,9.0.0b26
Simulation Name:,WFK23
User Text:,Westfork Kickapoo
Output:,Solar Radiation Flux Received by Stream (watts/square meter)
""
Datetime,23.500,23.400,23.300,23.200,23.100,23.000,22.900,22.800,22.700,22.600,22.500,22.400,22.300,22.200,22.100,22.000,21.900,21.800,21.700,21.600,21.500,21.400,21.300,21.200,21.100,21.000,20.900,20.800,20.700,20.600,20.500,20.400,20.300,20.200,20.100,20.000,19.900,19.800,19.700,19.600,19.500,19.400,19.300,19.200,19.100,19.000,18.900,18.800,18.700,18.600,18.500,18.400,18.300,18.200,18.100,18.000,17.900,17.800,17.700,17.600,17.500,17.400,17.300,17.200,17.100,17.000,16.900,16.800,16.700,16.600,16.500,16.400,16.300,16.200,16.100,16.000,15.900,15.800,15.700,15.600,15.500,15.400,15.300,15.200,15.100,15.000,14.900,14.800,14.700,14.600,14.500,14.400,14.300,14.200,14.100,14.000,13.900,13.800,13.700,13.600,13.500,13.400,13.300,13.200,13.100,13.000,12.900,12.800,12.700,12.600,12.500,12.400,12.300,12.200,12.100,12.000,11.900,11.800,11.700,11.600,11.500,11.400,11.300,11.200,11.100,11.000,10.900,10.800,10.700,10.600,10.500,10.400,10.300,10.200,10.100,10.000,9.900,9.800,9.700,9.600,9.500,9.400,9.300,9.200,9.100,9.000,8.900,8.800,8.700,8.600,8.500,8.400,8.300,8.200,8.100,8.000,7.900,7.800,7.700,7.600,7.500,7.400,7.300,7.200,7.100,7.000,6.900,6.800,6.700,6.600,6.500,6.400,6.300,6.200,6.100,6.000,5.900,5.800,5.700,5.600,5.500,5.400,5.300,5.200,5.100,5.000,4.900,4.800,4.700,4.600,4.500,4.400,4.300,4.200,4.100,4.000,3.900,3.800,3.700,3.600,3.500,3.400,3.300,3.200,3.100,3.000,2.900,2.800,2.700,2.600,2.500,2.400,2.300,2.200,2.100,2.000,1.900,1.800,1.700,1.600,1.500,1.400,1.300,1.200,1.100,1.000,0.900,0.800,0.700,0.600,0.500,0.400,0.300,0.200,0.100,0.000
45108.0000000,0.0000,0.0000,0.0000,0.0000,0.0000,0.0000,0.0000,0.0000,0.0000,0.0000,0.0000,0.0000,0.0000,0.0000,0.0000,0.0000,0.0000,0.0000,0.0000,0.0000,0.0000,0.0000,0.0000,0.0000,0.0000,0.0000,0.0000,0.0000,0.0000,0.0000,0.0000,0.0000,0.0000,0.0000,0.0000,0.0000,0.0000,0.0000,0.0000,0.0000,0.0000,0.0000,0.0000,0.0000,0.0000,0.0000,0.0000,0.0000,0.0000,0.0000,0.0000,0.0000,0.0000,0.0000,0.0000,0.0000,0.0000,0.0000,0.0000,0.0000,0.0000,0.0000,0.0000,0.0000,0.0000,0.0000,0.0000,0.0000,0.0000,0.0000,0.0000,0.0000,0.0000,0.0000,0.0000,0.0000,0.0000,0.0000,0.0000,0.0000,0.0000,0.0000,0.0000,0.0000,0.0000,0.0000,0.0000,0.0000,0.0000,0.0000,0.0000,0.0000,0.0000,0.0000,0.0000,0.0000,0.0000,0.0000,0.0000,0.0000,0.0000,0.0000,0.0000,0.0000,0.0000,0.0000,0.0000,0.0000,0.0000,0.0000,0.0000,0.0000,0.0000,0.0000,0.0000,0.0000,0.0000,0.0000,0.0000,0.0000,0.0000,0.0000,0.0000,0.0000,0.0000,0.0000,0.0000,0.0000,0.0000,0.0000,0.0000,0.0000,0.0000,0.0000,0.0000,0.0000,0.0000,0.0000,0.0000,0.0000,0.0000,0.0000,0.0000,0.0000,0.0000,0.0000,0.0000,0.0000,0.0000,0.0000,0.0000,0.0000,0.0000,0.0000,0.0000,0.0000,0.0000,0.0000,0.0000,0.0000,0.0000,0.0000,0.0000,0.0000,0.0000,0.0000,0.0000,0.0000,0.0000,0.0000,0.0000,0.0000,0.0000,0.0000,0.0000,0.0000,0.0000,0.0000,0.0000,0.0000,0.0000,0.0000,0.0000,0.0000,0.0000,0.0000,0.0000,0.0000,0.0000,0.0000,0.0000,0.0000,0.0000,0.0000,0.0000,0.0000,0.0000,0.0000,0.0000,0.0000,0.0000,0.0000,0.0000,0.0000,0.0000,0.0000,0.0000,0.0000,0.0000,0.0000,0.0000,0.0000,0.0000,0.0000,0.0000,0.0000,0.0000,0.0000,0.0000,0.0000,0.0000,0.0000,0.0000,0.0000,0.0000,0.0000,0.0000,0.0000,0.0000,0.0000,0.0000,0.0000,0.0000,0.0000,0.0000,0.0000
45108.0416667,0.0000,0.0000,0.0000,0.0000,0.0000,0.0000,0.0000,0.0000,0.0000,0.0000,0.0000,0.0000,0.0000,0.0000,0.0000,0.0000,0.0000,0.0000,0.0000,0.0000,0.0000,0.0000,0.0000,0.0000,0.0000,0.0000,0.0000,0.0000,0.0000,0.0000,0.0000,0.0000,0.0000,0.0000,0.0000,0.0000,0.0000,0.0000,0.0000,0.0000,0.0000,0.0000,0.0000,0.0000,0.0000,0.0000,0.0000,0.0000,0.0000,0.0000,0.0000,0.0000,0.0000,0.0000,0.0000,0.0000,0.0000,0.0000,0.0000,0.0000,0.0000,0.0000,0.0000,0.0000,0.0000,0.0000,0.0000,0.0000,0.0000,0.0000,0.0000,0.0000,0.0000,0.0000,0.0000,0.0000,0.0000,0.0000,0.0000,0.0000,0.0000,0.0000,0.0000,0.0000,0.0000,0.0000,0.0000,0.0000,0.0000,0.0000,0.0000,0.0000,0.0000,0.0000,0.0000,0.0000,0.0000,0.0000,0.0000,0.0000,0.0000,0.0000,0.0000,0.0000,0.0000,0.0000,0.0000,0.0000,0.0000,0.0000,0.0000,0.0000,0.0000,0.0000,0.0000,0.0000,0.0000,0.0000,0.0000,0.0000,0.0000,0.0000,0.0000,0.0000,0.0000,0.0000,0.0000,0.0000,0.0000,0.0000,0.0000,0.0000,0.0000,0.0000,0.0000,0.0000,0.0000,0.0000,0.0000,0.0000,0.0000,0.0000,0.0000,0.0000,0.0000,0.0000,0.0000,0.0000,0.0000,0.0000,0.0000,0.0000,0.0000,0.0000,0.0000,0.0000,0.0000,0.0000,0.0000,0.0000,0.0000,0.0000,0.0000,0.0000,0.0000,0.0000,0.0000,0.0000,0.0000,0.0000,0.0000,0.0000,0.0000,0.0000,0.0000,0.0000,0.0000,0.0000,0.0000,0.0000,0.0000,0.0000,0.0000,0.0000,0.0000,0.0000,0.0000,0.0000,0.0000,0.0000,0.0000,0.0000,0.0000,0.0000,0.0000,0.0000,0.0000,0.0000,0.0000,0.0000,0.0000,0.0000,0.0000,0.0000,0.0000,0.0000,0.0000,0.0000,0.0000,0.0000,0.0000,0.0000,0.0000,0.0000,0.0000,0.0000,0.0000,0.0000,0.0000,0.0000,0.0000,0.0000,0.0000,0.0000,0.0000,0.0000,0.0000,0.0000,0.0000,0.0000,0.0000,0.0000,0.0000,0.0000,0.0000,0.0000
45108.0833333,0.0000,0.0000,0.0000,0.0000,0.0000,0.0000,0.0000,0.0000,0.0000,0.0000,0.0000,0.0000,0.0000,0.0000,0.0000,0.0000,0.0000,0.0000,0.0000,0.0000,0.0000,0.0000,0.0000,0.0000,0.0000,0.0000,0.0000,0.0000,0.0000,0.0000,0.0000,0.0000,0.0000,0.0000,0.0000,0.0000,0.0000,0.0000,0.0000,0.0000,0.0000,0.0000,0.0000,0.0000,0.0000,0.0000,0.0000,0.0000,0.0000,0.0000,0.0000,0.0000,0.0000,0.0000,0.0000,0.0000,0.0000,0.0000,0.0000,0.0000,0.0000,0.0000,0.0000,0.0000,0.0000,0.0000,0.0000,0.0000,0.0000,0.0000,0.0000,0.0000,0.0000,0.0000,0.0000,0.0000,0.0000,0.0000,0.0000,0.0000,0.0000,0.0000,0.0000,0.0000,0.0000,0.0000,0.0000,0.0000,0.0000,0.0000,0.0000,0.0000,0.0000,0.0000,0.0000,0.0000,0.0000,0.0000,0.0000,0.0000,0.0000,0.0000,0.0000,0.0000,0.0000,0.0000,0.0000,0.0000,0.0000,0.0000,0.0000,0.0000,0.0000,0.0000,0.0000,0.0000,0.0000,0.0000,0.0000,0.0000,0.0000,0.0000,0.0000,0.0000,0.0000,0.0000,0.0000,0.0000,0.0000,0.0000,0.0000,0.0000,0.0000,0.0000,0.0000,0.0000,0.0000,0.0000,0.0000,0.0000,0.0000,0.0000,0.0000,0.0000,0.0000,0.0000,0.0000,0.0000,0.0000,0.0000,0.0000,0.0000,0.0000,0.0000,0.0000,0.0000,0.0000,0.0000,0.0000,0.0000,0.0000,0.0000,0.0000,0.0000,0.0000,0.0000,0.0000,0.0000,0.0000,0.0000,0.0000,0.0000,0.0000,0.0000,0.0000,0.0000,0.0000,0.0000,0.0000,0.0000,0.0000,0.0000,0.0000,0.0000,0.0000,0.0000,0.0000,0.0000,0.0000,0.0000,0.0000,0.0000,0.0000,0.0000,0.0000,0.0000,0.0000,0.0000,0.0000,0.0000,0.0000,0.0000,0.0000,0.0000,0.0000,0.0000,0.0000,0.0000,0.0000,0.0000,0.0000,0.0000,0.0000,0.0000,0.0000,0.0000,0.0000,0.0000,0.0000,0.0000,0.0000,0.0000,0.0000,0.0000,0.0000,0.0000,0.0000,0.0000,0.0000,0.0000,0.0000,0.0000,0.0000,0.0000,0.0000,0.0000
45108.1250000,0.0000,0.0000,0.0000,0.0000,0.0000,0.0000,0.0000,0.0000,0.0000,0.0000,0.0000,0.0000,0.0000,0.0000,0.0000,0.0000,0.0000,0.0000,0.0000,0.0000,0.0000,0.0000,0.0000,0.0000,0.0000,0.0000,0.0000,0.0000,0.0000,0.0000,0.0000,0.0000,0.0000,0.0000,0.0000,0.0000,0.0000,0.0000,0.0000,0.0000,0.0000,0.0000,0.0000,0.0000,0.0000,0.0000,0.0000,0.0000,0.0000,0.0000,0.0000,0.0000,0.0000,0.0000,0.0000,0.0000,0.0000,0.0000,0.0000,0.0000,0.0000,0.0000,0.0000,0.0000,0.0000,0.0000,0.0000,0.0000,0.0000,0.0000,0.0000,0.0000,0.0000,0.0000,0.0000,0.0000,0.0000,0.0000,0.0000,0.0000,0.0000,0.0000,0.0000,0.0000,0.0000,0.0000,0.0000,0.0000,0.0000,0.0000,0.0000,0.0000,0.0000,0.0000,0.0000,0.0000,0.0000,0.0000,0.0000,0.0000,0.0000,0.0000,0.0000,0.0000,0.0000,0.0000,0.0000,0.0000,0.0000,0.0000,0.0000,0.0000,0.0000,0.0000,0.0000,0.0000,0.0000,0.0000,0.0000,0.0000,0.0000,0.0000,0.0000,0.0000,0.0000,0.0000,0.0000,0.0000,0.0000,0.0000,0.0000,0.0000,0.0000,0.0000,0.0000,0.0000,0.0000,0.0000,0.0000,0.0000,0.0000,0.0000,0.0000,0.0000,0.0000,0.0000,0.0000,0.0000,0.0000,0.0000,0.0000,0.0000,0.0000,0.0000,0.0000,0.0000,0.0000,0.0000,0.0000,0.0000,0.0000,0.0000,0.0000,0.0000,0.0000,0.0000,0.0000,0.0000,0.0000,0.0000,0.0000,0.0000,0.0000,0.0000,0.0000,0.0000,0.0000,0.0000,0.0000,0.0000,0.0000,0.0000,0.0000,0.0000,0.0000,0.0000,0.0000,0.0000,0.0000,0.0000,0.0000,0.0000,0.0000,0.0000,0.0000,0.0000,0.0000,0.0000,0.0000,0.0000,0.0000,0.0000,0.0000,0.0000,0.0000,0.0000,0.0000,0.0000,0.0000,0.0000,0.0000,0.0000,0.0000,0.0000,0.0000,0.0000,0.0000,0.0000,0.0000,0.0000,0.0000,0.0000,0.0000,0.0000,0.0000,0.0000,0.0000,0.0000,0.0000,0.0000,0.0000,0.0000,0.0000,0.0000,0.0000,0.0000
45108.1666667,0.0000,0.0000,0.0000,0.0000,0.0000,0.0000,0.0000,0.0000,0.0000,0.0000,0.0000,0.0000,0.0000,0.0000,0.0000,0.0000,0.0000,0.0000,0.0000,0.0000,0.0000,0.0000,0.0000,0.0000,0.0000,0.0000,0.0000,0.0000,0.0000,0.0000,0.0000,0.0000,0.0000,0.0000,0.0000,0.0000,0.0000,0.0000,0.0000,0.0000,0.0000,0.0000,0.0000,0.0000,0.0000,0.0000,0.0000,0.0000,0.0000,0.0000,0.0000,0.0000,0.0000,0.0000,0.0000,0.0000,0.0000,0.0000,0.0000,0.0000,0.0000,0.0000,0.0000,0.0000,0.0000,0.0000,0.0000,0.0000,0.0000,0.0000,0.0000,0.0000,0.0000,0.0000,0.0000,0.0000,0.0000,0.0000,0.0000,0.0000,0.0000,0.0000,0.0000,0.0000,0.0000,0.0000,0.0000,0.0000,0.0000,0.0000,0.0000,0.0000,0.0000,0.0000,0.0000,0.0000,0.0000,0.0000,0.0000,0.0000,0.0000,0.0000,0.0000,0.0000,0.0000,0.0000,0.0000,0.0000,0.0000,0.0000,0.0000,0.0000,0.0000,0.0000,0.0000,0.0000,0.0000,0.0000,0.0000,0.0000,0.0000,0.0000,0.0000,0.0000,0.0000,0.0000,0.0000,0.0000,0.0000,0.0000,0.0000,0.0000,0.0000,0.0000,0.0000,0.0000,0.0000,0.0000,0.0000,0.0000,0.0000,0.0000,0.0000,0.0000,0.0000,0.0000,0.0000,0.0000,0.0000,0.0000,0.0000,0.0000,0.0000,0.0000,0.0000,0.0000,0.0000,0.0000,0.0000,0.0000,0.0000,0.0000,0.0000,0.0000,0.0000,0.0000,0.0000,0.0000,0.0000,0.0000,0.0000,0.0000,0.0000,0.0000,0.0000,0.0000,0.0000,0.0000,0.0000,0.0000,0.0000,0.0000,0.0000,0.0000,0.0000,0.0000,0.0000,0.0000,0.0000,0.0000,0.0000,0.0000,0.0000,0.0000,0.0000,0.0000,0.0000,0.0000,0.0000,0.0000,0.0000,0.0000,0.0000,0.0000,0.0000,0.0000,0.0000,0.0000,0.0000,0.0000,0.0000,0.0000,0.0000,0.0000,0.0000,0.0000,0.0000,0.0000,0.0000,0.0000,0.0000,0.0000,0.0000,0.0000,0.0000,0.0000,0.0000,0.0000,0.0000,0.0000,0.0000,0.0000,0.0000,0.0000,0.0000,0.0000
45108.2083333,0.0000,0.0000,0.0000,0.0000,0.0000,0.0000,0.0000,0.0000,0.0000,0.0000,0.0000,0.0000,0.0000,0.0000,0.0000,0.0000,0.0000,0.0000,0.0000,0.0000,0.0000,0.0000,0.0000,0.0000,0.0000,0.0000,0.0000,0.0000,0.0000,0.0000,0.0000,0.0000,0.0000,0.0000,0.0000,0.0000,0.0000,0.0000,0.0000,0.0000,0.0000,0.0000,0.0000,0.0000,0.0000,0.0000,0.0000,0.0000,0.0000,0.0000,0.0000,0.0000,0.0000,0.0000,0.0000,0.0000,0.0000,0.0000,0.0000,0.0000,0.0000,0.0000,0.0000,0.0000,0.0000,0.0000,0.0000,0.0000,0.0000,0.0000,0.0000,0.0000,0.0000,0.0000,0.0000,0.0000,0.0000,0.0000,0.0000,0.0000,0.0000,0.0000,0.0000,0.0000,0.0000,0.0000,0.0000,0.0000,0.0000,0.0000,0.0000,0.0000,0.0000,0.0000,0.0000,0.0000,0.0000,0.0000,0.0000,0.0000,0.0000,0.0000,0.0000,0.0000,0.0000,0.0000,0.0000,0.0000,0.0000,0.0000,0.0000,0.0000,0.0000,0.0000,0.0000,0.0000,0.0000,0.0000,0.0000,0.0000,0.0000,0.0000,0.0000,0.0000,0.0000,0.0000,0.0000,0.0000,0.0000,0.0000,0.0000,0.0000,0.0000,0.0000,0.0000,0.0000,0.0000,0.0000,0.0000,0.0000,0.0000,0.0000,0.0000,0.0000,0.0000,0.0000,0.0000,0.0000,0.0000,0.0000,0.0000,0.0000,0.0000,0.0000,0.0000,0.0000,0.0000,0.0000,0.0000,0.0000,0.0000,0.0000,0.0000,0.0000,0.0000,0.0000,0.0000,0.0000,0.0000,0.0000,0.0000,0.0000,0.0000,0.0000,0.0000,0.0000,0.0000,0.0000,0.0000,0.0000,0.0000,0.0000,0.0000,0.0000,0.0000,0.0000,0.0000,0.0000,0.0000,0.0000,0.0000,0.0000,0.0000,0.0000,0.0000,0.0000,0.0000,0.0000,0.0000,0.0000,0.0000,0.0000,0.0000,0.0000,0.0000,0.0000,0.0000,0.0000,0.0000,0.0000,0.0000,0.0000,0.0000,0.0000,0.0000,0.0000,0.0000,0.0000,0.0000,0.0000,0.0000,0.0000,0.0000,0.0000,0.0000,0.0000,0.0000,0.0000,0.0000,0.0000,0.0000,0.0000,0.0000,0.0000,0.0000,0.0000
45108.2500000,3.6105,7.0492,9.9232,6.6069,8.8360,10.1907,9.7858,10.5122,10.8147,11.3673,11.1712,11.2243,10.5868,10.6572,9.2394,11.2943,12.0642,12.1155,12.0055,11.9022,9.8720,9.4103,8.1533,10.0389,10.0002,10.9921,10.1298,5.9835,10.3890,10.0877,10.1607,8.7229,10.1497,10.1663,8.4242,7.8471,9.2081,9.9581,11.2748,11.2156,8.2423,10.9838,8.9013,10.4445,10.3450,10.8569,11.4708,9.7409,10.5215,9.9389,10.5164,10.6675,10.8616,10.7260,9.0343,10.4186,9.9410,10.2402,10.9590,10.8416,10.7121,10.9538,8.8054,6.9798,8.7756,6.2342,10.5018,10.5585,12.2408,11.7883,10.7756,10.5192,10.3421,12.1736,10.2230,9.2158,10.1417,10.2697,10.2561,7.9440,9.7140,10.0221,11.2854,11.4311,6.7459,10.8751,10.5716,7.9151,7.6632,10.8012,10.6268,8.6727,9.6278,8.3286,11.3217,9.9202,10.7494,10.4044,11.0503,11.5820,11.8210,11.0050,11.6166,10.9800,10.9164,10.7743,10.7711,9.4117,11.3067,11.8878,12.7960,12.5981,11.4137,11.5015,11.6020,11.6626,12.0008,11.5047,11.3335,11.3743,11.1048,12.1410,12.4274,11.8693,10.8843,11.7775,11.7774,11.4975,11.5520,12.3348,11.8637,11.7177,10.7767,10.2547,9.5112,6.8634,7.2455,8.4636,7.4346,7.0158,5.4667,12.0435,12.3113,11.9385,11.6295,7.2380,9.4454,8.8686,11.3589,11.4565,11.6189,11.0842,12.2180,12.4763,12.1289,10.8809,11.8363,10.6990,10.6468,12.1891,10.2762,10.8985,11.0674,11.4041,11.1310,11.1712,11.1640,11.9609,11.9698,12.0264,12.3758,12.1695,12.2472,12.1493,12.6698,11.6131,12.3647,12.1331,12.2569,10.9126,11.7856,11.7378,11.1354,11.5030,11.1463,12.0242,12.2138,12.2860,12.3544,12.4214,12.4885,12.4052,12.3752,12.4288,12.4818,12.5291,12.5759,12.6226,12.6694,12.7161,12.7628,12.8094,12.8560,12.9026,12.9491,12.9956,13.0421,13.0884,13.1348,13.1810,13.2272,13.2733,13.3194,13.3654,13.4113,13.4572,13.5029,13.5486,13.5942,13.6397,13.6851,13.7304,13.7756,13.8207,13.8657,13.9106,13.9554,14.0000,14.0446,14.0890,14.1328,14.1762,14.2194,14.2624,14.3054,14.3482
45108.2916667,11.8807,23.1973,32.6557,21.7435,29.0813,37.6749,32.2093,34.6003,44.7484,46.4708,41.1940,46.1265,44.3103,44.4099,30.4119,37.1758,49.0437,49.2617,49.1210,39.1779,32.4964,30.9779,26.8408,42.3939,42.2775,45.0765,42.5751,19.7018,43.4691,38.0031,42.9136,37.9988,42.7676,42.8460,27.7412,25.8412,39.4467,41.9463,46.6485,45.9415,27.1451,40.4370,29.3176,34.4018,34.0751,35.7614,37.7837,32.0856,34.6570,32.7388,43.7533,44.3973,45.0106,44.3924,29.7612,43.5455,42.0766,42.7996,44.9344,44.7764,44.3978,45.2983,29.0067,22.9931,38.2745,20.5423,34.6051,34.7918,40.3354,49.0829,45.0512,43.9068,43.3547,44.8418,37.7630,39.4686,37.2350,42.6560,42.6806,34.4447,40.0919,41.4512,45.9173,46.5875,22.2401,35.8531,34.8522,26.0942,25.2635,35.6087,35.0338,28.5913,31.7440,27.4596,37.3250,35.7044,35.4423,34.3092,40.1812,47.3164,48.1604,36.2901,38.3071,45.3958,44.9369,44.4690,44.5617,40.1166,47.1746,47.6236,51.9248,51.5220,46.8121,41.0094,47.4814,47.7927,49.0906,47.0465,46.5482,46.7727,36.6325,49.4295,50.6527,48.6053,35.9075,48.1539,48.2803,47.0139,47.5058,50.5782,48.7792,48.3979,45.1514,43.2253,40.3199,24.5193,24.7367,32.9581,33.9568,23.1476,18.0380,49.1504,50.1864,39.3935,38.3745,23.8837,34.6319,29.2660,46.6913,47.0722,47.9044,46.6786,50.2472,50.9562,49.5402,39.6631,48.0948,44.2383,44.1884,40.2264,33.9136,35.9672,45.4405,46.3842,44.6821,45.4332,45.6719,48.7909,49.0399,49.3348,50.9590,50.0431,50.0508,49.6010,51.3753,47.5105,50.2419,49.4144,49.7599,44.7319,47.8220,47.8725,45.8938,46.8183,40.6082,48.7056,49.3813,49.6198,49.8455,50.0667,50.2882,50.0133,49.9144,50.0912,50.2663,50.4224,50.5769,50.7313,50.8856,51.0399,51.1940,51.3480,51.5019,51.6557,51.8093,51.9628,52.1161,52.2692,52.4221,52.5749,52.7274,52.8797,53.0318,53.1836,53.3352,53.4866,53.6376,53.7884,53.9389,54.0891,54.2390,54.3886,54.5379,54.6868,54.8354,54.9836,55.1315,55.2790,55.4261,55.5729,55.7175,55.8605,56.0032,56.1454,56.2872,56.4287
45108.3333333,23.8214,46.5132,108.5153,43.5998,58.3148,109.0179,64.5893,69.3838,114.8327,118.0192,116.8383,117.8385,115.3545,114.6544,60.9860,119.2820,123.9535,124.5273,124.8607,125.0935,107.7555,82.5743,53.8284,110.6657,110.4635,114.7791,110.7019,39.5155,112.6071,113.0584,112.0389,101.6796,111.4407,111.6648,99.4639,96.5676,104.1685,109.2642,119.7143,116.8720,54.4497,115.3464,58.8098,69.0097,108.5822,116.3370,120.6155,64.3649,69.5231,109.5822,112.8010,114.5011,115.6581,113.9406,80.2747,112.7030,110.0470,110.7659,114.4004,114.7198,114.0937,116.1912,58.1910,46.1271,102.5222,41.2159,113.8322,114.4029,132.5272,126.6668,116.6423,113.5116,112.4920,129.1488,111.2978,104.2083,111.6075,109.8079,110.0503,91.8094,102.6220,106.3072,116.1111,117.9850,44.6338,115.3813,111.5339,52.3679,50.7008,71.4623,111.6580,98.3171,104.6281,97.4388,120.1022,109.4648,114.4582,108.4212,115.6570,120.0915,121.9408,115.4169,121.0747,116.4157,114.7997,113.8622,114.6793,105.5200,121.9436,121.4451,131.4418,130.9170,119.2196,120.6573,120.6972,121.6332,124.7470,119.5058,118.6906,119.3923,94.8672,125.0819,128.3146,123.6282,115.2178,122.3074,122.9147,119.4141,121.2740,128.8100,124.5145,124.0297,117.1150,112.6790,105.5825,53.4635,50.2410,100.0757,94.1724,47.7771,36.2152,124.6383,127.1449,124.7235,121.2483,47.9531,109.2503,100.9176,119.1420,120.0716,122.5693,121.6142,128.2960,129.3190,125.7221,114.7250,121.4792,113.4473,113.6894,126.6523,109.5210,114.1708,115.8228,117.2496,112.5805,115.3166,116.0432,123.6724,124.7867,125.6811,130.2593,127.7632,127.0832,125.8249,129.5457,120.7312,126.9161,125.0788,126.0448,113.8479,120.6361,121.3188,117.3728,118.4221,116.7770,122.6779,124.1744,124.6535,125.1068,125.5512,125.9960,125.4441,125.2455,125.6009,125.9525,126.2661,126.5764,126.8866,127.1966,127.5064,127.8160,128.1254,128.4346,128.7435,129.0521,129.3604,129.6683,129.9759,130.2831,130.5900,130.8964,131.2023,131.5078,131.8129,132.1174,132.4214,132.7249,133.0278,133.3301,133.6319,133.9330,134.2335,134.5333,134.8325,135.1310,135.4287,135.7258,136.0221,136.3177,136.6125,136.9030,137.1903,137.4768,137.7626,138.0475,138.3316
45108.3750000,35.3564,69.0374,201.3328,64.7148,181.5764,200.8697,95.8734,211.6230,211.1265,215.4149,213.7708,215.9882,214.2121,211.6880,135.3904,218.9621,225.5026,226.5798,228.0905,229.3132,199.8031,199.6653,119.5247,205.8580,205.6097,209.8745,205.3728,58.6627,208.3866,211.3981,208.4444,192.2376,207.0523,207.4954,188.7160,185.2945,195.2478,202.9483,220.1441,213.5733,183.6728,211.3143,87.3144,205.6148,198.8328,214.5399,221.1051,95.5649,215.3086,203.8505,208.0562,211.2541,212.8512,209.5133,199.4001,208.4376,204.9741,204.8336,209.1599,210.6846,209.9755,213.5698,192.5081,68.4888,193.9706,61.2025,210.6721,211.7081,245.3458,233.8873,215.8053,209.7784,208.4098,237.5105,206.2463,195.3064,207.5193,202.3076,202.9866,173.0686,188.2694,195.3228,211.2718,214.9280,66.2895,212.0932,204.6133,77.7755,75.2996,211.1116,204.5658,184.3561,193.7226,184.3964,220.8003,203.6929,210.6352,198.0644,211.6548,219.1209,222.1243,211.3560,221.3057,213.9574,210.4095,209.0195,211.2754,197.2795,225.4023,222.3492,239.4500,239.1394,218.0584,221.0169,220.4752,222.3798,227.8448,218.1800,217.2748,218.7322,226.1939,227.7722,233.8585,225.9448,211.6376,223.2979,224.7842,218.0011,222.2051,235.6607,228.1497,227.8933,216.9652,209.4349,196.8057,73.3457,83.7058,190.0023,182.1102,77.1396,62.7749,227.3072,231.7358,228.1849,221.6490,116.2923,206.2013,189.4853,218.2189,219.8719,224.9490,226.0191,235.1473,236.0050,229.4156,210.4547,220.8971,208.4871,209.4125,231.3088,201.5730,208.9871,211.9533,213.3000,204.2960,210.3893,211.8777,225.4700,228.1405,229.9690,238.9476,234.1531,231.9933,229.5371,235.3264,220.4885,230.8350,227.8148,229.6998,208.1074,219.1565,221.1315,215.3137,215.5393,213.7861,222.6326,225.0868,225.7988,226.4726,227.1330,227.7941,226.9743,226.6794,227.2075,227.7301,228.1963,228.6576,229.1186,229.5794,230.0399,230.5002,230.9601,231.4196,231.8787,232.3374,232.7956,233.2534,233.7106,234.1672,234.6233,235.0788,235.5335,235.9877,236.4411,236.8937,237.3456,237.7967,238.2469,238.6963,239.1448,239.5924,240.0391,240.4848,240.9295,241.3731,241.8158,242.2573,242.6978,243.1371,243.5753,244.0071,244.4342,244.8601,245.2848,245.7084,246.1307
45108.4166667,44.6208,87.1295,342.7924,294.7332,309.9297,339.5238,336.5925,359.7181,356.0776,360.5107,358.6766,363.1018,365.1021,358.6201,339.8620,368.7002,376.0818,377.9422,382.1039,385.5941,339.9684,343.6157,335.8954,351.4615,351.2632,351.8935,349.6525,309.9269,353.8683,362.8677,355.9420,333.6440,353.0658,353.8702,328.6825,326.3123,335.9243,345.9470,371.3889,357.8750,319.4792,355.0354,110.2464,347.4823,333.8633,363.0024,371.7644,341.7217,367.5099,348.0393,352.0774,357.6105,359.3589,353.3957,346.2765,353.7278,350.4198,347.5618,350.6502,354.9067,354.5005,360.1046,333.5257,309.9883,336.9007,303.5698,357.7864,359.5132,416.9217,396.3319,366.4006,355.7305,354.3251,400.7690,350.7262,335.9946,354.1388,341.9213,343.4865,299.4187,316.7183,329.1340,352.3626,358.9191,83.7423,357.6272,344.2599,174.3604,307.4048,356.1649,343.6860,317.2767,329.0941,320.3108,372.3898,347.8731,355.5917,331.7127,355.1908,366.5753,370.9393,354.9415,370.9429,360.7087,353.6796,351.9289,357.0917,338.5399,382.3455,373.3561,399.9604,400.6088,365.7482,371.3120,369.2941,372.8412,381.6101,365.2272,364.7615,367.5239,385.7694,380.2526,390.7931,378.6799,356.5760,373.8154,376.9896,364.9055,373.4156,395.4360,383.4367,384.1418,368.8755,357.2727,336.6816,125.3771,130.0996,331.1396,323.1133,320.2947,83.9722,380.0938,387.2546,382.8696,371.5625,333.5153,357.3126,326.5639,366.5591,369.2519,378.7005,385.5762,395.3409,394.9556,383.8632,354.0792,368.1819,351.4385,353.8629,387.3904,340.3013,350.7947,355.6795,355.6662,339.7001,351.9009,354.6892,376.8779,382.5053,385.9250,402.1038,393.6335,388.3532,383.9467,391.8438,369.2243,384.8697,380.4079,383.7884,348.7951,364.8990,369.5264,362.2723,359.5992,358.9160,370.2738,373.8880,374.7884,375.6405,376.4757,377.3119,376.2760,375.9037,376.5717,377.2327,377.8224,378.4059,378.9891,379.5720,380.1545,380.7367,381.3185,381.8998,382.4805,383.0608,383.6404,384.2195,384.7978,385.3755,385.9524,386.5286,387.1039,387.6783,388.2519,388.8245,389.3961,389.9667,390.5363,391.1048,391.6721,392.2384,392.8034,393.3672,393.9297,394.4910,395.0509,395.6094,396.1666,396.7224,397.2767,397.8230,398.3633,398.9021,399.4394,399.9752,400.5095
45108.4583333,45.1100,467.7906,512.3557,458.3547,464.2523,504.0135,502.6396,536.8594,527.5224,530.1666,528.7646,536.2911,546.2748,533.5346,513.6281,545.4143,551.2383,554.0590,562.4991,569.6822,507.8235,518.6823,516.8749,526.6712,526.6867,518.4043,522.5960,491.2957,527.6317,546.4879,533.4834,507.4804,528.4747,529.7480,501.4943,502.7546,506.9348,517.6380,550.3775,526.9158,486.8625,524.0664,220.8962,515.7548,492.4905,539.4333,549.1849,512.1900,550.6302,521.5431,523.2416,531.6451,532.9111,523.5969,526.9955,527.1044,525.7560,517.8348,516.5051,525.1856,525.6924,533.3621,506.4980,481.9768,512.7806,477.6573,533.5314,536.0643,622.1766,589.8556,546.2490,529.7112,528.8948,594.0862,523.6266,506.9990,530.4664,507.5286,510.4404,454.0509,467.9997,487.1461,516.4454,526.7185,84.7989,529.7037,508.8190,484.4654,470.9238,527.8062,507.2740,478.8835,490.8216,487.5509,551.7110,521.4355,527.2792,488.0970,523.7048,538.8955,544.3834,523.6928,546.3334,534.1859,522.2908,520.5281,530.0942,509.6749,569.5614,550.8308,587.1519,589.7608,539.0239,548.0838,543.5384,549.2707,561.6482,537.2302,538.0303,542.5555,577.5757,557.8987,573.9214,557.6866,527.7455,549.9080,555.5546,536.7246,551.3430,583.0619,566.2012,568.8456,550.6471,534.9780,505.4300,487.8077,498.8209,505.5453,175.5144,500.0364,484.9045,558.5411,568.7300,564.4793,547.3075,521.4453,542.7571,493.5537,540.9840,544.8445,560.1050,577.4312,584.0030,580.8567,564.4320,523.3359,539.3242,520.3710,525.1810,570.1337,504.5872,517.3267,524.4065,521.1769,496.3976,517.1986,521.7251,553.6050,563.5315,569.0762,594.5318,581.4271,571.2923,564.3850,573.4758,543.3030,563.9752,558.2446,563.5419,513.6354,533.9660,542.6518,535.4861,527.2299,529.4112,541.2529,545.8761,546.7895,547.6541,548.5015,549.3499,548.3007,547.9240,548.6019,549.2727,549.8713,550.4635,551.0554,551.6471,552.2384,552.8293,553.4198,554.0098,554.5993,555.1882,555.7766,556.3643,556.9514,557.5377,558.1233,558.7081,559.2920,559.8751,560.4573,561.0385,561.6187,562.1979,562.7760,563.3531,563.9290,564.5037,565.0772,565.6495,566.2205,566.7902,567.3585,567.9255,568.4911,569.0552,569.6179,570.1724,570.7208,571.2678,571.8132,572.3572,572.8995
45108.5000000,46.7628,527.6235,574.8446,517.3814,520.9012,564.8170,563.8288,602.2759,591.0448,593.2817,591.9524,600.5922,613.1269,598.2218,577.3279,611.0001,616.5877,619.7697,629.6809,638.1307,569.6894,582.9142,582.6879,591.2120,591.2878,580.2546,586.3727,556.3619,591.8053,614.0317,598.9026,570.9987,593.1340,594.5804,564.5279,566.8388,569.6513,580.9026,616.7667,589.7559,547.9000,586.8090,561.2174,578.0091,551.2886,604.7472,615.1005,574.9350,618.1783,585.4449,586.5507,596.0330,597.2076,586.6508,593.0856,591.1580,590.3090,580.7157,578.1147,588.3144,589.0918,597.5921,569.7488,544.1329,577.0494,540.2564,598.4613,601.3030,698.2847,661.6153,612.7453,594.0230,593.3431,665.9302,587.4354,569.7246,595.4567,568.7725,572.1560,510.4596,523.9462,545.6015,577.5665,589.2158,521.6680,593.4911,569.8188,545.6351,530.3684,591.4089,567.9521,538.0624,550.4343,548.5864,618.2484,585.3607,590.8784,546.1353,586.3034,603.0597,609.0434,586.3571,611.6003,598.5151,584.8694,583.0445,594.1547,572.5350,638.8958,616.8280,657.0664,660.3087,603.4593,613.7946,608.3946,614.9268,628.7219,601.2534,602.4329,607.5998,648.4602,624.1825,642.2662,624.3424,591.2219,615.4934,622.0167,600.6812,617.4875,652.9652,634.1884,637.4613,617.8396,600.5160,567.4904,551.0780,563.2314,569.1847,565.5426,564.9778,549.8079,625.0716,636.4436,632.0888,612.7116,589.3839,610.7123,554.7308,605.8107,610.1251,627.5129,648.3292,654.2293,650.2086,631.7510,586.1363,603.1818,582.9826,588.6170,638.2489,565.3799,579.1686,587.0954,582.8628,554.8066,578.6934,583.8545,619.4943,630.9490,637.2705,666.1600,651.3267,639.5013,631.6671,641.3931,608.1117,630.8722,624.5974,630.6052,574.8842,597.0681,607.1735,599.7942,589.7085,592.7604,605.1307,610.1888,611.1363,612.0331,612.9121,613.7920,612.7042,612.3138,613.0170,613.7129,614.3338,614.9482,615.5622,616.1760,616.7894,617.4024,618.0149,618.6270,619.2386,619.8495,620.4599,621.0696,621.6786,622.2868,622.8943,623.5009,624.1067,624.7116,625.3155,625.9185,626.5204,627.1212,627.7210,628.3196,628.9170,629.5132,630.1082,630.7019,631.2942,631.8852,632.4748,633.0630,633.6497,634.2350,634.8187,635.3939,635.9629,636.5303,637.0962,637.6604,638.2231
45108.5416667,511.1618,539.9119,588.6087,529.3743,533.2710,578.3845,577.3201,616.7563,605.3038,607.6654,606.2795,615.1248,627.8621,612.6271,591.0611,625.7863,631.6050,634.8678,644.9953,653.6283,583.3287,596.8005,596.4044,605.3742,605.4469,594.2879,600.4352,569.1832,606.0284,628.7329,613.2610,584.5196,607.3569,608.8392,577.8594,580.1485,583.2050,594.8164,631.6875,604.0406,560.8218,600.9952,574.5357,591.9204,564.5666,619.3346,630.0093,588.6829,633.0349,599.4633,600.6706,610.3933,611.6206,600.8007,607.1643,605.3726,604.4414,594.6640,592.0968,602.5182,603.2966,612.0263,583.2541,556.8034,590.7207,552.7413,612.8583,615.7736,715.2384,677.6526,627.5108,608.3190,607.6003,682.1183,601.5399,583.2854,609.7373,582.4491,585.9096,522.4777,536.5107,558.7089,591.5819,603.5211,533.7911,607.8240,583.5614,558.4683,542.8136,605.6836,581.6585,550.8184,563.6035,561.5427,633.2161,599.3804,605.1347,559.3071,600.4932,617.7087,623.8628,600.5423,626.4529,612.9801,599.0085,597.1226,608.4861,586.1912,654.3450,631.7997,673.1266,676.4250,618.0963,628.6840,623.1714,629.8640,644.0247,615.8519,617.0368,622.3296,664.1089,639.3983,657.9410,639.5269,605.5069,630.4598,637.1352,615.2663,632.4714,668.8783,649.6023,652.9328,632.7316,614.9365,581.0452,563.9068,221.4967,582.6432,578.7830,578.1504,562.4269,640.2968,651.9687,647.4642,627.5952,603.1560,625.2672,567.9060,620.4988,624.9265,642.7409,663.9747,670.1585,666.0771,647.1439,600.3043,617.8708,597.0537,602.8125,653.8013,578.9864,593.1768,601.3101,597.0228,568.2650,592.7195,598.0066,634.5800,646.3031,652.7795,682.3891,667.1825,655.0908,647.0611,657.0813,622.8870,646.2755,639.8244,645.9821,588.7949,611.6086,621.9433,614.3141,604.0413,607.1181,619.8904,625.0909,626.0697,626.9963,627.9044,628.8136,627.6896,627.2862,628.0128,628.7317,629.3733,630.0080,630.6424,631.2765,631.9103,632.5436,633.1765,633.8088,634.4407,635.0719,635.7025,636.3324,636.9616,637.5900,638.2176,638.8444,639.4703,640.0952,640.7192,641.3421,641.9640,642.5847,643.2044,643.8228,644.4401,645.0561,645.6708,646.2841,646.8961,647.5067,648.1159,648.7236,649.3298,649.9344,650.5375,651.1318,651.7196,652.3059,652.8905,653.4735,654.0547
45108.5833333,418.5351,454.7687,504.5446,444.7031,456.5456,497.5190,495.0859,529.1020,521.2428,525.2816,523.4155,530.5449,537.9413,526.4097,503.7946,539.3125,546.9380,549.7177,557.2869,563.7018,500.1731,509.0017,503.7446,518.2486,518.1538,513.2393,514.7045,473.6992,520.1440,536.8968,524.9600,496.5947,520.2523,521.4886,490.1572,489.6949,497.4650,509.5907,543.9033,521.8270,475.9800,518.5094,489.4086,509.2180,487.2145,532.5006,543.3510,503.8908,542.0043,513.1875,516.4151,524.6911,526.4253,517.3430,515.7105,519.7452,517.1293,510.5826,511.3838,519.1553,519.2605,527.1089,495.9191,467.8347,501.7009,461.6865,525.9889,528.5150,613.7182,582.2439,538.6428,522.4711,521.2058,587.2897,515.9494,497.5605,522.1054,501.0509,503.7316,444.5104,462.5706,481.3221,512.2702,522.2765,448.7268,523.4864,503.1226,472.8298,459.4695,521.5039,501.8368,469.7720,483.6369,476.8880,545.3059,513.0527,520.8672,483.3050,518.3880,534.0839,539.8879,518.2482,541.1282,527.9756,516.6875,514.6376,523.4548,500.6300,561.9402,545.2671,582.4720,584.4745,533.7279,542.4384,538.4805,544.0069,556.5275,532.3161,532.5775,536.9196,568.8588,553.4275,569.2048,552.4576,521.6987,544.9333,550.2062,531.8273,545.6330,577.4799,560.3951,562.4498,542.7804,526.6641,496.9592,472.9740,484.3447,494.0880,486.9787,484.8267,466.2933,553.7559,564.0323,559.0032,542.0894,505.4542,531.6313,484.0451,535.4167,539.2995,554.0125,568.6741,578.0336,575.8294,559.5032,517.5790,535.2255,514.2934,518.6362,564.9997,498.3530,512.0183,519.1098,517.0521,492.8360,512.5262,516.8822,548.9173,558.2123,563.5512,588.3183,575.4927,566.2485,559.5198,569.4892,538.3080,559.7495,553.7394,558.9002,508.6133,530.0802,538.0555,529.6512,522.9879,524.0107,537.5651,542.4214,543.4798,544.4816,545.4635,546.4465,545.2298,544.7928,545.5782,546.3554,547.0489,547.7349,548.4207,549.1061,549.7911,550.4757,551.1597,551.8433,552.5262,553.2085,553.8901,554.5709,555.2510,555.9303,556.6087,557.2861,557.9626,558.6381,559.3125,559.9858,560.6580,561.3290,561.9988,562.6672,563.3344,564.0002,564.6646,565.3276,565.9891,566.6490,567.3074,567.9643,568.6194,569.2730,569.9248,570.5672,571.2025,571.8361,572.4680,573.0981,573.7263
45108.6250000,444.4608,473.8926,519.5921,464.2548,470.7244,511.2217,509.7409,544.4945,535.1258,537.9243,536.4625,544.0782,554.0153,541.1670,520.7233,553.3197,559.3818,562.2446,570.7507,577.9879,515.0006,525.8714,523.7587,534.0897,534.0967,525.9511,529.9919,77.0805,535.1410,554.1323,541.0040,514.3937,535.9389,537.2298,508.2753,509.4181,513.9529,524.9422,558.3342,534.6060,493.4450,531.6735,506.1032,523.1500,499.6130,547.1777,557.1741,519.3870,558.4194,528.8860,530.7342,539.2627,540.5865,531.1412,534.1921,534.6167,533.1452,525.2066,524.0260,532.7733,533.2561,541.0635,513.4213,488.2207,519.7648,483.6864,541.1331,543.7061,631.1327,598.3583,554.0502,537.2756,536.4102,602.7222,531.0584,514.0226,537.9536,514.7975,517.7377,460.2158,474.7181,494.1404,524.0424,534.4593,468.1927,537.3509,516.1720,490.9522,477.2075,535.4160,514.6229,485.4823,497.7666,494.1653,559.6972,528.7769,534.8721,495.1899,531.3280,546.8033,552.4046,531.3056,554.3295,541.9064,529.8684,528.0544,537.7146,516.7750,577.7386,558.8707,595.8468,598.4495,546.8953,556.0731,551.5016,557.3098,569.8979,545.1036,545.8738,550.4572,585.7955,566.1402,582.4012,565.8642,535.3764,557.9808,563.6885,544.5916,559.3804,591.6200,574.4701,577.1101,558.5015,542.5446,512.5089,494.0957,505.3146,512.3879,182.1363,162.8505,293.0197,566.7683,577.1282,572.7471,555.3196,528.1830,550.2253,500.3593,548.8667,552.7911,568.2536,585.6466,592.5461,589.4242,572.7429,530.9197,547.2974,527.8816,532.7317,578.5201,511.8316,524.8497,532.0443,528.8562,503.7237,524.7704,529.3561,561.7611,571.7970,577.4146,603.2253,589.9318,579.7047,572.7005,582.0076,551.2689,572.3350,566.4899,571.8616,521.1220,541.8701,550.6390,543.2595,534.9975,537.1216,549.2902,554.0063,554.9460,555.8354,556.7072,557.5799,556.5005,556.1129,556.8103,557.5004,558.1162,558.7254,559.3343,559.9429,560.5512,561.1591,561.7665,562.3735,562.9799,563.5858,564.1910,564.7956,565.3995,566.0027,566.6051,567.2067,567.8074,568.4072,569.0061,569.6040,570.2008,570.7967,571.3914,571.9850,572.5774,573.1687,573.7587,574.3474,574.9348,575.5208,576.1055,576.6887,577.2706,577.8509,578.4297,579.0002,579.5643,580.1270,580.6881,581.2476,581.8055
45108.6666667,45.9088,327.0241,368.9508,318.9678,333.6650,365.0888,362.2305,387.0982,382.7919,387.1708,385.3286,390.1841,393.0314,385.7490,366.3561,396.2875,403.7197,405.7270,410.4285,414.3817,365.8796,370.3431,362.9948,378.4212,378.2387,378.0030,376.3376,76.2001,380.7518,390.9785,383.2577,359.9732,380.0903,380.9635,354.7725,352.6964,362.0368,372.4054,399.2773,384.4019,344.7755,381.4826,355.7314,373.6447,358.6913,390.4047,399.5082,367.9419,395.7008,374.7360,378.6543,384.6256,386.3748,379.9138,373.6398,380.5700,377.3644,373.9250,376.6611,381.4744,381.1475,387.1120,359.7668,335.4783,363.5238,329.0904,384.9766,386.8313,448.6809,426.3556,394.2370,382.6887,381.3027,430.8955,377.4385,362.1099,381.2857,367.6660,369.4082,322.8954,340.3433,353.7711,378.2465,385.3534,322.0188,384.4501,369.9662,341.6501,331.9849,382.9041,369.2801,341.9412,354.0989,345.6184,400.3410,374.5728,382.3198,356.2605,381.5932,393.6712,398.2678,381.3605,398.4646,387.7565,380.0498,378.2492,383.9921,364.7402,411.3568,401.1516,429.4582,430.3191,392.9161,398.9812,396.6566,400.5191,409.8893,392.2547,391.9018,394.9158,415.3319,408.2571,419.6340,406.7757,383.2810,401.4872,404.9948,391.9062,401.2584,424.8522,412.0375,412.9546,396.9738,384.6456,362.5946,338.4892,347.2298,357.4601,349.5628,346.8435,116.6386,408.1737,415.8338,411.3404,399.1377,361.2437,385.4548,352.0220,393.8647,396.7480,407.0354,415.1389,424.8577,424.1878,412.2585,380.5258,395.2069,377.7797,380.5080,416.0994,365.8725,376.8799,382.1180,381.7853,364.5020,377.8944,380.9326,404.6984,410.9085,414.6340,432.1823,423.0170,417.1084,412.3316,420.5663,396.5696,413.1480,408.4364,412.1009,374.6571,391.6272,396.7856,389.3391,386.0380,385.6200,397.3410,401.1556,402.0822,402.9592,403.8188,404.6793,403.6134,403.2303,403.9179,404.5982,405.2052,405.8057,406.4059,407.0058,407.6054,408.2046,408.8034,409.4017,409.9995,410.5967,411.1933,411.7892,412.3845,412.9791,413.5728,414.1658,414.7579,415.3492,415.9395,416.5288,417.1172,417.7045,418.2907,418.8758,419.4598,420.0426,420.6241,421.2044,421.7834,422.3610,422.9373,423.5122,424.0857,424.6577,425.2282,425.7905,426.3466,426.9011,427.4542,428.0057,428.5555
45108.7083333,37.9285,196.5774,229.5232,190.6853,207.1219,228.6177,225.5351,241.1620,240.1704,244.6217,242.8946,245.5210,244.2617,241.0520,225.4580,248.9923,255.8758,257.1076,259.0717,260.6799,227.7462,228.1804,219.3889,234.8282,234.5794,238.4307,234.1256,62.9342,237.4213,241.4437,237.7881,220.1213,236.1243,236.6369,216.2648,212.8910,223.1193,231.4264,250.4427,242.5988,210.4224,240.1771,218.6645,234.0082,225.9621,244.2308,251.3462,228.2721,245.5941,232.5394,236.8578,240.5164,242.1890,238.3416,228.3522,237.4450,233.8914,233.3324,237.6123,239.6031,238.9169,242.9353,220.3415,200.6051,222.1433,194.3436,240.0307,241.2059,279.5685,266.3431,245.8627,238.9306,237.5115,270.2093,235.0583,223.1816,236.6990,230.2492,231.0854,198.0298,214.0495,222.1512,239.7328,243.9508,192.7710,241.2579,232.6357,207.4993,201.5472,240.1709,232.5065,210.6887,220.7362,211.1863,251.1732,232.3755,239.6641,224.9582,240.5009,248.8090,252.1183,240.1998,251.3980,243.3688,239.1743,237.6836,240.4563,225.3068,256.7418,252.6844,271.7942,271.6195,247.7475,251.1999,250.4157,252.6330,258.7806,247.7753,246.9072,248.6113,257.9603,258.5101,265.4746,256.6614,240.6968,253.5899,255.3820,247.5688,252.5667,267.7686,259.3274,259.2089,247.2611,238.8633,224.6066,201.6461,207.6483,217.7718,209.6000,111.8807,88.8690,258.0765,263.0667,259.2720,251.7948,76.4447,236.0219,216.6198,248.0125,249.8781,255.7877,257.7770,267.3021,267.9988,260.5071,239.2750,250.6179,237.1403,238.3244,262.7114,229.3559,237.4825,240.8384,242.0222,231.6621,238.8857,240.6210,255.9690,259.1775,261.3084,271.6784,266.1666,263.4607,260.6268,266.9273,250.4169,261.9103,258.5713,260.7460,236.4034,248.5854,251.0291,244.8014,244.5931,242.9452,252.4648,255.1763,255.9403,256.6635,257.3722,258.0817,257.2021,256.8857,257.4525,258.0133,258.5136,259.0086,259.5034,259.9980,260.4922,260.9861,261.4797,261.9729,262.4656,262.9579,263.4497,263.9409,264.4316,264.9217,265.4111,265.8999,266.3880,266.8754,267.3620,267.8478,268.3327,268.8168,269.3001,269.7824,270.2637,270.7441,271.2234,271.7018,272.1790,272.6552,273.1302,273.6041,274.0768,274.5482,275.0185,275.4820,275.9403,276.3974,276.8533,277.3078,277.7611
45108.7500000,23.9885,86.0800,106.0495,43.9051,95.3421,106.6485,104.3294,111.6924,112.3802,115.6225,114.4252,115.3766,69.9801,112.1378,102.4946,116.7670,121.5012,122.0618,122.3202,122.4879,105.3163,103.9241,54.2040,108.1153,66.4898,112.4168,67.3619,39.7905,110.0980,110.3744,109.4573,58.0125,108.8934,109.1108,96.8758,93.8926,101.6478,106.7686,117.1635,114.4802,94.4197,112.9440,99.2178,109.2001,106.3189,113.8086,118.1005,105.0479,113.1282,107.0573,110.3421,112.0028,113.1771,111.5076,76.3486,110.2037,107.4928,108.3084,112.0493,112.2911,111.6440,113.7194,99.4305,46.4463,99.9029,41.5002,111.2996,111.8599,129.5995,123.9074,114.0562,111.0086,109.9709,126.4115,108.7984,61.3571,67.5221,107.4293,107.6492,89.4983,100.4508,104.0414,113.8071,115.6276,83.8522,112.9284,109.1885,92.4019,89.6792,112.3384,109.3309,95.9286,102.2839,94.9429,117.5530,106.9425,112.0061,106.2015,113.2712,117.6694,119.5119,113.0252,118.6046,113.9462,112.4061,111.4619,112.2057,103.0137,119.2673,118.9402,128.8348,128.2710,116.7744,118.1598,118.2456,119.1494,122.2209,117.0864,116.2427,116.9179,118.9820,122.6018,125.7594,121.1132,112.7829,119.8353,120.4026,116.9980,118.7616,126.1780,121.9388,121.4157,114.5037,110.1087,103.1220,87.0463,90.2175,97.4738,91.4641,51.7282,48.2379,122.1416,124.6119,122.1706,118.7758,48.2780,106.5170,98.4557,116.6783,117.5936,120.0050,118.8556,125.6429,126.7229,123.1957,112.3223,119.0915,111.0413,111.2423,124.0937,107.1702,111.8132,113.4377,114.9326,110.3884,112.9897,113.6904,121.2006,122.2457,123.1085,127.5534,125.1224,124.5245,123.3020,127.0282,118.2857,124.4250,122.5972,123.5358,111.5187,118.2799,118.8948,114.9188,116.0760,114.3677,120.3024,121.7916,122.2739,122.7303,123.1777,123.6255,123.0699,122.8699,123.2276,123.5816,123.8973,124.2097,124.5220,124.8340,125.1459,125.4577,125.7691,126.0804,126.3913,126.7020,127.0123,127.3223,127.6320,127.9413,128.2502,128.5586,128.8666,129.1742,129.4813,129.7878,130.0939,130.3994,130.7043,131.0087,131.3125,131.6156,131.9181,132.2200,132.5211,132.8216,133.1214,133.4204,133.7187,134.0163,134.3130,134.6055,134.8947,135.1832,135.4709,135.7577,136.0437
45108.7916667,16.5921,52.5969,53.6696,30.3675,59.4756,66.8782,65.2067,57.1466,70.5553,72.8759,72.0285,72.5571,48.4019,48.9935,63.6117,73.3718,76.7158,77.0637,77.0629,77.0239,65.8138,43.2680,37.4898,46.1626,45.9868,70.7867,46.5895,27.5203,68.8758,46.3989,68.2733,40.1229,46.6864,46.7633,38.7512,36.0973,42.3587,66.6566,73.5487,72.1085,37.9197,71.0447,61.5281,68.4834,66.8933,71.3319,74.2627,65.5154,70.5796,66.7793,69.1523,70.1818,71.0153,69.9998,41.5777,68.9633,67.0035,67.7812,70.5576,49.8946,49.2986,50.4107,40.5234,32.1223,61.7246,28.7008,69.6216,69.9757,81.0549,77.6058,57.3306,69.4941,68.7507,56.0474,47.0705,42.4332,46.6967,47.2858,47.2249,36.5836,44.7433,46.1625,71.8469,72.9514,31.0780,70.9017,68.6278,36.4633,55.1606,70.5115,68.7673,59.5691,63.9648,38.3724,73.7999,52.6665,59.6473,66.9020,71.2880,74.1738,75.4026,71.1075,74.6922,71.5466,70.6846,70.0313,49.4657,43.3757,52.1083,53.4360,81.2808,80.8078,73.5134,74.3256,74.4912,75.0249,77.0002,73.7822,73.1444,73.5378,60.0263,77.3641,79.3203,76.2758,70.8363,75.5133,75.8022,73.7280,74.6924,79.4206,76.6892,76.2453,71.5817,68.7089,43.8631,31.6514,54.9218,60.0973,55.7861,32.8053,25.2125,77.0106,78.5941,76.8977,74.7932,33.3839,43.5655,40.9078,61.5578,73.9805,75.4060,74.1704,79.0052,79.8693,77.6508,70.5964,75.2050,69.7228,69.7616,78.1811,67.2374,70.3584,71.3910,72.5616,69.7852,71.2248,71.6369,76.4303,76.9733,77.4814,80.1694,78.6808,78.4709,77.7295,80.2599,74.5230,78.5633,77.3508,77.9202,70.2253,74.7299,74.9848,72.2275,73.2638,71.9601,76.0498,77.0386,77.3721,77.6876,77.9969,78.3066,77.9223,77.7840,78.0313,78.2761,78.4944,78.7103,78.9262,79.1420,79.3576,79.5731,79.7885,80.0036,80.2186,80.4334,80.6480,80.8623,81.0764,81.2902,81.5038,81.7170,81.9300,82.1426,82.3549,82.5669,82.7785,82.9897,83.2005,83.4109,83.6209,83.8305,84.0397,84.2483,84.4566,84.6643,84.8715,85.0783,85.2845,85.4902,85.6954,85.8976,86.0976,86.2970,86.4959,86.6942,86.8919
45108.8333333,5.1758,10.1057,14.2259,9.4719,12.6679,14.6104,14.0299,15.0714,15.5051,17.2198,16.9410,16.0675,15.0950,15.2794,13.2467,16.1929,17.2968,17.3704,17.2127,17.0646,14.1541,13.4923,11.6902,14.3940,14.3386,15.7612,14.5251,8.5798,14.8971,14.4650,14.5697,12.5081,14.5542,14.5779,12.0800,11.2526,13.2042,14.2799,16.1681,16.0831,11.8197,15.7512,12.7650,14.9783,14.8357,16.5233,17.4085,14.8926,15.0890,14.5021,15.0820,15.2986,15.5771,15.6508,12.9566,14.9420,14.2571,14.6861,15.7169,15.5486,15.3629,15.7094,12.6283,10.0102,12.5855,8.9417,16.0105,16.0958,17.5571,16.9081,15.4556,15.0878,14.8339,17.4609,14.6635,13.2188,14.5469,14.7305,14.7111,11.3951,13.9348,14.3768,17.0730,16.3980,9.6776,15.6012,15.1658,11.3548,10.9934,15.4951,15.2449,12.4416,13.8124,11.9484,16.2419,14.2317,15.4215,15.7699,16.7589,16.8809,16.9596,15.7890,16.6665,15.7532,15.6620,15.4581,15.4000,13.5034,16.2221,16.6356,18.2944,18.0750,17.3045,16.5021,16.8542,16.7339,17.2194,17.4284,16.2624,16.3210,15.9343,17.4213,17.8324,17.9875,16.5344,16.9000,16.9000,16.4985,16.5766,17.7000,17.0241,16.8146,15.4644,14.7154,13.6487,9.8490,10.3973,12.1455,10.6689,10.0676,7.8450,18.2344,18.6340,17.5565,16.8827,10.3870,13.5548,12.7273,16.3012,16.4413,16.6746,15.9072,17.5342,17.9049,17.4065,15.6156,17.8995,16.2569,15.2796,18.4652,14.7478,16.5307,16.7843,17.2506,16.6601,16.8399,16.9141,18.1070,17.1787,17.2600,17.7614,17.4653,17.5768,17.4364,18.1834,16.6668,17.7456,17.4131,17.5211,15.6615,16.9144,16.8461,15.9815,16.5092,15.9975,17.2574,17.5295,17.6332,17.7314,17.8275,17.9238,17.8043,17.7612,17.8381,17.9142,17.9821,18.0492,18.1164,18.1834,18.2505,18.3175,18.3844,18.4513,18.5182,18.5850,18.6517,18.7183,18.7849,18.8514,18.9178,18.9841,19.0503,19.1164,19.1824,19.2483,19.3141,19.3798,19.4453,19.5107,19.5760,19.6412,19.7062,19.7711,19.8358,19.9004,19.9649,20.0291,20.0933,20.1572,20.2210,20.2839,20.3460,20.4081,20.4699,20.5315,20.5930
45108.8750000,0.0000,0.0000,0.0000,0.0000,0.0000,0.0000,0.0000,0.0000,0.0000,0.0000,0.0000,0.0000,0.0000,0.0000,0.0000,0.0000,0.0000,0.0000,0.0000,0.0000,0.0000,0.0000,0.0000,0.0000,0.0000,0.0000,0.0000,0.0000,0.0000,0.0000,0.0000,0.0000,0.0000,0.0000,0.0000,0.0000,0.0000,0.0000,0.0000,0.0000,0.0000,0.0000,0.0000,0.0000,0.0000,0.0000,0.0000,0.0000,0.0000,0.0000,0.0000,0.0000,0.0000,0.0000,0.0000,0.0000,0.0000,0.0000,0.0000,0.0000,0.0000,0.0000,0.0000,0.0000,0.0000,0.0000,0.0000,0.0000,0.0000,0.0000,0.0000,0.0000,0.0000,0.0000,0.0000,0.0000,0.0000,0.0000,0.0000,0.0000,0.0000,0.0000,0.0000,0.0000,0.0000,0.0000,0.0000,0.0000,0.0000,0.0000,0.0000,0.0000,0.0000,0.0000,0.0000,0.0000,0.0000,0.0000,0.0000,0.0000,0.0000,0.0000,0.0000,0.0000,0.0000,0.0000,0.0000,0.0000,0.0000,0.0000,0.0000,0.0000,0.0000,0.0000,0.0000,0.0000,0.0000,0.0000,0.0000,0.0000,0.0000,0.0000,0.0000,0.0000,0.0000,0.0000,0.0000,0.0000,0.0000,0.0000,0.0000,0.0000,0.0000,0.0000,0.0000,0.0000,0.0000,0.0000,0.0000,0.0000,0.0000,0.0000,0.0000,0.0000,0.0000,0.0000,0.0000,0.0000,0.0000,0.0000,0.0000,0.0000,0.0000,0.0000,0.0000,0.0000,0.0000,0.0000,0.0000,0.0000,0.0000,0.0000,0.0000,0.0000,0.0000,0.0000,0.0000,0.0000,0.0000,0.0000,0.0000,0.0000,0.0000,0.0000,0.0000,0.0000,0.0000,0.0000,0.0000,0.0000,0.0000,0.0000,0.0000,0.0000,0.0000,0.0000,0.0000,0.0000,0.0000,0.0000,0.0000,0.0000,0.0000,0.0000,0.0000,0.0000,0.0000,0.0000,0.0000,0.0000,0.0000,0.0000,0.0000,0.0000,0.0000,0.0000,0.0000,0.0000,0.0000,0.0000,0.0000,0.0000,0.0000,0.0000,0.0000,0.0000,0.0000,0.0000,0.0000,0.0000,0.0000,0.0000,0.0000,0.0000,0.0000,0.0000,0.0000,0.0000,0.0000,0.0000,0.0000,0.0000,0.0000,0.0000,0.0000,0.0000
45108.9166667,0.0000,0.0000,0.0000,0.0000,0.0000,0.0000,0.0000,0.0000,0.0000,0.0000,0.0000,0.0000,0.0000,0.0000,0.0000,0.0000,0.0000,0.0000,0.0000,0.0000,0.0000,0.0000,0.0000,0.0000,0.0000,0.0000,0.0000,0.0000,0.0000,0.0000,0.0000,0.0000,0.0000,0.0000,0.0000,0.0000,0.0000,0.0000,0.0000,0.0000,0.0000,0.0000,0.0000,0.0000,0.0000,0.0000,0.0000,0.0000,0.0000,0.0000,0.0000,0.0000,0.0000,0.0000,0.0000,0.0000,0.0000,0.0000,0.0000,0.0000,0.0000,0.0000,0.0000,0.0000,0.0000,0.0000,0.0000,0.0000,0.0000,0.0000,0.0000,0.0000,0.0000,0.0000,0.0000,0.0000,0.0000,0.0000,0.0000,0.0000,0.0000,0.0000,0.0000,0.0000,0.0000,0.0000,0.0000,0.0000,0.0000,0.0000,0.0000,0.0000,0.0000,0.0000,0.0000,0.0000,0.0000,0.0000,0.0000,0.0000,0.0000,0.0000,0.0000,0.0000,0.0000,0.0000,0.0000,0.0000,0.0000,0.0000,0.0000,0.0000,0.0000,0.0000,0.0000,0.0000,0.0000,0.0000,0.0000,0.0000,0.0000,0.0000,0.0000,0.0000,0.0000,0.0000,0.0000,0.0000,0.0000,0.0000,0.0000,0.0000,0.0000,0.0000,0.0000,0.0000,0.0000,0.0000,0.0000,0.0000,0.0000,0.0000,0.0000,0.0000,0.0000,0.0000,0.0000,0.0000,0.0000,0.0000,0.0000,0.0000,0.0000,0.0000,0.0000,0.0000,0.0000,0.0000,0.0000,0.0000,0.0000,0.0000,0.0000,0.0000,0.0000,0.0000,0.0000,0.0000,0.0000,0.0000,0.0000,0.0000,0.0000,0.0000,0.0000,0.0000,0.0000,0.0000,0.0000,0.0000,0.0000,0.0000,0.0000,0.0000,0.0000,0.0000,0.0000,0.0000,0.0000,0.0000,0.0000,0.0000,0.0000,0.0000,0.0000,0.0000,0.0000,0.0000,0.0000,0.0000,0.0000,0.0000,0.0000,0.0000,0.0000,0.0000,0.0000,0.0000,0.0000,0.0000,0.0000,0.0000,0.0000,0.0000,0.0000,0.0000,0.0000,0.0000,0.0000,0.0000,0.0000,0.0000,0.0000,0.0000,0.0000,0.0000,0.0000,0.0000,0.0000,0.0000,0.0000,0.0000,0.0000,0.0000,0.0000,0.0000
45108.9583333,0.0000,0.0000,0.0000,0.0000,0.0000,0.0000,0.0000,0.0000,0.0000,0.0000,0.0000,0.0000,0.0000,0.0000,0.0000,0.0000,0.0000,0.0000,0.0000,0.0000,0.0000,0.0000,0.0000,0.0000,0.0000,0.0000,0.0000,0.0000,0.0000,0.0000,0.0000,0.0000,0.0000,0.0000,0.0000,0.0000,0.0000,0.0000,0.0000,0.0000,0.0000,0.0000,0.0000,0.0000,0.0000,0.0000,0.0000,0.0000,0.0000,0.0000,0.0000,0.0000,0.0000,0.0000,0.0000,0.0000,0.0000,0.0000,0.0000,0.0000,0.0000,0.0000,0.0000,0.0000,0.0000,0.0000,0.0000,0.0000,0.0000,0.0000,0.0000,0.0000,0.0000,0.0000,0.0000,0.0000,0.0000,0.0000,0.0000,0.0000,0.0000,0.0000,0.0000,0.0000,0.0000,0.0000,0.0000,0.0000,0.0000,0.0000,0.0000,0.0000,0.0000,0.0000,0.0000,0.0000,0.0000,0.0000,0.0000,0.0000,0.0000,0.0000,0.0000,0.0000,0.0000,0.0000,0.0000,0.0000,0.0000,0.0000,0.0000,0.0000,0.0000,0.0000,0.0000,0.0000,0.0000,0.0000,0.0000,0.0000,0.0000,0.0000,0.0000,0.0000,0.0000,0.0000,0.0000,0.0000,0.0000,0.0000,0.0000,0.0000,0.0000,0.0000,0.0000,0.0000,0.0000,0.0000,0.0000,0.0000,0.0000,0.0000,0.0000,0.0000,0.0000,0.0000,0.0000,0.0000,0.0000,0.0000,0.0000,0.0000,0.0000,0.0000,0.0000,0.0000,0.0000,0.0000,0.0000,0.0000,0.0000,0.0000,0.0000,0.0000,0.0000,0.0000,0.0000,0.0000,0.0000,0.0000,0.0000,0.0000,0.0000,0.0000,0.0000,0.0000,0.0000,0.0000,0.0000,0.0000,0.0000,0.0000,0.0000,0.0000,0.0000,0.0000,0.0000,0.0000,0.0000,0.0000,0.0000,0.0000,0.0000,0.0000,0.0000,0.0000,0.0000,0.0000,0.0000,0.0000,0.0000,0.0000,0.0000,0.0000,0.0000,0.0000,0.0000,0.0000,0.0000,0.0000,0.0000,0.0000,0.0000,0.0000,0.0000,0.0000,0.0000,0.0000,0.0000,0.0000,0.0000,0.0000,0.0000,0.0000,0.0000,0.0000,0.0000,0.0000,0.0000,0.0000,0.0000,0.0000,0.0000,0.0000,0.0000,0.0000
