File Created:,Mon Jul 29 12:20:26 2024
Heat Source Version:,9.0.0b26
Simulation Name:,WFK23
User Text:,Westfork Kickapoo
Output:,Hydraulic Dispersion (square meters/second)
""
Datetime,23.500,23.400,23.300,23.200,23.100,23.000,22.900,22.800,22.700,22.600,22.500,22.400,22.300,22.200,22.100,22.000,21.900,21.800,21.700,21.600,21.500,21.400,21.300,21.200,21.100,21.000,20.900,20.800,20.700,20.600,20.500,20.400,20.300,20.200,20.100,20.000,19.900,19.800,19.700,19.600,19.500,19.400,19.300,19.200,19.100,19.000,18.900,18.800,18.700,18.600,18.500,18.400,18.300,18.200,18.100,18.000,17.900,17.800,17.700,17.600,17.500,17.400,17.300,17.200,17.100,17.000,16.900,16.800,16.700,16.600,16.500,16.400,16.300,16.200,16.100,16.000,15.900,15.800,15.700,15.600,15.500,15.400,15.300,15.200,15.100,15.000,14.900,14.800,14.700,14.600,14.500,14.400,14.300,14.200,14.100,14.000,13.900,13.800,13.700,13.600,13.500,13.400,13.300,13.200,13.100,13.000,12.900,12.800,12.700,12.600,12.500,12.400,12.300,12.200,12.100,12.000,11.900,11.800,11.700,11.600,11.500,11.400,11.300,11.200,11.100,11.000,10.900,10.800,10.700,10.600,10.500,10.400,10.300,10.200,10.100,10.000,9.900,9.800,9.700,9.600,9.500,9.400,9.300,9.200,9.100,9.000,8.900,8.800,8.700,8.600,8.500,8.400,8.300,8.200,8.100,8.000,7.900,7.800,7.700,7.600,7.500,7.400,7.300,7.200,7.100,7.000,6.900,6.800,6.700,6.600,6.500,6.400,6.300,6.200,6.100,6.000,5.900,5.800,5.700,5.600,5.500,5.400,5.300,5.200,5.100,5.000,4.900,4.800,4.700,4.600,4.500,4.400,4.300,4.200,4.100,4.000,3.900,3.800,3.700,3.600,3.500,3.400,3.300,3.200,3.100,3.000,2.900,2.800,2.700,2.600,2.500,2.400,2.300,2.200,2.100,2.000,1.900,1.800,1.700,1.600,1.500,1.400,1.300,1.200,1.100,1.000,0.900,0.800,0.700,0.600,0.500,0.400,0.300,0.200,0.100,0.000
45108.0000000,0.8904,4.1529,2.4763,5.9395,38.3001,5.1640,7.7356,2.0760,7.7370,6.4742,5.4519,2.9303,0.4744,1.9511,2.5679,1.5130,2.2277,1.6582,0.4249,0.2487,3.1303,0.7614,0.2200,0.7751,0.7421,6.1151,1.0819,0.2253,1.0996,0.2097,0.9631,1.5435,1.7027,1.1834,1.9578,0.9031,2.8443,3.1217,0.5773,5.3759,7.2565,4.6510,3.6338,5.1570,52.7916,5.5944,2.7818,4.8293,0.7692,1.8703,3.7930,3.3045,3.7661,5.2781,0.3825,4.1528,2.5184,4.4544,12.5244,4.2223,3.3585,2.0444,2.2196,2.6423,1.0881,1.5196,2.0117,1.8968,0.0162,0.1054,1.0606,3.3009,2.8447,0.1596,1.8215,7.9684,4.3005,23.8333,17.1478,107.0713,100.0000,80.3869,19.3701,8.1218,16.0731,5.5356,31.4273,13.0917,36.3385,5.6391,27.1530,61.5932,61.8389,28.8016,1.8411,6.5015,10.6561,69.1756,18.5069,7.4279,5.6732,17.3179,8.4322,9.6764,25.5883,25.5264,8.6077,13.9679,0.8441,8.8304,0.8172,0.4977,5.1089,2.1772,3.9667,1.9138,1.4059,6.4883,5.0997,4.0739,0.1690,2.6171,0.9342,2.4377,10.5090,7.5452,4.0717,11.4493,2.6976,0.3211,0.8406,0.6920,1.1913,2.4570,10.1329,3.9839,3.2911,7.7120,2.4299,2.0648,1.4007,2.7659,1.2949,1.2909,4.5067,0.3578,0.7041,19.5065,6.0076,4.4454,2.5936,0.5511,1.1594,2.5739,2.7512,21.4273,30.7599,30.1384,27.4550,6.4403,100.0000,73.1983,66.3423,100.0000,100.0000,72.8998,105.6055,18.1833,18.2437,10.7496,1.1275,3.6289,8.1464,22.8421,17.3304,33.1444,10.7745,13.3181,8.2939,100.0000,41.7997,15.3523,14.4469,41.8341,16.4038,24.0851,14.0218,14.0216,14.0214,14.0212,14.0210,14.0209,14.0207,14.0205,14.0203,14.0201,14.0200,14.0198,14.0196,14.0194,14.0193,14.0191,14.0189,14.0187,14.0185,14.0184,14.0182,14.0180,14.0178,14.0176,14.0175,14.0173,14.0171,14.0169,14.0167,14.0166,14.0164,14.0162,14.0160,14.0159,14.0157,14.0155,14.0153,14.0151,14.0150,14.0148,14.0146,14.0144,14.0142,14.0141,14.0139,14.0137,14.0135,14.0134,14.0132,14.0130
45108.0416667,0.8904,4.1529,2.4763,5.9395,38.3001,5.1640,7.7356,2.0760,7.7370,6.4742,5.4519,2.9303,0.4744,1.9511,2.5679,1.5130,2.2277,1.6582,0.4249,0.2487,3.1303,0.7614,0.2200,0.7751,0.7421,6.1151,1.0819,0.2253,1.0996,0.2097,0.9631,1.5435,1.7027,1.1834,1.9578,0.9031,2.8443,3.1217,0.5773,5.3759,7.2565,4.6510,3.6338,5.1570,52.7916,5.5944,2.7818,4.8293,0.7692,1.8703,3.7930,3.3045,3.7661,5.2781,0.3825,4.1528,2.5184,4.4544,12.5244,4.2223,3.3585,2.0444,2.2196,2.6423,1.0881,1.5196,2.0117,1.8968,0.0162,0.1054,1.0606,3.3009,2.8447,0.1596,1.8215,7.9684,4.3005,23.8333,17.1478,107.0713,100.0000,80.3869,19.3701,8.1218,16.0731,5.5356,31.4273,13.0917,36.3385,5.6391,27.1530,61.5932,61.8389,28.8016,1.8411,6.5015,10.6561,69.1756,18.5069,7.4279,5.6732,17.3179,8.4322,9.6764,25.5883,25.5264,8.6077,13.9679,0.8441,8.8304,0.8172,0.4977,5.1089,2.1772,3.9667,1.9138,1.4059,6.4883,5.0997,4.0739,0.1690,2.6171,0.9342,2.4377,10.5090,7.5452,4.0717,11.4493,2.6976,0.3211,0.8406,0.6920,1.1913,2.4570,10.1329,3.9839,3.2911,7.7120,2.4299,2.0648,1.4007,2.7659,1.2949,1.2909,4.5067,0.3578,0.7041,19.5065,6.0076,4.4454,2.5936,0.5511,1.1594,2.5739,2.7512,21.4273,30.7599,30.1384,27.4550,6.4403,100.0000,73.1983,66.3423,100.0000,100.0000,72.8998,105.6055,18.1833,18.2437,10.7496,1.1275,3.6289,8.1464,22.8421,17.3304,33.1444,10.7745,13.3181,8.2939,100.0000,41.7997,15.3523,14.4469,41.8341,16.4038,24.0851,14.0218,14.0216,14.0214,14.0212,14.0210,14.0209,14.0207,14.0205,14.0203,14.0201,14.0200,14.0198,14.0196,14.0194,14.0193,14.0191,14.0189,14.0187,14.0185,14.0184,14.0182,14.0180,14.0178,14.0176,14.0175,14.0173,14.0171,14.0169,14.0167,14.0166,14.0164,14.0162,14.0160,14.0159,14.0157,14.0155,14.0153,14.0151,14.0150,14.0148,14.0146,14.0144,14.0142,14.0141,14.0139,14.0137,14.0135,14.0134,14.0132,14.0130
45108.0833333,0.8904,4.1529,2.4763,5.9395,38.3001,5.1640,7.7356,2.0760,7.7370,6.4742,5.4519,2.9303,0.4744,1.9511,2.5679,1.5130,2.2277,1.6582,0.4249,0.2487,3.1303,0.7614,0.2200,0.7751,0.7421,6.1151,1.0819,0.2253,1.0996,0.2097,0.9631,1.5435,1.7027,1.1834,1.9578,0.9031,2.8443,3.1217,0.5773,5.3759,7.2565,4.6510,3.6338,5.1570,52.7916,5.5944,2.7818,4.8293,0.7692,1.8703,3.7930,3.3045,3.7661,5.2781,0.3825,4.1528,2.5184,4.4544,12.5244,4.2223,3.3585,2.0444,2.2196,2.6423,1.0881,1.5196,2.0117,1.8968,0.0162,0.1054,1.0606,3.3009,2.8447,0.1596,1.8215,7.9684,4.3005,23.8333,17.1478,107.0713,100.0000,80.3869,19.3701,8.1218,16.0731,5.5356,31.4273,13.0917,36.3385,5.6391,27.1530,61.5932,61.8389,28.8016,1.8411,6.5015,10.6561,69.1756,18.5069,7.4279,5.6732,17.3179,8.4322,9.6764,25.5883,25.5264,8.6077,13.9679,0.8441,8.8304,0.8172,0.4977,5.1089,2.1772,3.9667,1.9138,1.4059,6.4883,5.0997,4.0739,0.1690,2.6171,0.9342,2.4377,10.5090,7.5452,4.0717,11.4493,2.6976,0.3211,0.8406,0.6920,1.1913,2.4570,10.1329,3.9839,3.2911,7.7120,2.4299,2.0648,1.4007,2.7659,1.2949,1.2909,4.5067,0.3578,0.7041,19.5065,6.0076,4.4454,2.5936,0.5511,1.1594,2.5739,2.7512,21.4273,30.7599,30.1384,27.4550,6.4403,100.0000,73.1983,66.3423,100.0000,100.0000,72.8998,105.6055,18.1833,18.2437,10.7496,1.1275,3.6289,8.1464,22.8421,17.3304,33.1444,10.7745,13.3181,8.2939,100.0000,41.7997,15.3523,14.4469,41.8341,16.4038,24.0851,14.0218,14.0216,14.0214,14.0212,14.0210,14.0209,14.0207,14.0205,14.0203,14.0201,14.0200,14.0198,14.0196,14.0194,14.0193,14.0191,14.0189,14.0187,14.0185,14.0184,14.0182,14.0180,14.0178,14.0176,14.0175,14.0173,14.0171,14.0169,14.0167,14.0166,14.0164,14.0162,14.0160,14.0159,14.0157,14.0155,14.0153,14.0151,14.0150,14.0148,14.0146,14.0144,14.0142,14.0141,14.0139,14.0137,14.0135,14.0134,14.0132,14.0130
45108.1250000,0.8904,4.1529,2.4763,5.9395,38.3001,5.1640,7.7356,2.0760,7.7370,6.4742,5.4519,2.9303,0.4744,1.9511,2.5679,1.5130,2.2277,1.6582,0.4249,0.2487,3.1303,0.7614,0.2200,0.7751,0.7421,6.1151,1.0819,0.2253,1.0996,0.2097,0.9631,1.5435,1.7027,1.1834,1.9578,0.9031,2.8443,3.1217,0.5773,5.3759,7.2565,4.6510,3.6338,5.1570,52.7916,5.5944,2.7818,4.8293,0.7692,1.8703,3.7930,3.3045,3.7661,5.2781,0.3825,4.1528,2.5184,4.4544,12.5244,4.2223,3.3585,2.0444,2.2196,2.6423,1.0881,1.5196,2.0117,1.8968,0.0162,0.1054,1.0606,3.3009,2.8447,0.1596,1.8215,7.9684,4.3005,23.8333,17.1478,107.0713,100.0000,80.3869,19.3701,8.1218,16.0731,5.5356,31.4273,13.0917,36.3385,5.6391,27.1530,61.5932,61.8389,28.8016,1.8411,6.5015,10.6561,69.1756,18.5069,7.4279,5.6732,17.3179,8.4322,9.6764,25.5883,25.5264,8.6077,13.9679,0.8441,8.8304,0.8172,0.4977,5.1089,2.1772,3.9667,1.9138,1.4059,6.4883,5.0997,4.0739,0.1690,2.6171,0.9342,2.4377,10.5090,7.5452,4.0717,11.4493,2.6976,0.3211,0.8406,0.6920,1.1913,2.4570,10.1329,3.9839,3.2911,7.7120,2.4299,2.0648,1.4007,2.7659,1.2949,1.2909,4.5067,0.3578,0.7041,19.5065,6.0076,4.4454,2.5936,0.5511,1.1594,2.5739,2.7512,21.4273,30.7599,30.1384,27.4550,6.4403,100.0000,73.1983,66.3423,100.0000,100.0000,72.8998,105.6055,18.1833,18.2437,10.7496,1.1275,3.6289,8.1464,22.8421,17.3304,33.1444,10.7745,13.3181,8.2939,100.0000,41.7997,15.3523,14.4469,41.8341,16.4038,24.0851,14.0218,14.0216,14.0214,14.0212,14.0210,14.0209,14.0207,14.0205,14.0203,14.0201,14.0200,14.0198,14.0196,14.0194,14.0193,14.0191,14.0189,14.0187,14.0185,14.0184,14.0182,14.0180,14.0178,14.0176,14.0175,14.0173,14.0171,14.0169,14.0167,14.0166,14.0164,14.0162,14.0160,14.0159,14.0157,14.0155,14.0153,14.0151,14.0150,14.0148,14.0146,14.0144,14.0142,14.0141,14.0139,14.0137,14.0135,14.0134,14.0132,14.0130
45108.1666667,0.8904,4.1529,2.4763,5.9395,38.3001,5.1640,7.7356,2.0760,7.7370,6.4742,5.4519,2.9303,0.4744,1.9511,2.5679,1.5130,2.2277,1.6582,0.4249,0.2487,3.1303,0.7614,0.2200,0.7751,0.7421,6.1151,1.0819,0.2253,1.0996,0.2097,0.9631,1.5435,1.7027,1.1834,1.9578,0.9031,2.8443,3.1217,0.5773,5.3759,7.2565,4.6510,3.6338,5.1570,52.7916,5.5944,2.7818,4.8293,0.7692,1.8703,3.7930,3.3045,3.7661,5.2781,0.3825,4.1528,2.5184,4.4544,12.5244,4.2223,3.3585,2.0444,2.2196,2.6423,1.0881,1.5196,2.0117,1.8968,0.0162,0.1054,1.0606,3.3009,2.8447,0.1596,1.8215,7.9684,4.3005,23.8333,17.1478,107.0713,100.0000,80.3869,19.3701,8.1218,16.0731,5.5356,31.4273,13.0917,36.3385,5.6391,27.1530,61.5932,61.8389,28.8016,1.8411,6.5015,10.6561,69.1756,18.5069,7.4279,5.6732,17.3179,8.4322,9.6764,25.5883,25.5264,8.6077,13.9679,0.8441,8.8304,0.8172,0.4977,5.1089,2.1772,3.9667,1.9138,1.4059,6.4883,5.0997,4.0739,0.1690,2.6171,0.9342,2.4377,10.5090,7.5452,4.0717,11.4493,2.6976,0.3211,0.8406,0.6920,1.1913,2.4570,10.1329,3.9839,3.2911,7.7120,2.4299,2.0648,1.4007,2.7659,1.2949,1.2909,4.5067,0.3578,0.7041,19.5065,6.0076,4.4454,2.5936,0.5511,1.1594,2.5739,2.7512,21.4273,30.7599,30.1384,27.4550,6.4403,100.0000,73.1983,66.3423,100.0000,100.0000,72.8998,105.6055,18.1833,18.2437,10.7496,1.1275,3.6289,8.1464,22.8421,17.3304,33.1444,10.7745,13.3181,8.2939,100.0000,41.7997,15.3523,14.4469,41.8341,16.4038,24.0851,14.0218,14.0216,14.0214,14.0212,14.0210,14.0209,14.0207,14.0205,14.0203,14.0201,14.0200,14.0198,14.0196,14.0194,14.0193,14.0191,14.0189,14.0187,14.0185,14.0184,14.0182,14.0180,14.0178,14.0176,14.0175,14.0173,14.0171,14.0169,14.0167,14.0166,14.0164,14.0162,14.0160,14.0159,14.0157,14.0155,14.0153,14.0151,14.0150,14.0148,14.0146,14.0144,14.0142,14.0141,14.0139,14.0137,14.0135,14.0134,14.0132,14.0130
45108.2083333,0.8904,4.1529,2.4763,5.9395,38.3001,5.1640,7.7356,2.0760,7.7370,6.4742,5.4519,2.9303,0.4744,1.9511,2.5679,1.5130,2.2277,1.6582,0.4249,0.2487,3.1303,0.7614,0.2200,0.7751,0.7421,6.1151,1.0819,0.2253,1.0996,0.2097,0.9631,1.5435,1.7027,1.1834,1.9578,0.9031,2.8443,3.1217,0.5773,5.3759,7.2565,4.6510,3.6338,5.1570,52.7916,5.5944,2.7818,4.8293,0.7692,1.8703,3.7930,3.3045,3.7661,5.2781,0.3825,4.1528,2.5184,4.4544,12.5244,4.2223,3.3585,2.0444,2.2196,2.6423,1.0881,1.5196,2.0117,1.8968,0.0162,0.1054,1.0606,3.3009,2.8447,0.1596,1.8215,7.9684,4.3005,23.8333,17.1478,107.0713,100.0000,80.3869,19.3701,8.1218,16.0731,5.5356,31.4273,13.0917,36.3385,5.6391,27.1530,61.5932,61.8389,28.8016,1.8411,6.5015,10.6561,69.1756,18.5069,7.4279,5.6732,17.3179,8.4322,9.6764,25.5883,25.5264,8.6077,13.9679,0.8441,8.8304,0.8172,0.4977,5.1089,2.1772,3.9667,1.9138,1.4059,6.4883,5.0997,4.0739,0.1690,2.6171,0.9342,2.4377,10.5090,7.5452,4.0717,11.4493,2.6976,0.3211,0.8406,0.6920,1.1913,2.4570,10.1329,3.9839,3.2911,7.7120,2.4299,2.0648,1.4007,2.7659,1.2949,1.2909,4.5067,0.3578,0.7041,19.5065,6.0076,4.4454,2.5936,0.5511,1.1594,2.5739,2.7512,21.4273,30.7599,30.1384,27.4550,6.4403,100.0000,73.1983,66.3423,100.0000,100.0000,72.8998,105.6055,18.1833,18.2437,10.7496,1.1275,3.6289,8.1464,22.8421,17.3304,33.1444,10.7745,13.3181,8.2939,100.0000,41.7997,15.3523,14.4469,41.8341,16.4038,24.0851,14.0218,14.0216,14.0214,14.0212,14.0210,14.0209,14.0207,14.0205,14.0203,14.0201,14.0200,14.0198,14.0196,14.0194,14.0193,14.0191,14.0189,14.0187,14.0185,14.0184,14.0182,14.0180,14.0178,14.0176,14.0175,14.0173,14.0171,14.0169,14.0167,14.0166,14.0164,14.0162,14.0160,14.0159,14.0157,14.0155,14.0153,14.0151,14.0150,14.0148,14.0146,14.0144,14.0142,14.0141,14.0139,14.0137,14.0135,14.0134,14.0132,14.0130
45108.2500000,0.8904,4.1529,2.4763,5.9395,38.3001,5.1640,7.7356,2.0760,7.7370,6.4742,5.4519,2.9303,0.4744,1.9511,2.5679,1.5130,2.2277,1.6582,0.4249,0.2487,3.1303,0.7614,0.2200,0.7751,0.7421,6.1151,1.0819,0.2253,1.0996,0.2097,0.9631,1.5435,1.7027,1.1834,1.9578,0.9031,2.8443,3.1217,0.5773,5.3759,7.2565,4.6510,3.6338,5.1570,52.7916,5.5944,2.7818,4.8293,0.7692,1.8703,3.7930,3.3045,3.7661,5.2781,0.3825,4.1528,2.5184,4.4544,12.5244,4.2223,3.3585,2.0444,2.2196,2.6423,1.0881,1.5196,2.0117,1.8968,0.0162,0.1054,1.0606,3.3009,2.8447,0.1596,1.8215,7.9684,4.3005,23.8333,17.1478,107.0713,100.0000,80.3869,19.3701,8.1218,16.0731,5.5356,31.4273,13.0917,36.3385,5.6391,27.1530,61.5932,61.8389,28.8016,1.8411,6.5015,10.6561,69.1756,18.5069,7.4279,5.6732,17.3179,8.4322,9.6764,25.5883,25.5264,8.6077,13.9679,0.8441,8.8304,0.8172,0.4977,5.1089,2.1772,3.9667,1.9138,1.4059,6.4883,5.0997,4.0739,0.1690,2.6171,0.9342,2.4377,10.5090,7.5452,4.0717,11.4493,2.6976,0.3211,0.8406,0.6920,1.1913,2.4570,10.1329,3.9839,3.2911,7.7120,2.4299,2.0648,1.4007,2.7659,1.2949,1.2909,4.5067,0.3578,0.7041,19.5065,6.0076,4.4454,2.5936,0.5511,1.1594,2.5739,2.7512,21.4273,30.7599,30.1384,27.4550,6.4403,100.0000,73.1983,66.3423,100.0000,100.0000,72.8998,105.6055,18.1833,18.2437,10.7496,1.1275,3.6289,8.1464,22.8421,17.3304,33.1444,10.7745,13.3181,8.2939,100.0000,41.7997,15.3523,14.4469,41.8341,16.4038,24.0851,14.0218,14.0216,14.0214,14.0212,14.0210,14.0209,14.0207,14.0205,14.0203,14.0201,14.0200,14.0198,14.0196,14.0194,14.0193,14.0191,14.0189,14.0187,14.0185,14.0184,14.0182,14.0180,14.0178,14.0176,14.0175,14.0173,14.0171,14.0169,14.0167,14.0166,14.0164,14.0162,14.0160,14.0159,14.0157,14.0155,14.0153,14.0151,14.0150,14.0148,14.0146,14.0144,14.0142,14.0141,14.0139,14.0137,14.0135,14.0134,14.0132,14.0130
45108.2916667,0.8904,4.1529,2.4763,5.9395,38.3001,5.1640,7.7356,2.0760,7.7370,6.4742,5.4519,2.9303,0.4744,1.9511,2.5679,1.5130,2.2277,1.6582,0.4249,0.2487,3.1303,0.7614,0.2200,0.7751,0.7421,6.1151,1.0819,0.2253,1.0996,0.2097,0.9631,1.5435,1.7027,1.1834,1.9578,0.9031,2.8443,3.1217,0.5773,5.3759,7.2565,4.6510,3.6338,5.1570,52.7916,5.5944,2.7818,4.8293,0.7692,1.8703,3.7930,3.3045,3.7661,5.2781,0.3825,4.1528,2.5184,4.4544,12.5244,4.2223,3.3585,2.0444,2.2196,2.6423,1.0881,1.5196,2.0117,1.8968,0.0162,0.1054,1.0606,3.3009,2.8447,0.1596,1.8215,7.9684,4.3005,23.8333,17.1478,107.0713,100.0000,80.3869,19.3701,8.1218,16.0731,5.5356,31.4273,13.0917,36.3385,5.6391,27.1530,61.5932,61.8389,28.8016,1.8411,6.5015,10.6561,69.1756,18.5069,7.4279,5.6732,17.3179,8.4322,9.6764,25.5883,25.5264,8.6077,13.9679,0.8441,8.8304,0.8172,0.4977,5.1089,2.1772,3.9667,1.9138,1.4059,6.4883,5.0997,4.0739,0.1690,2.6171,0.9342,2.4377,10.5090,7.5452,4.0717,11.4493,2.6976,0.3211,0.8406,0.6920,1.1913,2.4570,10.1329,3.9839,3.2911,7.7120,2.4299,2.0648,1.4007,2.7659,1.2949,1.2909,4.5067,0.3578,0.7041,19.5065,6.0076,4.4454,2.5936,0.5511,1.1594,2.5739,2.7512,21.4273,30.7599,30.1384,27.4550,6.4403,100.0000,73.1983,66.3423,100.0000,100.0000,72.8998,105.6055,18.1833,18.2437,10.7496,1.1275,3.6289,8.1464,22.8421,17.3304,33.1444,10.7745,13.3181,8.2939,100.0000,41.7997,15.3523,14.4469,41.8341,16.4038,24.0851,14.0218,14.0216,14.0214,14.0212,14.0210,14.0209,14.0207,14.0205,14.0203,14.0201,14.0200,14.0198,14.0196,14.0194,14.0193,14.0191,14.0189,14.0187,14.0185,14.0184,14.0182,14.0180,14.0178,14.0176,14.0175,14.0173,14.0171,14.0169,14.0167,14.0166,14.0164,14.0162,14.0160,14.0159,14.0157,14.0155,14.0153,14.0151,14.0150,14.0148,14.0146,14.0144,14.0142,14.0141,14.0139,14.0137,14.0135,14.0134,14.0132,14.0130
45108.3333333,0.8904,4.1529,2.4763,5.9395,38.3001,5.1640,7.7356,2.0760,7.7370,6.4742,5.4519,2.9303,0.4744,1.9511,2.5679,1.5130,2.2277,1.6582,0.4249,0.2487,3.1303,0.7614,0.2200,0.7751,0.7421,6.1151,1.0819,0.2253,1.0996,0.2097,0.9631,1.5435,1.7027,1.1834,1.9578,0.9031,2.8443,3.1217,0.5773,5.3759,7.2565,4.6510,3.6338,5.1570,52.7916,5.5944,2.7818,4.8293,0.7692,1.8703,3.7930,3.3045,3.7661,5.2781,0.3825,4.1528,2.5184,4.4544,12.5244,4.2223,3.3585,2.0444,2.2196,2.6423,1.0881,1.5196,2.0117,1.8968,0.0162,0.1054,1.0606,3.3009,2.8447,0.1596,1.8215,7.9684,4.3005,23.8333,17.1478,107.0713,100.0000,80.3869,19.3701,8.1218,16.0731,5.5356,31.4273,13.0917,36.3385,5.6391,27.1530,61.5932,61.8389,28.8016,1.8411,6.5015,10.6561,69.1756,18.5069,7.4279,5.6732,17.3179,8.4322,9.6764,25.5883,25.5264,8.6077,13.9679,0.8441,8.8304,0.8172,0.4977,5.1089,2.1772,3.9667,1.9138,1.4059,6.4883,5.0997,4.0739,0.1690,2.6171,0.9342,2.4377,10.5090,7.5452,4.0717,11.4493,2.6976,0.3211,0.8406,0.6920,1.1913,2.4570,10.1329,3.9839,3.2911,7.7120,2.4299,2.0648,1.4007,2.7659,1.2949,1.2909,4.5067,0.3578,0.7041,19.5065,6.0076,4.4454,2.5936,0.5511,1.1594,2.5739,2.7512,21.4273,30.7599,30.1384,27.4550,6.4403,100.0000,73.1983,66.3423,100.0000,100.0000,72.8998,105.6055,18.1833,18.2437,10.7496,1.1275,3.6289,8.1464,22.8421,17.3304,33.1444,10.7745,13.3181,8.2939,100.0000,41.7997,15.3523,14.4469,41.8341,16.4038,24.0851,14.0218,14.0216,14.0214,14.0212,14.0210,14.0209,14.0207,14.0205,14.0203,14.0201,14.0200,14.0198,14.0196,14.0194,14.0193,14.0191,14.0189,14.0187,14.0185,14.0184,14.0182,14.0180,14.0178,14.0176,14.0175,14.0173,14.0171,14.0169,14.0167,14.0166,14.0164,14.0162,14.0160,14.0159,14.0157,14.0155,14.0153,14.0151,14.0150,14.0148,14.0146,14.0144,14.0142,14.0141,14.0139,14.0137,14.0135,14.0134,14.0132,14.0130
45108.3750000,0.8904,4.1529,2.4763,5.9395,38.3001,5.1640,7.7356,2.0760,7.7370,6.4742,5.4519,2.9303,0.4744,1.9511,2.5679,1.5130,2.2277,1.6582,0.4249,0.2487,3.1303,0.7614,0.2200,0.7751,0.7421,6.1151,1.0819,0.2253,1.0996,0.2097,0.9631,1.5435,1.7027,1.1834,1.9578,0.9031,2.8443,3.1217,0.5773,5.3759,7.2565,4.6510,3.6338,5.1570,52.7916,5.5944,2.7818,4.8293,0.7692,1.8703,3.7930,3.3045,3.7661,5.2781,0.3825,4.1528,2.5184,4.4544,12.5244,4.2223,3.3585,2.0444,2.2196,2.6423,1.0881,1.5196,2.0117,1.8968,0.0162,0.1054,1.0606,3.3009,2.8447,0.1596,1.8215,7.9684,4.3005,23.8333,17.1478,107.0713,100.0000,80.3869,19.3701,8.1218,16.0731,5.5356,31.4273,13.0917,36.3385,5.6391,27.1530,61.5932,61.8389,28.8016,1.8411,6.5015,10.6561,69.1756,18.5069,7.4279,5.6732,17.3179,8.4322,9.6764,25.5883,25.5264,8.6077,13.9679,0.8441,8.8304,0.8172,0.4977,5.1089,2.1772,3.9667,1.9138,1.4059,6.4883,5.0997,4.0739,0.1690,2.6171,0.9342,2.4377,10.5090,7.5452,4.0717,11.4493,2.6976,0.3211,0.8406,0.6920,1.1913,2.4570,10.1329,3.9839,3.2911,7.7120,2.4299,2.0648,1.4007,2.7659,1.2949,1.2909,4.5067,0.3578,0.7041,19.5065,6.0076,4.4454,2.5936,0.5511,1.1594,2.5739,2.7512,21.4273,30.7599,30.1384,27.4550,6.4403,100.0000,73.1983,66.3423,100.0000,100.0000,72.8998,105.6055,18.1833,18.2437,10.7496,1.1275,3.6289,8.1464,22.8421,17.3304,33.1444,10.7745,13.3181,8.2939,100.0000,41.7997,15.3523,14.4469,41.8341,16.4038,24.0851,14.0218,14.0216,14.0214,14.0212,14.0210,14.0209,14.0207,14.0205,14.0203,14.0201,14.0200,14.0198,14.0196,14.0194,14.0193,14.0191,14.0189,14.0187,14.0185,14.0184,14.0182,14.0180,14.0178,14.0176,14.0175,14.0173,14.0171,14.0169,14.0167,14.0166,14.0164,14.0162,14.0160,14.0159,14.0157,14.0155,14.0153,14.0151,14.0150,14.0148,14.0146,14.0144,14.0142,14.0141,14.0139,14.0137,14.0135,14.0134,14.0132,14.0130
45108.4166667,0.8904,4.1529,2.4763,5.9395,38.3001,5.1640,7.7356,2.0760,7.7370,6.4742,5.4519,2.9303,0.4744,1.9511,2.5679,1.5130,2.2277,1.6582,0.4249,0.2487,3.1303,0.7614,0.2200,0.7751,0.7421,6.1151,1.0819,0.2253,1.0996,0.2097,0.9631,1.5435,1.7027,1.1834,1.9578,0.9031,2.8443,3.1217,0.5773,5.3759,7.2565,4.6510,3.6338,5.1570,52.7916,5.5944,2.7818,4.8293,0.7692,1.8703,3.7930,3.3045,3.7661,5.2781,0.3825,4.1528,2.5184,4.4544,12.5244,4.2223,3.3585,2.0444,2.2196,2.6423,1.0881,1.5196,2.0117,1.8968,0.0162,0.1054,1.0606,3.3009,2.8447,0.1596,1.8215,7.9684,4.3005,23.8333,17.1478,107.0713,100.0000,80.3869,19.3701,8.1218,16.0731,5.5356,31.4273,13.0917,36.3385,5.6391,27.1530,61.5932,61.8389,28.8016,1.8411,6.5015,10.6561,69.1756,18.5069,7.4279,5.6732,17.3179,8.4322,9.6764,25.5883,25.5264,8.6077,13.9679,0.8441,8.8304,0.8172,0.4977,5.1089,2.1772,3.9667,1.9138,1.4059,6.4883,5.0997,4.0739,0.1690,2.6171,0.9342,2.4377,10.5090,7.5452,4.0717,11.4493,2.6976,0.3211,0.8406,0.6920,1.1913,2.4570,10.1329,3.9839,3.2911,7.7120,2.4299,2.0648,1.4007,2.7659,1.2949,1.2909,4.5067,0.3578,0.7041,19.5065,6.0076,4.4454,2.5936,0.5511,1.1594,2.5739,2.7512,21.4273,30.7599,30.1384,27.4550,6.4403,100.0000,73.1983,66.3423,100.0000,100.0000,72.8998,105.6055,18.1833,18.2437,10.7496,1.1275,3.6289,8.1464,22.8421,17.3304,33.1444,10.7745,13.3181,8.2939,100.0000,41.7997,15.3523,14.4469,41.8341,16.4038,24.0851,14.0218,14.0216,14.0214,14.0212,14.0210,14.0209,14.0207,14.0205,14.0203,14.0201,14.0200,14.0198,14.0196,14.0194,14.0193,14.0191,14.0189,14.0187,14.0185,14.0184,14.0182,14.0180,14.0178,14.0176,14.0175,14.0173,14.0171,14.0169,14.0167,14.0166,14.0164,14.0162,14.0160,14.0159,14.0157,14.0155,14.0153,14.0151,14.0150,14.0148,14.0146,14.0144,14.0142,14.0141,14.0139,14.0137,14.0135,14.0134,14.0132,14.0130
45108.4583333,0.8904,4.1529,2.4763,5.9395,38.3001,5.1640,7.7356,2.0760,7.7370,6.4742,5.4519,2.9303,0.4744,1.9511,2.5679,1.5130,2.2277,1.6582,0.4249,0.2487,3.1303,0.7614,0.2200,0.7751,0.7421,6.1151,1.0819,0.2253,1.0996,0.2097,0.9631,1.5435,1.7027,1.1834,1.9578,0.9031,2.8443,3.1217,0.5773,5.3759,7.2565,4.6510,3.6338,5.1570,52.7916,5.5944,2.7818,4.8293,0.7692,1.8703,3.7930,3.3045,3.7661,5.2781,0.3825,4.1528,2.5184,4.4544,12.5244,4.2223,3.3585,2.0444,2.2196,2.6423,1.0881,1.5196,2.0117,1.8968,0.0162,0.1054,1.0606,3.3009,2.8447,0.1596,1.8215,7.9684,4.3005,23.8333,17.1478,107.0713,100.0000,80.3869,19.3701,8.1218,16.0731,5.5356,31.4273,13.0917,36.3385,5.6391,27.1530,61.5932,61.8389,28.8016,1.8411,6.5015,10.6561,69.1756,18.5069,7.4279,5.6732,17.3179,8.4322,9.6764,25.5883,25.5264,8.6077,13.9679,0.8441,8.8304,0.8172,0.4977,5.1089,2.1772,3.9667,1.9138,1.4059,6.4883,5.0997,4.0739,0.1690,2.6171,0.9342,2.4377,10.5090,7.5452,4.0717,11.4493,2.6976,0.3211,0.8406,0.6920,1.1913,2.4570,10.1329,3.9839,3.2911,7.7120,2.4299,2.0648,1.4007,2.7659,1.2949,1.2909,4.5067,0.3578,0.7041,19.5065,6.0076,4.4454,2.5936,0.5511,1.1594,2.5739,2.7512,21.4273,30.7599,30.1384,27.4550,6.4403,100.0000,73.1983,66.3423,100.0000,100.0000,72.8998,105.6055,18.1833,18.2437,10.7496,1.1275,3.6289,8.1464,22.8421,17.3304,33.1444,10.7745,13.3181,8.2939,100.0000,41.7997,15.3523,14.4469,41.8341,16.4038,24.0851,14.0218,14.0216,14.0214,14.0212,14.0210,14.0209,14.0207,14.0205,14.0203,14.0201,14.0200,14.0198,14.0196,14.0194,14.0193,14.0191,14.0189,14.0187,14.0185,14.0184,14.0182,14.0180,14.0178,14.0176,14.0175,14.0173,14.0171,14.0169,14.0167,14.0166,14.0164,14.0162,14.0160,14.0159,14.0157,14.0155,14.0153,14.0151,14.0150,14.0148,14.0146,14.0144,14.0142,14.0141,14.0139,14.0137,14.0135,14.0134,14.0132,14.0130
45108.5000000,0.8904,4.1529,2.4763,5.9395,38.3001,5.1640,7.7356,2.0760,7.7370,6.4742,5.4519,2.9303,0.4744,1.9511,2.5679,1.5130,2.2277,1.6582,0.4249,0.2487,3.1303,0.7614,0.2200,0.7751,0.7421,6.1151,1.0819,0.2253,1.0996,0.2097,0.9631,1.5435,1.7027,1.1834,1.9578,0.9031,2.8443,3.1217,0.5773,5.3759,7.2565,4.6510,3.6338,5.1570,52.7916,5.5944,2.7818,4.8293,0.7692,1.8703,3.7930,3.3045,3.7661,5.2781,0.3825,4.1528,2.5184,4.4544,12.5244,4.2223,3.3585,2.0444,2.2196,2.6423,1.0881,1.5196,2.0117,1.8968,0.0162,0.1054,1.0606,3.3009,2.8447,0.1596,1.8215,7.9684,4.3005,23.8333,17.1478,107.0713,100.0000,80.3869,19.3701,8.1218,16.0731,5.5356,31.4273,13.0917,36.3385,5.6391,27.1530,61.5932,61.8389,28.8016,1.8411,6.5015,10.6561,69.1756,18.5069,7.4279,5.6732,17.3179,8.4322,9.6764,25.5883,25.5264,8.6077,13.9679,0.8441,8.8304,0.8172,0.4977,5.1089,2.1772,3.9667,1.9138,1.4059,6.4883,5.0997,4.0739,0.1690,2.6171,0.9342,2.4377,10.5090,7.5452,4.0717,11.4493,2.6976,0.3211,0.8406,0.6920,1.1913,2.4570,10.1329,3.9839,3.2911,7.7120,2.4299,2.0648,1.4007,2.7659,1.2949,1.2909,4.5067,0.3578,0.7041,19.5065,6.0076,4.4454,2.5936,0.5511,1.1594,2.5739,2.7512,21.4273,30.7599,30.1384,27.4550,6.4403,100.0000,73.1983,66.3423,100.0000,100.0000,72.8998,105.6055,18.1833,18.2437,10.7496,1.1275,3.6289,8.1464,22.8421,17.3304,33.1444,10.7745,13.3181,8.2939,100.0000,41.7997,15.3523,14.4469,41.8341,16.4038,24.0851,14.0218,14.0216,14.0214,14.0212,14.0210,14.0209,14.0207,14.0205,14.0203,14.0201,14.0200,14.0198,14.0196,14.0194,14.0193,14.0191,14.0189,14.0187,14.0185,14.0184,14.0182,14.0180,14.0178,14.0176,14.0175,14.0173,14.0171,14.0169,14.0167,14.0166,14.0164,14.0162,14.0160,14.0159,14.0157,14.0155,14.0153,14.0151,14.0150,14.0148,14.0146,14.0144,14.0142,14.0141,14.0139,14.0137,14.0135,14.0134,14.0132,14.0130
45108.5416667,0.8904,4.1529,2.4763,5.9395,38.3001,5.1640,7.7356,2.0760,7.7370,6.4742,5.4519,2.9303,0.4744,1.9511,2.5679,1.5130,2.2277,1.6582,0.4249,0.2487,3.1303,0.7614,0.2200,0.7751,0.7421,6.1151,1.0819,0.2253,1.0996,0.2097,0.9631,1.5435,1.7027,1.1834,1.9578,0.9031,2.8443,3.1217,0.5773,5.3759,7.2565,4.6510,3.6338,5.1570,52.7916,5.5944,2.7818,4.8293,0.7692,1.8703,3.7930,3.3045,3.7661,5.2781,0.3825,4.1528,2.5184,4.4544,12.5244,4.2223,3.3585,2.0444,2.2196,2.6423,1.0881,1.5196,2.0117,1.8968,0.0162,0.1054,1.0606,3.3009,2.8447,0.1596,1.8215,7.9684,4.3005,23.8333,17.1478,107.0713,100.0000,80.3869,19.3701,8.1218,16.0731,5.5356,31.4273,13.0917,36.3385,5.6391,27.1530,61.5932,61.8389,28.8016,1.8411,6.5015,10.6561,69.1756,18.5069,7.4279,5.6732,17.3179,8.4322,9.6764,25.5883,25.5264,8.6077,13.9679,0.8441,8.8304,0.8172,0.4977,5.1089,2.1772,3.9667,1.9138,1.4059,6.4883,5.0997,4.0739,0.1690,2.6171,0.9342,2.4377,10.5090,7.5452,4.0717,11.4493,2.6976,0.3211,0.8406,0.6920,1.1913,2.4570,10.1329,3.9839,3.2911,7.7120,2.4299,2.0648,1.4007,2.7659,1.2949,1.2909,4.5067,0.3578,0.7041,19.5065,6.0076,4.4454,2.5936,0.5511,1.1594,2.5739,2.7512,21.4273,30.7599,30.1384,27.4550,6.4403,100.0000,73.1983,66.3423,100.0000,100.0000,72.8998,105.6055,18.1833,18.2437,10.7496,1.1275,3.6289,8.1464,22.8421,17.3304,33.1444,10.7745,13.3181,8.2939,100.0000,41.7997,15.3523,14.4469,41.8341,16.4038,24.0851,14.0218,14.0216,14.0214,14.0212,14.0210,14.0209,14.0207,14.0205,14.0203,14.0201,14.0200,14.0198,14.0196,14.0194,14.0193,14.0191,14.0189,14.0187,14.0185,14.0184,14.0182,14.0180,14.0178,14.0176,14.0175,14.0173,14.0171,14.0169,14.0167,14.0166,14.0164,14.0162,14.0160,14.0159,14.0157,14.0155,14.0153,14.0151,14.0150,14.0148,14.0146,14.0144,14.0142,14.0141,14.0139,14.0137,14.0135,14.0134,14.0132,14.0130
45108.5833333,0.8904,4.1529,2.4763,5.9395,38.3001,5.1640,7.7356,2.0760,7.7370,6.4742,5.4519,2.9303,0.4744,1.9511,2.5679,1.5130,2.2277,1.6582,0.4249,0.2487,3.1303,0.7614,0.2200,0.7751,0.7421,6.1151,1.0819,0.2253,1.0996,0.2097,0.9631,1.5435,1.7027,1.1834,1.9578,0.9031,2.8443,3.1217,0.5773,5.3759,7.2565,4.6510,3.6338,5.1570,52.7916,5.5944,2.7818,4.8293,0.7692,1.8703,3.7930,3.3045,3.7661,5.2781,0.3825,4.1528,2.5184,4.4544,12.5244,4.2223,3.3585,2.0444,2.2196,2.6423,1.0881,1.5196,2.0117,1.8968,0.0162,0.1054,1.0606,3.3009,2.8447,0.1596,1.8215,7.9684,4.3005,23.8333,17.1478,107.0713,100.0000,80.3869,19.3701,8.1218,16.0731,5.5356,31.4273,13.0917,36.3385,5.6391,27.1530,61.5932,61.8389,28.8016,1.8411,6.5015,10.6561,69.1756,18.5069,7.4279,5.6732,17.3179,8.4322,9.6764,25.5883,25.5264,8.6077,13.9679,0.8441,8.8304,0.8172,0.4977,5.1089,2.1772,3.9667,1.9138,1.4059,6.4883,5.0997,4.0739,0.1690,2.6171,0.9342,2.4377,10.5090,7.5452,4.0717,11.4493,2.6976,0.3211,0.8406,0.6920,1.1913,2.4570,10.1329,3.9839,3.2911,7.7120,2.4299,2.0648,1.4007,2.7659,1.2949,1.2909,4.5067,0.3578,0.7041,19.5065,6.0076,4.4454,2.5936,0.5511,1.1594,2.5739,2.7512,21.4273,30.7599,30.1384,27.4550,6.4403,100.0000,73.1983,66.3423,100.0000,100.0000,72.8998,105.6055,18.1833,18.2437,10.7496,1.1275,3.6289,8.1464,22.8421,17.3304,33.1444,10.7745,13.3181,8.2939,100.0000,41.7997,15.3523,14.4469,41.8341,16.4038,24.0851,14.0218,14.0216,14.0214,14.0212,14.0210,14.0209,14.0207,14.0205,14.0203,14.0201,14.0200,14.0198,14.0196,14.0194,14.0193,14.0191,14.0189,14.0187,14.0185,14.0184,14.0182,14.0180,14.0178,14.0176,14.0175,14.0173,14.0171,14.0169,14.0167,14.0166,14.0164,14.0162,14.0160,14.0159,14.0157,14.0155,14.0153,14.0151,14.0150,14.0148,14.0146,14.0144,14.0142,14.0141,14.0139,14.0137,14.0135,14.0134,14.0132,14.0130
45108.6250000,0.8904,4.1529,2.4763,5.9395,38.3001,5.1640,7.7356,2.0760,7.7370,6.4742,5.4519,2.9303,0.4744,1.9511,2.5679,1.5130,2.2277,1.6582,0.4249,0.2487,3.1303,0.7614,0.2200,0.7751,0.7421,6.1151,1.0819,0.2253,1.0996,0.2097,0.9631,1.5435,1.7027,1.1834,1.9578,0.9031,2.8443,3.1217,0.5773,5.3759,7.2565,4.6510,3.6338,5.1570,52.7916,5.5944,2.7818,4.8293,0.7692,1.8703,3.7930,3.3045,3.7661,5.2781,0.3825,4.1528,2.5184,4.4544,12.5244,4.2223,3.3585,2.0444,2.2196,2.6423,1.0881,1.5196,2.0117,1.8968,0.0162,0.1054,1.0606,3.3009,2.8447,0.1596,1.8215,7.9684,4.3005,23.8333,17.1478,107.0713,100.0000,80.3869,19.3701,8.1218,16.0731,5.5356,31.4273,13.0917,36.3385,5.6391,27.1530,61.5932,61.8389,28.8016,1.8411,6.5015,10.6561,69.1756,18.5069,7.4279,5.6732,17.3179,8.4322,9.6764,25.5883,25.5264,8.6077,13.9679,0.8441,8.8304,0.8172,0.4977,5.1089,2.1772,3.9667,1.9138,1.4059,6.4883,5.0997,4.0739,0.1690,2.6171,0.9342,2.4377,10.5090,7.5452,4.0717,11.4493,2.6976,0.3211,0.8406,0.6920,1.1913,2.4570,10.1329,3.9839,3.2911,7.7120,2.4299,2.0648,1.4007,2.7659,1.2949,1.2909,4.5067,0.3578,0.7041,19.5065,6.0076,4.4454,2.5936,0.5511,1.1594,2.5739,2.7512,21.4273,30.7599,30.1384,27.4550,6.4403,100.0000,73.1983,66.3423,100.0000,100.0000,72.8998,105.6055,18.1833,18.2437,10.7496,1.1275,3.6289,8.1464,22.8421,17.3304,33.1444,10.7745,13.3181,8.2939,100.0000,41.7997,15.3523,14.4469,41.8341,16.4038,24.0851,14.0218,14.0216,14.0214,14.0212,14.0210,14.0209,14.0207,14.0205,14.0203,14.0201,14.0200,14.0198,14.0196,14.0194,14.0193,14.0191,14.0189,14.0187,14.0185,14.0184,14.0182,14.0180,14.0178,14.0176,14.0175,14.0173,14.0171,14.0169,14.0167,14.0166,14.0164,14.0162,14.0160,14.0159,14.0157,14.0155,14.0153,14.0151,14.0150,14.0148,14.0146,14.0144,14.0142,14.0141,14.0139,14.0137,14.0135,14.0134,14.0132,14.0130
45108.6666667,0.8904,4.1529,2.4763,5.9395,38.3001,5.1640,7.7356,2.0760,7.7370,6.4742,5.4519,2.9303,0.4744,1.9511,2.5679,1.5130,2.2277,1.6582,0.4249,0.2487,3.1303,0.7614,0.2200,0.7751,0.7421,6.1151,1.0819,0.2253,1.0996,0.2097,0.9631,1.5435,1.7027,1.1834,1.9578,0.9031,2.8443,3.1217,0.5773,5.3759,7.2565,4.6510,3.6338,5.1570,52.7916,5.5944,2.7818,4.8293,0.7692,1.8703,3.7930,3.3045,3.7661,5.2781,0.3825,4.1528,2.5184,4.4544,12.5244,4.2223,3.3585,2.0444,2.2196,2.6423,1.0881,1.5196,2.0117,1.8968,0.0162,0.1054,1.0606,3.3009,2.8447,0.1596,1.8215,7.9684,4.3005,23.8333,17.1478,107.0713,100.0000,80.3869,19.3701,8.1218,16.0731,5.5356,31.4273,13.0917,36.3385,5.6391,27.1530,61.5932,61.8389,28.8016,1.8411,6.5015,10.6561,69.1756,18.5069,7.4279,5.6732,17.3179,8.4322,9.6764,25.5883,25.5264,8.6077,13.9679,0.8441,8.8304,0.8172,0.4977,5.1089,2.1772,3.9667,1.9138,1.4059,6.4883,5.0997,4.0739,0.1690,2.6171,0.9342,2.4377,10.5090,7.5452,4.0717,11.4493,2.6976,0.3211,0.8406,0.6920,1.1913,2.4570,10.1329,3.9839,3.2911,7.7120,2.4299,2.0648,1.4007,2.7659,1.2949,1.2909,4.5067,0.3578,0.7041,19.5065,6.0076,4.4454,2.5936,0.5511,1.1594,2.5739,2.7512,21.4273,30.7599,30.1384,27.4550,6.4403,100.0000,73.1983,66.3423,100.0000,100.0000,72.8998,105.6055,18.1833,18.2437,10.7496,1.1275,3.6289,8.1464,22.8421,17.3304,33.1444,10.7745,13.3181,8.2939,100.0000,41.7997,15.3523,14.4469,41.8341,16.4038,24.0851,14.0218,14.0216,14.0214,14.0212,14.0210,14.0209,14.0207,14.0205,14.0203,14.0201,14.0200,14.0198,14.0196,14.0194,14.0193,14.0191,14.0189,14.0187,14.0185,14.0184,14.0182,14.0180,14.0178,14.0176,14.0175,14.0173,14.0171,14.0169,14.0167,14.0166,14.0164,14.0162,14.0160,14.0159,14.0157,14.0155,14.0153,14.0151,14.0150,14.0148,14.0146,14.0144,14.0142,14.0141,14.0139,14.0137,14.0135,14.0134,14.0132,14.0130
45108.7083333,0.8904,4.1529,2.4763,5.9395,38.3001,5.1640,7.7356,2.0760,7.7370,6.4742,5.4519,2.9303,0.4744,1.9511,2.5679,1.5130,2.2277,1.6582,0.4249,0.2487,3.1303,0.7614,0.2200,0.7751,0.7421,6.1151,1.0819,0.2253,1.0996,0.2097,0.9631,1.5435,1.7027,1.1834,1.9578,0.9031,2.8443,3.1217,0.5773,5.3759,7.2565,4.6510,3.6338,5.1570,52.7916,5.5944,2.7818,4.8293,0.7692,1.8703,3.7930,3.3045,3.7661,5.2781,0.3825,4.1528,2.5184,4.4544,12.5244,4.2223,3.3585,2.0444,2.2196,2.6423,1.0881,1.5196,2.0117,1.8968,0.0162,0.1054,1.0606,3.3009,2.8447,0.1596,1.8215,7.9684,4.3005,23.8333,17.1478,107.0713,100.0000,80.3869,19.3701,8.1218,16.0731,5.5356,31.4273,13.0917,36.3385,5.6391,27.1530,61.5932,61.8389,28.8016,1.8411,6.5015,10.6561,69.1756,18.5069,7.4279,5.6732,17.3179,8.4322,9.6764,25.5883,25.5264,8.6077,13.9679,0.8441,8.8304,0.8172,0.4977,5.1089,2.1772,3.9667,1.9138,1.4059,6.4883,5.0997,4.0739,0.1690,2.6171,0.9342,2.4377,10.5090,7.5452,4.0717,11.4493,2.6976,0.3211,0.8406,0.6920,1.1913,2.4570,10.1329,3.9839,3.2911,7.7120,2.4299,2.0648,1.4007,2.7659,1.2949,1.2909,4.5067,0.3578,0.7041,19.5065,6.0076,4.4454,2.5936,0.5511,1.1594,2.5739,2.7512,21.4273,30.7599,30.1384,27.4550,6.4403,100.0000,73.1983,66.3423,100.0000,100.0000,72.8998,105.6055,18.1833,18.2437,10.7496,1.1275,3.6289,8.1464,22.8421,17.3304,33.1444,10.7745,13.3181,8.2939,100.0000,41.7997,15.3523,14.4469,41.8341,16.4038,24.0851,14.0218,14.0216,14.0214,14.0212,14.0210,14.0209,14.0207,14.0205,14.0203,14.0201,14.0200,14.0198,14.0196,14.0194,14.0193,14.0191,14.0189,14.0187,14.0185,14.0184,14.0182,14.0180,14.0178,14.0176,14.0175,14.0173,14.0171,14.0169,14.0167,14.0166,14.0164,14.0162,14.0160,14.0159,14.0157,14.0155,14.0153,14.0151,14.0150,14.0148,14.0146,14.0144,14.0142,14.0141,14.0139,14.0137,14.0135,14.0134,14.0132,14.0130
45108.7500000,0.8904,4.1529,2.4763,5.9395,38.3001,5.1640,7.7356,2.0760,7.7370,6.4742,5.4519,2.9303,0.4744,1.9511,2.5679,1.5130,2.2277,1.6582,0.4249,0.2487,3.1303,0.7614,0.2200,0.7751,0.7421,6.1151,1.0819,0.2253,1.0996,0.2097,0.9631,1.5435,1.7027,1.1834,1.9578,0.9031,2.8443,3.1217,0.5773,5.3759,7.2565,4.6510,3.6338,5.1570,52.7916,5.5944,2.7818,4.8293,0.7692,1.8703,3.7930,3.3045,3.7661,5.2781,0.3825,4.1528,2.5184,4.4544,12.5244,4.2223,3.3585,2.0444,2.2196,2.6423,1.0881,1.5196,2.0117,1.8968,0.0162,0.1054,1.0606,3.3009,2.8447,0.1596,1.8215,7.9684,4.3005,23.8333,17.1478,107.0713,100.0000,80.3869,19.3701,8.1218,16.0731,5.5356,31.4273,13.0917,36.3385,5.6391,27.1530,61.5932,61.8389,28.8016,1.8411,6.5015,10.6561,69.1756,18.5069,7.4279,5.6732,17.3179,8.4322,9.6764,25.5883,25.5264,8.6077,13.9679,0.8441,8.8304,0.8172,0.4977,5.1089,2.1772,3.9667,1.9138,1.4059,6.4883,5.0997,4.0739,0.1690,2.6171,0.9342,2.4377,10.5090,7.5452,4.0717,11.4493,2.6976,0.3211,0.8406,0.6920,1.1913,2.4570,10.1329,3.9839,3.2911,7.7120,2.4299,2.0648,1.4007,2.7659,1.2949,1.2909,4.5067,0.3578,0.7041,19.5065,6.0076,4.4454,2.5936,0.5511,1.1594,2.5739,2.7512,21.4273,30.7599,30.1384,27.4550,6.4403,100.0000,73.1983,66.3423,100.0000,100.0000,72.8998,105.6055,18.1833,18.2437,10.7496,1.1275,3.6289,8.1464,22.8421,17.3304,33.1444,10.7745,13.3181,8.2939,100.0000,41.7997,15.3523,14.4469,41.8341,16.4038,24.0851,14.0218,14.0216,14.0214,14.0212,14.0210,14.0209,14.0207,14.0205,14.0203,14.0201,14.0200,14.0198,14.0196,14.0194,14.0193,14.0191,14.0189,14.0187,14.0185,14.0184,14.0182,14.0180,14.0178,14.0176,14.0175,14.0173,14.0171,14.0169,14.0167,14.0166,14.0164,14.0162,14.0160,14.0159,14.0157,14.0155,14.0153,14.0151,14.0150,14.0148,14.0146,14.0144,14.0142,14.0141,14.0139,14.0137,14.0135,14.0134,14.0132,14.0130
45108.7916667,0.8904,4.1529,2.4763,5.9395,38.3001,5.1640,7.7356,2.0760,7.7370,6.4742,5.4519,2.9303,0.4744,1.9511,2.5679,1.5130,2.2277,1.6582,0.4249,0.2487,3.1303,0.7614,0.2200,0.7751,0.7421,6.1151,1.0819,0.2253,1.0996,0.2097,0.9631,1.5435,1.7027,1.1834,1.9578,0.9031,2.8443,3.1217,0.5773,5.3759,7.2565,4.6510,3.6338,5.1570,52.7916,5.5944,2.7818,4.8293,0.7692,1.8703,3.7930,3.3045,3.7661,5.2781,0.3825,4.1528,2.5184,4.4544,12.5244,4.2223,3.3585,2.0444,2.2196,2.6423,1.0881,1.5196,2.0117,1.8968,0.0162,0.1054,1.0606,3.3009,2.8447,0.1596,1.8215,7.9684,4.3005,23.8333,17.1478,107.0713,100.0000,80.3869,19.3701,8.1218,16.0731,5.5356,31.4273,13.0917,36.3385,5.6391,27.1530,61.5932,61.8389,28.8016,1.8411,6.5015,10.6561,69.1756,18.5069,7.4279,5.6732,17.3179,8.4322,9.6764,25.5883,25.5264,8.6077,13.9679,0.8441,8.8304,0.8172,0.4977,5.1089,2.1772,3.9667,1.9138,1.4059,6.4883,5.0997,4.0739,0.1690,2.6171,0.9342,2.4377,10.5090,7.5452,4.0717,11.4493,2.6976,0.3211,0.8406,0.6920,1.1913,2.4570,10.1329,3.9839,3.2911,7.7120,2.4299,2.0648,1.4007,2.7659,1.2949,1.2909,4.5067,0.3578,0.7041,19.5065,6.0076,4.4454,2.5936,0.5511,1.1594,2.5739,2.7512,21.4273,30.7599,30.1384,27.4550,6.4403,100.0000,73.1983,66.3423,100.0000,100.0000,72.8998,105.6055,18.1833,18.2437,10.7496,1.1275,3.6289,8.1464,22.8421,17.3304,33.1444,10.7745,13.3181,8.2939,100.0000,41.7997,15.3523,14.4469,41.8341,16.4038,24.0851,14.0218,14.0216,14.0214,14.0212,14.0210,14.0209,14.0207,14.0205,14.0203,14.0201,14.0200,14.0198,14.0196,14.0194,14.0193,14.0191,14.0189,14.0187,14.0185,14.0184,14.0182,14.0180,14.0178,14.0176,14.0175,14.0173,14.0171,14.0169,14.0167,14.0166,14.0164,14.0162,14.0160,14.0159,14.0157,14.0155,14.0153,14.0151,14.0150,14.0148,14.0146,14.0144,14.0142,14.0141,14.0139,14.0137,14.0135,14.0134,14.0132,14.0130
45108.8333333,0.8904,4.1529,2.4763,5.9395,38.3001,5.1640,7.7356,2.0760,7.7370,6.4742,5.4519,2.9303,0.4744,1.9511,2.5679,1.5130,2.2277,1.6582,0.4249,0.2487,3.1303,0.7614,0.2200,0.7751,0.7421,6.1151,1.0819,0.2253,1.0996,0.2097,0.9631,1.5435,1.7027,1.1834,1.9578,0.9031,2.8443,3.1217,0.5773,5.3759,7.2565,4.6510,3.6338,5.1570,52.7916,5.5944,2.7818,4.8293,0.7692,1.8703,3.7930,3.3045,3.7661,5.2781,0.3825,4.1528,2.5184,4.4544,12.5244,4.2223,3.3585,2.0444,2.2196,2.6423,1.0881,1.5196,2.0117,1.8968,0.0162,0.1054,1.0606,3.3009,2.8447,0.1596,1.8215,7.9684,4.3005,23.8333,17.1478,107.0713,100.0000,80.3869,19.3701,8.1218,16.0731,5.5356,31.4273,13.0917,36.3385,5.6391,27.1530,61.5932,61.8389,28.8016,1.8411,6.5015,10.6561,69.1756,18.5069,7.4279,5.6732,17.3179,8.4322,9.6764,25.5883,25.5264,8.6077,13.9679,0.8441,8.8304,0.8172,0.4977,5.1089,2.1772,3.9667,1.9138,1.4059,6.4883,5.0997,4.0739,0.1690,2.6171,0.9342,2.4377,10.5090,7.5452,4.0717,11.4493,2.6976,0.3211,0.8406,0.6920,1.1913,2.4570,10.1329,3.9839,3.2911,7.7120,2.4299,2.0648,1.4007,2.7659,1.2949,1.2909,4.5067,0.3578,0.7041,19.5065,6.0076,4.4454,2.5936,0.5511,1.1594,2.5739,2.7512,21.4273,30.7599,30.1384,27.4550,6.4403,100.0000,73.1983,66.3423,100.0000,100.0000,72.8998,105.6055,18.1833,18.2437,10.7496,1.1275,3.6289,8.1464,22.8421,17.3304,33.1444,10.7745,13.3181,8.2939,100.0000,41.7997,15.3523,14.4469,41.8341,16.4038,24.0851,14.0218,14.0216,14.0214,14.0212,14.0210,14.0209,14.0207,14.0205,14.0203,14.0201,14.0200,14.0198,14.0196,14.0194,14.0193,14.0191,14.0189,14.0187,14.0185,14.0184,14.0182,14.0180,14.0178,14.0176,14.0175,14.0173,14.0171,14.0169,14.0167,14.0166,14.0164,14.0162,14.0160,14.0159,14.0157,14.0155,14.0153,14.0151,14.0150,14.0148,14.0146,14.0144,14.0142,14.0141,14.0139,14.0137,14.0135,14.0134,14.0132,14.0130
45108.8750000,0.8904,4.1529,2.4763,5.9395,38.3001,5.1640,7.7356,2.0760,7.7370,6.4742,5.4519,2.9303,0.4744,1.9511,2.5679,1.5130,2.2277,1.6582,0.4249,0.2487,3.1303,0.7614,0.2200,0.7751,0.7421,6.1151,1.0819,0.2253,1.0996,0.2097,0.9631,1.5435,1.7027,1.1834,1.9578,0.9031,2.8443,3.1217,0.5773,5.3759,7.2565,4.6510,3.6338,5.1570,52.7916,5.5944,2.7818,4.8293,0.7692,1.8703,3.7930,3.3045,3.7661,5.2781,0.3825,4.1528,2.5184,4.4544,12.5244,4.2223,3.3585,2.0444,2.2196,2.6423,1.0881,1.5196,2.0117,1.8968,0.0162,0.1054,1.0606,3.3009,2.8447,0.1596,1.8215,7.9684,4.3005,23.8333,17.1478,107.0713,100.0000,80.3869,19.3701,8.1218,16.0731,5.5356,31.4273,13.0917,36.3385,5.6391,27.1530,61.5932,61.8389,28.8016,1.8411,6.5015,10.6561,69.1756,18.5069,7.4279,5.6732,17.3179,8.4322,9.6764,25.5883,25.5264,8.6077,13.9679,0.8441,8.8304,0.8172,0.4977,5.1089,2.1772,3.9667,1.9138,1.4059,6.4883,5.0997,4.0739,0.1690,2.6171,0.9342,2.4377,10.5090,7.5452,4.0717,11.4493,2.6976,0.3211,0.8406,0.6920,1.1913,2.4570,10.1329,3.9839,3.2911,7.7120,2.4299,2.0648,1.4007,2.7659,1.2949,1.2909,4.5067,0.3578,0.7041,19.5065,6.0076,4.4454,2.5936,0.5511,1.1594,2.5739,2.7512,21.4273,30.7599,30.1384,27.4550,6.4403,100.0000,73.1983,66.3423,100.0000,100.0000,72.8998,105.6055,18.1833,18.2437,10.7496,1.1275,3.6289,8.1464,22.8421,17.3304,33.1444,10.7745,13.3181,8.2939,100.0000,41.7997,15.3523,14.4469,41.8341,16.4038,24.0851,14.0218,14.0216,14.0214,14.0212,14.0210,14.0209,14.0207,14.0205,14.0203,14.0201,14.0200,14.0198,14.0196,14.0194,14.0193,14.0191,14.0189,14.0187,14.0185,14.0184,14.0182,14.0180,14.0178,14.0176,14.0175,14.0173,14.0171,14.0169,14.0167,14.0166,14.0164,14.0162,14.0160,14.0159,14.0157,14.0155,14.0153,14.0151,14.0150,14.0148,14.0146,14.0144,14.0142,14.0141,14.0139,14.0137,14.0135,14.0134,14.0132,14.0130
45108.9166667,0.8904,4.1529,2.4763,5.9395,38.3001,5.1640,7.7356,2.0760,7.7370,6.4742,5.4519,2.9303,0.4744,1.9511,2.5679,1.5130,2.2277,1.6582,0.4249,0.2487,3.1303,0.7614,0.2200,0.7751,0.7421,6.1151,1.0819,0.2253,1.0996,0.2097,0.9631,1.5435,1.7027,1.1834,1.9578,0.9031,2.8443,3.1217,0.5773,5.3759,7.2565,4.6510,3.6338,5.1570,52.7916,5.5944,2.7818,4.8293,0.7692,1.8703,3.7930,3.3045,3.7661,5.2781,0.3825,4.1528,2.5184,4.4544,12.5244,4.2223,3.3585,2.0444,2.2196,2.6423,1.0881,1.5196,2.0117,1.8968,0.0162,0.1054,1.0606,3.3009,2.8447,0.1596,1.8215,7.9684,4.3005,23.8333,17.1478,107.0713,100.0000,80.3869,19.3701,8.1218,16.0731,5.5356,31.4273,13.0917,36.3385,5.6391,27.1530,61.5932,61.8389,28.8016,1.8411,6.5015,10.6561,69.1756,18.5069,7.4279,5.6732,17.3179,8.4322,9.6764,25.5883,25.5264,8.6077,13.9679,0.8441,8.8304,0.8172,0.4977,5.1089,2.1772,3.9667,1.9138,1.4059,6.4883,5.0997,4.0739,0.1690,2.6171,0.9342,2.4377,10.5090,7.5452,4.0717,11.4493,2.6976,0.3211,0.8406,0.6920,1.1913,2.4570,10.1329,3.9839,3.2911,7.7120,2.4299,2.0648,1.4007,2.7659,1.2949,1.2909,4.5067,0.3578,0.7041,19.5065,6.0076,4.4454,2.5936,0.5511,1.1594,2.5739,2.7512,21.4273,30.7599,30.1384,27.4550,6.4403,100.0000,73.1983,66.3423,100.0000,100.0000,72.8998,105.6055,18.1833,18.2437,10.7496,1.1275,3.6289,8.1464,22.8421,17.3304,33.1444,10.7745,13.3181,8.2939,100.0000,41.7997,15.3523,14.4469,41.8341,16.4038,24.0851,14.0218,14.0216,14.0214,14.0212,14.0210,14.0209,14.0207,14.0205,14.0203,14.0201,14.0200,14.0198,14.0196,14.0194,14.0193,14.0191,14.0189,14.0187,14.0185,14.0184,14.0182,14.0180,14.0178,14.0176,14.0175,14.0173,14.0171,14.0169,14.0167,14.0166,14.0164,14.0162,14.0160,14.0159,14.0157,14.0155,14.0153,14.0151,14.0150,14.0148,14.0146,14.0144,14.0142,14.0141,14.0139,14.0137,14.0135,14.0134,14.0132,14.0130
45108.9583333,0.8904,4.1529,2.4763,5.9395,38.3001,5.1640,7.7356,2.0760,7.7370,6.4742,5.4519,2.9303,0.4744,1.9511,2.5679,1.5130,2.2277,1.6582,0.4249,0.2487,3.1303,0.7614,0.2200,0.7751,0.7421,6.1151,1.0819,0.2253,1.0996,0.2097,0.9631,1.5435,1.7027,1.1834,1.9578,0.9031,2.8443,3.1217,0.5773,5.3759,7.2565,4.6510,3.6338,5.1570,52.7916,5.5944,2.7818,4.8293,0.7692,1.8703,3.7930,3.3045,3.7661,5.2781,0.3825,4.1528,2.5184,4.4544,12.5244,4.2223,3.3585,2.0444,2.2196,2.6423,1.0881,1.5196,2.0117,1.8968,0.0162,0.1054,1.0606,3.3009,2.8447,0.1596,1.8215,7.9684,4.3005,23.8333,17.1478,107.0713,100.0000,80.3869,19.3701,8.1218,16.0731,5.5356,31.4273,13.0917,36.3385,5.6391,27.1530,61.5932,61.8389,28.8016,1.8411,6.5015,10.6561,69.1756,18.5069,7.4279,5.6732,17.3179,8.4322,9.6764,25.5883,25.5264,8.6077,13.9679,0.8441,8.8304,0.8172,0.4977,5.1089,2.1772,3.9667,1.9138,1.4059,6.4883,5.0997,4.0739,0.1690,2.6171,0.9342,2.4377,10.5090,7.5452,4.0717,11.4493,2.6976,0.3211,0.8406,0.6920,1.1913,2.4570,10.1329,3.9839,3.2911,7.7120,2.4299,2.0648,1.4007,2.7659,1.2949,1.2909,4.5067,0.3578,0.7041,19.5065,6.0076,4.4454,2.5936,0.5511,1.1594,2.5739,2.7512,21.4273,30.7599,30.1384,27.4550,6.4403,100.0000,73.1983,66.3423,100.0000,100.0000,72.8998,105.6055,18.1833,18.2437,10.7496,1.1275,3.6289,8.1464,22.8421,17.3304,33.1444,10.7745,13.3181,8.2939,100.0000,41.7997,15.3523,14.4469,41.8341,16.4038,24.0851,14.0218,14.0216,14.0214,14.0212,14.0210,14.0209,14.0207,14.0205,14.0203,14.0201,14.0200,14.0198,14.0196,14.0194,14.0193,14.0191,14.0189,14.0187,14.0185,14.0184,14.0182,14.0180,14.0178,14.0176,14.0175,14.0173,14.0171,14.0169,14.0167,14.0166,14.0164,14.0162,14.0160,14.0159,14.0157,14.0155,14.0153,14.0151,14.0150,14.0148,14.0146,14.0144,14.0142,14.0141,14.0139,14.0137,14.0135,14.0134,14.0132,14.0130
