File Created:,Mon Jul 29 15:17:22 2024
Heat Source Version:,9.0.0b26
Simulation Name:,WFK23
User Text:,Westfork Kickapoo
Output:,Longwave Flux (watts/square meter)
""
Datetime,23.500,23.400,23.300,23.200,23.100,23.000,22.900,22.800,22.700,22.600,22.500,22.400,22.300,22.200,22.100,22.000,21.900,21.800,21.700,21.600,21.500,21.400,21.300,21.200,21.100,21.000,20.900,20.800,20.700,20.600,20.500,20.400,20.300,20.200,20.100,20.000,19.900,19.800,19.700,19.600,19.500,19.400,19.300,19.200,19.100,19.000,18.900,18.800,18.700,18.600,18.500,18.400,18.300,18.200,18.100,18.000,17.900,17.800,17.700,17.600,17.500,17.400,17.300,17.200,17.100,17.000,16.900,16.800,16.700,16.600,16.500,16.400,16.300,16.200,16.100,16.000,15.900,15.800,15.700,15.600,15.500,15.400,15.300,15.200,15.100,15.000,14.900,14.800,14.700,14.600,14.500,14.400,14.300,14.200,14.100,14.000,13.900,13.800,13.700,13.600,13.500,13.400,13.300,13.200,13.100,13.000,12.900,12.800,12.700,12.600,12.500,12.400,12.300,12.200,12.100,12.000,11.900,11.800,11.700,11.600,11.500,11.400,11.300,11.200,11.100,11.000,10.900,10.800,10.700,10.600,10.500,10.400,10.300,10.200,10.100,10.000,9.900,9.800,9.700,9.600,9.500,9.400,9.300,9.200,9.100,9.000,8.900,8.800,8.700,8.600,8.500,8.400,8.300,8.200,8.100,8.000,7.900,7.800,7.700,7.600,7.500,7.400,7.300,7.200,7.100,7.000,6.900,6.800,6.700,6.600,6.500,6.400,6.300,6.200,6.100,6.000,5.900,5.800,5.700,5.600,5.500,5.400,5.300,5.200,5.100,5.000,4.900,4.800,4.700,4.600,4.500,4.400,4.300,4.200,4.100,4.000,3.900,3.800,3.700,3.600,3.500,3.400,3.300,3.200,3.100,3.000,2.900,2.800,2.700,2.600,2.500,2.400,2.300,2.200,2.100,2.000,1.900,1.800,1.700,1.600,1.500,1.400,1.300,1.200,1.100,1.000,0.900,0.800,0.700,0.600,0.500,0.400,0.300,0.200,0.100,0.000
45108.0000000,-40.1617,-54.8032,-63.4093,-53.9738,-65.0691,-65.6800,-67.3201,-66.5246,-66.4196,-67.6898,-66.4801,-67.3050,-67.5434,-66.8956,-58.9372,-65.0850,-68.1243,-68.1430,-67.3795,-66.8894,-63.4733,-59.3377,-53.4521,-61.0880,-60.6620,-66.0952,-61.5073,-45.4570,-63.5769,-60.6392,-61.9037,-62.3998,-64.8269,-64.8678,-60.7782,-57.3704,-63.9996,-64.7759,-66.7814,-67.4775,-55.3918,-65.0329,-57.4753,-63.6125,-65.8031,-65.7616,-68.1398,-66.7603,-64.1889,-62.3326,-64.6783,-64.5347,-65.3339,-66.1507,-58.9417,-63.0017,-61.0841,-63.1394,-67.7428,-68.4280,-68.6100,-68.4202,-58.4802,-51.1685,-57.1191,-48.6424,-66.1123,-68.1613,-67.4661,-67.3968,-65.8438,-64.8163,-63.1027,-66.4160,-65.1228,-62.7415,-65.3508,-66.6029,-65.3964,-60.6871,-67.2337,-67.2395,-67.4483,-67.0346,-50.3834,-63.9269,-64.4200,-54.1998,-55.6820,-68.2763,-68.4948,-61.5327,-65.0691,-57.8329,-65.6382,-60.5821,-65.2609,-67.2819,-65.8728,-67.2327,-68.3069,-66.9121,-67.4873,-65.3452,-66.1090,-65.6874,-67.4967,-62.9357,-65.2172,-66.9260,-67.3739,-66.3524,-67.2036,-64.3766,-65.3223,-50.6310,-49.0218,-54.3244,-51.2986,-53.4022,-48.1082,-67.5322,-67.3516,-67.0555,-65.1975,-66.9964,-66.9315,-67.7688,-67.0956,-66.6145,-65.7894,-65.0717,-63.9659,-64.1819,-65.2300,-65.9826,-66.0120,-67.6895,-64.6653,-60.3911,-59.0230,-67.4520,-67.1548,-66.3117,-67.2585,-49.7388,-57.2156,-58.2946,-65.9679,-66.2736,-66.9194,-61.9737,-66.2860,-67.6510,-67.0007,-65.2068,-68.2924,-64.8138,-64.1515,-67.6244,-64.6071,-67.0970,-66.3141,-67.5495,-67.9556,-66.3123,-66.8303,-67.9418,-67.7835,-68.1464,-67.8224,-68.5034,-68.6315,-68.1703,-68.3802,-66.3047,-68.4875,-67.9560,-67.2582,-66.0562,-67.7626,-66.4352,-64.2109,-67.1462,-65.1293,-68.0995,-68.5251,-68.7813,-69.0238,-69.2615,-69.4994,-69.2035,-69.0969,-69.2868,-69.4748,-69.6425,-69.8083,-69.9741,-70.1398,-70.3054,-70.4709,-70.6363,-70.8015,-70.9666,-71.1315,-71.2963,-71.4609,-71.6253,-71.7895,-71.9534,-72.1172,-72.2807,-72.4440,-72.6070,-72.7697,-72.9322,-73.0944,-73.2562,-73.4178,-73.5790,-73.7399,-73.9005,-74.0607,-74.2206,-74.3801,-74.5392,-74.6979,-74.8562,-75.0141,-75.1716,-75.3268,-75.4803,-75.6334,-75.7861,-75.9383,-76.0901
45108.0416667,-38.9534,-53.4586,-62.0566,-52.6055,-63.5327,-64.0834,-65.3640,-60.8954,-60.9317,-62.2683,-61.1654,-62.2790,-62.9886,-60.8565,-53.6315,-60.6659,-64.6204,-65.3274,-65.1124,-65.2191,-62.0396,-57.9539,-52.1376,-59.8657,-59.5381,-64.9196,-60.3026,-44.4121,-62.2641,-59.4951,-60.8912,-61.4497,-63.9124,-63.9108,-59.8181,-56.4371,-62.9933,-63.7515,-65.8299,-64.8329,-52.7959,-62.4596,-54.9134,-61.0857,-63.5375,-63.9837,-66.6684,-63.4777,-61.3171,-59.5719,-61.6492,-61.7514,-62.6982,-63.5808,-56.5638,-60.9971,-59.4295,-61.6395,-65.9497,-66.7341,-67.0117,-66.8735,-57.0359,-49.8315,-55.8975,-47.5649,-65.1323,-66.5620,-67.0216,-67.2274,-65.6544,-64.5237,-62.7540,-66.1489,-64.8268,-62.2929,-64.8377,-65.0757,-63.7643,-58.7762,-65.1128,-64.9360,-65.0928,-64.1702,-47.5555,-61.0165,-61.5150,-51.3622,-52.9325,-65.6171,-65.9348,-58.6348,-62.3606,-55.3885,-63.4333,-58.5512,-63.3794,-65.4223,-64.1158,-65.5875,-66.7757,-65.4934,-61.6230,-59.6570,-60.6155,-60.4583,-62.5954,-57.0223,-60.2479,-63.1695,-64.6155,-64.5201,-65.1499,-62.5757,-63.6836,-49.0881,-47.6373,-53.0360,-50.0556,-52.2568,-47.2192,-66.7234,-66.3397,-66.1327,-64.2913,-66.1656,-66.1730,-66.8873,-66.2664,-65.8457,-65.0894,-64.4693,-63.4396,-63.6929,-64.4350,-65.2272,-65.3107,-66.9717,-63.8504,-59.6684,-58.3869,-66.8373,-66.5989,-65.8089,-66.7158,-49.3186,-56.8504,-57.7878,-65.4288,-65.7176,-66.3825,-61.6053,-66.0402,-67.4788,-66.8262,-64.9804,-67.9090,-64.3954,-62.6142,-66.1174,-63.0555,-65.2230,-63.3634,-64.5928,-64.9211,-63.3252,-63.9929,-65.2671,-65.5608,-66.3514,-66.4278,-65.4113,-65.9362,-65.8639,-66.3520,-64.4612,-66.8269,-66.4761,-65.9544,-64.8136,-66.5828,-65.3308,-63.1436,-66.0205,-64.0367,-67.0393,-67.4947,-67.7710,-68.0253,-68.2684,-68.5075,-68.2115,-68.1038,-68.2928,-68.4807,-68.6497,-68.8181,-68.9875,-69.1573,-69.3270,-69.4964,-69.6649,-69.8326,-69.9991,-70.1647,-70.3293,-70.4930,-70.6560,-70.8183,-70.9802,-71.1416,-71.3026,-71.4632,-71.6236,-71.7836,-71.9433,-72.1027,-72.2618,-72.4206,-72.5791,-72.7373,-72.8951,-73.0526,-73.2097,-73.3665,-73.5228,-73.6788,-73.8345,-73.9897,-74.1445,-74.2970,-74.4478,-74.5982,-74.7481,-74.8971,-75.0448
45108.0833333,-37.8947,-52.4729,-61.1238,-51.6759,-62.6726,-63.2485,-64.5670,-60.1701,-60.1529,-61.4443,-60.2516,-61.1798,-61.5936,-58.9602,-51.2118,-57.7111,-61.2062,-61.6581,-61.3594,-61.5212,-58.5370,-54.6406,-49.0574,-57.1055,-57.0937,-62.9063,-58.5385,-42.8865,-61.0944,-58.4969,-60.0276,-60.6559,-63.1810,-63.2211,-59.1573,-55.8012,-62.4109,-63.1978,-65.2913,-64.3118,-52.2272,-61.8933,-54.3002,-60.4383,-62.6998,-62.8681,-65.4077,-62.2191,-59.9510,-58.1804,-60.2582,-60.2979,-61.1658,-61.9873,-54.8883,-59.2100,-57.5546,-59.7583,-64.1394,-64.9781,-65.3324,-65.2842,-55.5207,-48.4046,-54.5750,-46.3067,-64.0410,-65.6199,-66.3888,-66.7826,-65.3235,-64.2881,-62.5984,-66.1169,-64.8113,-62.3038,-64.8734,-65.1350,-63.8183,-58.8110,-65.1556,-64.9642,-65.1020,-64.1465,-47.4523,-60.8929,-61.2938,-51.0071,-52.4486,-65.0425,-65.1814,-57.6967,-61.2503,-54.0733,-61.9963,-56.9819,-61.7435,-63.7804,-62.4381,-63.8892,-65.0693,-63.7927,-60.4662,-58.4768,-59.3827,-59.1245,-61.1206,-55.2957,-58.0153,-60.3164,-61.3355,-61.0373,-61.7258,-59.1881,-60.4023,-45.8827,-44.6265,-50.2876,-47.5561,-50.0541,-45.3651,-65.1650,-65.0037,-65.0031,-63.3188,-65.3829,-65.5141,-66.3077,-65.7335,-65.3401,-64.6048,-64.0031,-62.9884,-63.2609,-64.0409,-64.8642,-64.9737,-66.6646,-63.5508,-59.3599,-58.0689,-66.5366,-66.2904,-65.4929,-66.4070,-48.9653,-56.5300,-57.4948,-65.1779,-65.4885,-66.1861,-61.4296,-65.9020,-67.3702,-66.7295,-64.8956,-67.8544,-64.3451,-62.5383,-66.0584,-62.9803,-65.1290,-63.2661,-64.4686,-64.7662,-63.1087,-63.6677,-64.8089,-64.8289,-65.3649,-65.2368,-64.1121,-64.5160,-64.3639,-64.8053,-62.8946,-65.2524,-64.8929,-64.3679,-63.2475,-65.0432,-63.8081,-61.6425,-64.5673,-62.6103,-65.6739,-66.1920,-66.5373,-66.8655,-67.1851,-67.5012,-67.2789,-67.2417,-67.4966,-67.7442,-67.9657,-68.1797,-68.3877,-68.5898,-68.7861,-68.9770,-69.1630,-69.3444,-69.5220,-69.6962,-69.8676,-70.0369,-70.2044,-70.3706,-70.5357,-70.7000,-70.8637,-71.0267,-71.1892,-71.3512,-71.5126,-71.6733,-71.8335,-71.9931,-72.1519,-72.3102,-72.4678,-72.6248,-72.7811,-72.9369,-73.0922,-73.2469,-73.4011,-73.5548,-73.7081,-73.8590,-74.0081,-74.1568,-74.3051,-74.4527,-74.5995
45108.1250000,-39.7803,-54.7259,-63.5897,-53.9136,-65.1947,-65.7921,-67.1709,-62.8303,-62.8155,-64.1392,-62.9194,-63.8704,-64.2852,-61.4594,-53.4790,-60.0419,-63.4315,-63.6373,-63.0990,-62.9308,-59.6287,-55.4668,-49.5640,-57.6450,-57.5014,-63.3874,-58.9042,-42.8896,-61.7455,-59.2975,-61.2070,-62.1418,-65.0859,-65.3697,-61.3867,-58.0813,-64.9604,-65.8515,-68.0428,-67.1497,-54.7948,-64.7176,-56.9516,-63.2480,-65.5306,-65.6446,-68.1931,-64.9761,-62.5601,-60.7113,-62.8156,-62.7781,-63.5952,-64.3895,-57.0712,-61.4139,-59.6387,-61.8489,-66.3107,-67.1213,-67.4360,-67.3446,-57.3001,-49.9754,-56.2741,-47.7951,-66.0074,-67.7741,-68.8507,-69.4001,-67.9923,-67.0063,-65.3486,-69.1085,-67.7973,-65.2962,-67.9986,-68.3471,-67.0305,-61.9264,-68.4515,-68.2818,-68.4403,-67.4819,-50.3884,-64.1787,-64.6049,-54.0738,-55.5548,-68.4554,-68.5744,-60.8876,-64.4793,-57.0677,-65.1288,-59.9217,-64.7301,-66.7788,-65.3386,-66.7528,-67.8754,-66.4599,-63.3032,-61.1792,-62.0245,-61.6805,-63.6500,-57.6694,-60.3228,-62.4450,-63.2544,-62.6558,-63.2832,-60.5647,-61.6885,-46.7198,-45.2899,-50.9695,-48.0721,-50.5364,-45.6236,-65.9049,-65.8058,-65.9236,-64.3854,-66.8266,-67.2623,-68.3024,-67.8887,-67.6183,-66.9794,-66.4831,-65.5429,-65.9012,-66.7917,-67.7107,-67.8765,-69.6573,-66.5022,-62.2352,-60.9339,-69.6290,-69.3903,-68.5860,-69.5370,-51.6710,-59.4263,-60.4246,-68.3008,-68.6218,-69.3389,-64.4673,-69.0611,-70.5839,-69.9365,-68.0679,-71.1176,-67.5316,-65.6873,-69.3078,-66.1640,-68.3727,-66.5161,-67.7493,-68.0558,-66.3518,-66.9141,-68.0669,-68.0382,-68.5264,-68.3275,-67.1193,-67.3944,-67.0930,-67.4209,-65.3883,-67.7329,-67.2935,-66.6910,-65.5115,-67.3214,-66.0272,-63.7847,-66.7709,-64.7506,-67.8720,-68.3880,-68.7314,-69.0616,-69.3873,-69.7137,-69.4927,-69.4658,-69.7427,-70.0164,-70.2680,-70.5162,-70.7624,-71.0064,-71.2479,-71.4866,-71.7224,-71.9550,-72.1842,-72.4097,-72.6315,-72.8493,-73.0630,-73.2726,-73.4781,-73.6793,-73.8765,-74.0696,-74.2588,-74.4444,-74.6265,-74.8055,-74.9815,-75.1548,-75.3258,-75.4946,-75.6616,-75.8269,-75.9908,-76.1534,-76.3149,-76.4754,-76.6349,-76.7936,-76.9515,-77.1067,-77.2598,-77.4123,-77.5640,-77.7150,-77.8653
45108.1666667,-38.5549,-53.5334,-62.4342,-52.7988,-64.1183,-64.7423,-66.1706,-61.9242,-61.9366,-63.2716,-62.0640,-63.0225,-63.4353,-60.4795,-52.5017,-59.0511,-62.4252,-62.6110,-62.0401,-61.8114,-58.4642,-54.2567,-48.2862,-56.2744,-56.0263,-61.7656,-57.1774,-41.0024,-59.6530,-57.0197,-58.7843,-59.6798,-62.6801,-63.0817,-59.2591,-56.1262,-63.2006,-64.3038,-66.6348,-65.9670,-53.7355,-63.7325,-56.0289,-62.3739,-64.7273,-64.9134,-67.4890,-64.3417,-61.9195,-60.0666,-62.1738,-62.1186,-62.9136,-63.6898,-56.3518,-60.6419,-58.8136,-60.9858,-65.4160,-66.1840,-66.4551,-66.3220,-56.2408,-48.8767,-55.1273,-46.6086,-64.7397,-66.4821,-67.5825,-68.2123,-66.8731,-65.9524,-64.3598,-68.2445,-66.9601,-64.5269,-67.2942,-67.7122,-66.4341,-61.3677,-67.9200,-67.7812,-67.9610,-67.0207,-49.9564,-63.7595,-64.2132,-53.7109,-55.2143,-68.1209,-68.2616,-60.6096,-64.2143,-56.8208,-64.8783,-59.6773,-64.4814,-66.5249,-65.0795,-66.4829,-67.5905,-66.1582,-62.9799,-60.8313,-61.6424,-61.2581,-63.1786,-57.1639,-59.7094,-61.6829,-62.3573,-61.6157,-62.2039,-59.4289,-60.4947,-45.4888,-43.9872,-49.5950,-46.6298,-48.9986,-43.9211,-64.0780,-63.8768,-63.8656,-62.2447,-64.5933,-65.0026,-66.0870,-65.7209,-65.5020,-64.9332,-64.5408,-63.7195,-64.1993,-65.2592,-66.3589,-66.6786,-68.6131,-65.5656,-61.4053,-60.1875,-68.9432,-68.7538,-67.9951,-68.9871,-51.1630,-58.9397,-59.9616,-67.8505,-68.1854,-68.9200,-64.0698,-68.6756,-70.2104,-69.5688,-67.7090,-70.7678,-67.1899,-65.3195,-68.9425,-65.8095,-68.0143,-66.1868,-67.4231,-67.7339,-66.0313,-66.5952,-67.7468,-67.7171,-68.2020,-67.9946,-66.7371,-66.9832,-66.6419,-66.9293,-64.8678,-67.1770,-66.6994,-66.0571,-64.8536,-66.6358,-65.3145,-63.0459,-66.0091,-63.9662,-67.0528,-67.5342,-67.8435,-68.1402,-68.4334,-68.7287,-68.4786,-68.4245,-68.6761,-68.9272,-69.1588,-69.3897,-69.6217,-69.8546,-70.0882,-70.3223,-70.5566,-70.7910,-71.0252,-71.2589,-71.4920,-71.7243,-71.9554,-72.1851,-72.4133,-72.6396,-72.8640,-73.0862,-73.3060,-73.5232,-73.7377,-73.9494,-74.1582,-74.3638,-74.5664,-74.7657,-74.9617,-75.1546,-75.3441,-75.5305,-75.7138,-75.8940,-76.0712,-76.2456,-76.4174,-76.5847,-76.7484,-76.9098,-77.0692,-77.2264,-77.3810
45108.2083333,-39.0753,-54.2439,-63.2256,-53.4113,-64.8765,-65.4845,-66.9073,-62.6482,-62.6206,-63.9574,-62.7170,-63.6761,-64.0839,-60.9986,-52.9101,-59.5684,-63.0059,-63.2066,-62.6225,-62.3793,-58.9807,-54.7061,-48.6354,-56.7291,-56.4563,-62.2610,-57.5791,-41.1081,-59.9751,-57.1935,-58.8275,-59.6004,-62.4571,-62.7356,-58.7606,-55.5135,-62.6769,-63.8156,-66.2084,-65.7470,-53.4127,-63.6330,-55.8761,-62.3904,-64.9426,-65.3259,-68.0503,-65.0285,-62.6350,-60.7749,-62.9597,-62.9374,-63.7762,-64.5848,-57.1391,-61.4993,-59.6388,-61.8375,-66.3415,-67.1065,-67.3629,-67.2070,-56.9478,-49.4429,-55.7545,-47.0682,-65.4024,-67.1075,-67.9900,-68.5781,-67.2203,-66.3044,-64.7122,-68.7093,-67.4213,-65.0001,-67.8589,-68.3659,-67.1037,-62.0003,-68.6877,-68.5824,-68.7889,-67.8681,-50.5668,-64.6067,-65.1017,-54.4687,-56.0250,-69.1476,-69.3235,-61.6078,-65.2966,-57.8193,-66.0139,-60.7534,-65.6446,-67.7245,-66.2666,-67.6993,-68.8321,-67.3884,-64.2438,-62.0564,-62.8729,-62.4738,-64.4100,-58.3327,-60.8807,-62.8203,-63.4364,-62.5980,-63.1729,-60.3133,-61.3524,-46.0839,-44.5070,-50.1490,-47.0894,-49.4319,-44.1753,-64.5650,-64.2985,-64.1934,-62.4552,-64.6822,-64.9567,-65.9762,-65.5252,-65.2337,-64.5999,-64.1430,-63.2709,-63.7434,-64.8617,-66.0158,-66.3980,-68.4609,-65.4568,-61.3414,-60.2130,-69.2060,-69.1035,-68.4277,-69.5300,-51.5181,-59.4886,-60.5863,-68.6452,-69.0277,-69.8331,-64.9820,-69.7131,-71.3121,-70.6747,-68.8007,-71.9259,-68.3036,-66.4111,-70.0987,-66.9292,-69.1758,-67.3665,-68.6266,-68.9489,-67.2231,-67.7998,-68.9723,-68.9456,-69.4398,-69.2265,-67.9552,-68.1942,-67.8352,-68.1162,-66.0134,-68.3452,-67.8475,-67.1810,-65.9511,-67.7500,-66.3970,-64.0831,-67.0839,-64.9985,-68.1171,-68.5898,-68.8866,-69.1698,-69.4485,-69.7283,-69.4536,-69.3770,-69.6100,-69.8418,-70.0532,-70.2637,-70.4751,-70.6873,-70.9004,-71.1143,-71.3291,-71.5448,-71.7612,-71.9785,-72.1964,-72.4151,-72.6343,-72.8540,-73.0742,-73.2946,-73.5152,-73.7359,-73.9564,-74.1767,-74.3967,-74.6160,-74.8346,-75.0524,-75.2690,-75.4845,-75.6986,-75.9111,-76.1220,-76.3310,-76.5380,-76.7430,-76.9457,-77.1461,-77.3441,-77.5377,-77.7274,-77.9144,-78.0985,-78.2787,-78.4513
45108.2500000,-24.2863,-26.9250,-28.5622,-26.9036,-28.9333,-29.0447,-29.0832,-25.4529,-25.5005,-25.7390,-25.5230,-25.7288,-25.8486,-23.1502,-21.8492,-23.1633,-23.9571,-24.1177,-24.1511,-24.2831,-23.8774,-23.1535,-22.1147,-23.6456,-23.7415,-24.9575,-24.2163,-21.4820,-24.7816,-24.4662,-24.9826,-25.3119,-26.0252,-26.2042,-25.6799,-25.2636,-26.6780,-27.0798,-27.6577,-26.7002,-24.7364,-26.6623,-25.3917,-26.6419,-27.3867,-27.8160,-28.5328,-26.8675,-26.7026,-26.4723,-26.7171,-26.8902,-27.1218,-27.2996,-26.0539,-26.9848,-26.8102,-27.2949,-27.9382,-28.1472,-28.2642,-28.2705,-26.5399,-25.2954,-26.4620,-25.0322,-28.3300,-28.2332,-29.3517,-29.9111,-29.9046,-29.9102,-29.8019,-30.8588,-30.7064,-30.3929,-31.0423,-30.5812,-30.4206,-29.4630,-30.6131,-30.5609,-30.6108,-30.0560,-27.0621,-29.4426,-29.5353,-27.6845,-27.9832,-30.2809,-30.3270,-28.6524,-29.3285,-28.0691,-29.5246,-28.6126,-29.5021,-29.8854,-29.6584,-29.9286,-30.1449,-29.9293,-26.3459,-26.0088,-26.1945,-26.1725,-26.5447,-24.3977,-24.9078,-25.3548,-25.5281,-25.5118,-25.3789,-24.9432,-25.1680,-22.5121,-22.2794,-23.3516,-22.8710,-23.3664,-22.5571,-26.2179,-26.0639,-26.1693,-26.0054,-26.5961,-26.8257,-27.0854,-27.1352,-27.1603,-27.1620,-27.2310,-27.2371,-27.4782,-27.6954,-28.1330,-28.4224,-29.0157,-28.5851,-28.1111,-28.1419,-29.9236,-30.1041,-30.1939,-30.5594,-27.6358,-29.2280,-29.5017,-31.0424,-31.2282,-31.5573,-31.0465,-32.1826,-32.7199,-32.6919,-32.4307,-32.9797,-32.3930,-31.1033,-31.8270,-31.3138,-31.4676,-30.3923,-30.6316,-30.6442,-30.3432,-30.4736,-30.6709,-30.7411,-30.8894,-30.9157,-29.0444,-29.1795,-29.2276,-29.3360,-29.0314,-29.4855,-29.4456,-29.3759,-29.2090,-29.5551,-29.3439,-28.9423,-29.4329,-29.0825,-29.6496,-29.7548,-29.8284,-29.8990,-29.9683,-30.0375,-30.0099,-30.0169,-30.0779,-30.1389,-30.1966,-30.2544,-30.3127,-30.3714,-30.4306,-30.4903,-30.5504,-30.6110,-30.6721,-30.7337,-30.7958,-30.8584,-30.9216,-30.9852,-31.0494,-31.1141,-31.1794,-31.2452,-31.3115,-31.3783,-31.4456,-31.5134,-31.5816,-31.6502,-31.7192,-31.7885,-31.8580,-31.9276,-31.9974,-32.0672,-32.1369,-32.2065,-32.2758,-32.3447,-32.4131,-32.4807,-32.5473,-32.6129,-32.6772,-32.7386,-32.7917
45108.2916667,-13.4811,-12.0465,-11.3236,-12.3826,-11.4323,-11.4458,-11.1256,-7.7407,-7.9187,-7.8551,-8.0257,-8.0384,-8.0726,-5.4242,-6.3262,-5.8539,-5.7686,-5.8819,-6.0563,-6.2050,-6.7672,-7.1700,-7.7229,-7.0802,-7.2753,-7.0591,-7.6129,-9.3244,-7.5406,-7.9795,-8.1131,-8.3055,-8.3440,-8.5098,-9.1212,-9.6148,-9.1894,-9.3885,-9.3546,-8.2953,-9.7380,-8.9626,-9.8081,-9.3317,-9.4529,-9.7897,-9.7716,-8.5373,-9.0022,-9.2852,-8.9040,-9.1461,-9.2030,-9.2117,-9.9805,-9.8266,-10.2249,-10.2029,-9.6971,-9.7992,-9.9366,-10.0430,-11.1218,-11.9307,-11.4115,-12.3302,-10.6833,-9.9415,-10.6969,-11.1204,-11.5664,-11.9367,-12.3592,-12.3704,-12.6004,-13.0368,-13.0037,-12.3238,-12.6098,-13.1125,-12.5671,-12.6328,-12.7006,-12.3082,-14.0287,-12.6168,-12.6259,-13.6720,-13.5827,-12.3429,-12.3870,-12.7150,-12.4177,-13.1842,-12.4010,-12.8901,-12.4554,-12.2952,-12.4745,-12.3632,-12.2755,-12.4644,-8.5587,-8.8512,-8.8777,-9.0202,-8.8989,-8.0368,-7.8224,-7.7397,-7.6908,-7.8580,-7.4935,-7.8391,-7.8025,-9.2657,-9.4508,-9.0296,-9.3925,-9.2753,-9.8691,-8.0559,-7.9270,-8.0968,-8.4735,-8.5658,-8.7921,-8.8296,-9.0241,-9.1081,-9.2809,-9.4650,-9.7058,-9.8352,-9.7549,-9.9150,-10.1194,-10.1939,-10.5566,-11.1852,-11.5014,-10.8744,-11.0944,-11.3714,-11.4604,-13.4025,-12.8436,-12.8638,-12.2841,-12.4181,-12.5925,-13.4611,-13.4253,-13.6590,-13.8618,-14.1864,-13.9711,-14.4270,-13.4131,-13.2291,-13.6800,-13.2409,-12.4975,-12.4828,-12.4618,-12.6837,-12.7313,-12.6549,-12.7826,-12.8064,-12.8681,-10.7368,-10.8171,-10.9954,-11.0503,-11.3496,-11.1947,-11.3163,-11.4534,-11.6742,-11.5736,-11.7557,-12.0003,-11.6971,-11.9316,-11.6962,-11.7131,-11.7446,-11.7750,-11.8034,-11.8293,-11.9060,-11.9611,-11.9845,-12.0060,-12.0278,-12.0482,-12.0671,-12.0847,-12.1012,-12.1169,-12.1317,-12.1461,-12.1600,-12.1736,-12.1870,-12.2004,-12.2138,-12.2273,-12.2410,-12.2549,-12.2690,-12.2834,-12.2981,-12.3131,-12.3284,-12.3441,-12.3601,-12.3764,-12.3931,-12.4102,-12.4276,-12.4454,-12.4635,-12.4819,-12.5007,-12.5198,-12.5392,-12.5588,-12.5788,-12.5991,-12.6197,-12.6404,-12.6607,-12.6794,-12.6914
45108.3333333,-5.4447,-5.3271,-5.4373,-5.6120,-5.7395,-5.8606,-5.6642,-2.1253,-2.3568,-2.4553,-2.5682,-2.6905,-2.7303,-0.0653,-0.2017,-0.3375,-0.5769,-0.7094,-0.7851,-0.8264,-1.1352,-1.0868,-0.9790,-1.0047,-1.1399,-1.5232,-1.6495,-1.7622,-1.6328,-1.7160,-1.9319,-2.1708,-2.4328,-2.5937,-2.8414,-2.9617,-3.1598,-3.4671,-3.5895,-2.7048,-3.0314,-3.2056,-3.3289,-3.4033,-3.7859,-4.0269,-4.1125,-2.7057,-2.8229,-2.9578,-2.8304,-3.0877,-3.2513,-3.3756,-3.4392,-3.6893,-3.9276,-4.1496,-4.1806,-4.3978,-4.5939,-4.7049,-4.8311,-4.9322,-4.9728,-5.0780,-5.1163,-4.5571,-4.6515,-4.8909,-5.2155,-5.5562,-5.8504,-6.0116,-6.1513,-6.4509,-6.7166,-6.2771,-6.5632,-6.7962,-6.9991,-7.1765,-7.3297,-6.9331,-7.1173,-6.9657,-7.0483,-7.1273,-7.1738,-7.0864,-7.2677,-7.0349,-7.1546,-7.3145,-7.2398,-7.2925,-7.3333,-7.4203,-7.5052,-7.5295,-7.5530,-7.6698,-3.6103,-3.7137,-3.8467,-3.9748,-4.0119,-2.6919,-2.5750,-2.6014,-2.4954,-2.4697,-2.1978,-2.2890,-2.3475,-2.4585,-2.4208,-2.4398,-2.4819,-2.5018,-2.4949,-2.4685,-2.3024,-2.4658,-2.7460,-3.0335,-3.2560,-3.4149,-3.5389,-3.5197,-3.5756,-3.6340,-3.7271,-3.8549,-3.8951,-4.0823,-4.2266,-4.4221,-4.4512,-4.6116,-4.7047,-4.7966,-4.9301,-5.0808,-5.2405,-5.4426,-5.4828,-5.6432,-5.7563,-5.9012,-6.0714,-6.3463,-6.6291,-6.9708,-7.1316,-7.3676,-7.5196,-7.7189,-6.7458,-6.9196,-7.2149,-7.1146,-6.3924,-6.5810,-6.6810,-6.8097,-6.9643,-7.0263,-7.1746,-7.2487,-7.2644,-5.2134,-5.3381,-5.5122,-5.6156,-5.7581,-5.8154,-5.9045,-5.9899,-6.1576,-6.2508,-6.3313,-6.3922,-6.3945,-6.4687,-6.5368,-6.6212,-6.7044,-6.7850,-6.8631,-6.9385,-7.0154,-7.0877,-7.1553,-7.2208,-7.2846,-7.3465,-7.4065,-7.4646,-7.5209,-7.5753,-7.6279,-7.6787,-7.7278,-7.7751,-7.8207,-7.8648,-7.9073,-7.9485,-7.9883,-8.0269,-8.0644,-8.1010,-8.1366,-8.1716,-8.2058,-8.2396,-8.2729,-8.3058,-8.3384,-8.3709,-8.4032,-8.4354,-8.4676,-8.4998,-8.5320,-8.5643,-8.5966,-8.6291,-8.6617,-8.6944,-8.7271,-8.7600,-8.7925,-8.8240,-8.8505
45108.3750000,4.1438,3.0872,2.1754,2.7580,1.4146,1.1637,1.2608,4.8851,4.6033,4.3640,4.3187,4.1300,4.1459,6.6472,7.2341,6.6500,6.1671,6.0447,6.0812,6.1621,5.9877,6.3261,7.0064,6.3620,6.2620,5.2842,5.5330,6.9056,5.5835,5.8699,5.6116,5.3388,4.8909,4.7429,4.7918,4.9515,4.1336,3.7135,3.4879,4.2231,4.6975,3.7212,4.3100,3.6484,3.0373,2.8999,2.6458,4.3472,4.5320,4.5640,4.5024,4.2711,4.0451,3.8260,4.3885,3.8022,3.7332,3.2856,2.7510,2.4210,2.1703,2.0613,2.6781,3.3214,2.8491,3.5903,2.1438,2.5753,3.2138,3.1681,2.9247,2.5588,2.3458,2.1181,2.0475,1.8262,1.2761,1.4601,1.1214,1.0645,0.1285,-0.1993,-0.4597,-0.0674,1.1261,0.1396,-0.0930,0.6994,0.5287,-0.4873,-0.8513,-0.1928,-0.6793,-0.2581,-0.7550,-0.3850,-0.8270,-1.1429,-1.1431,-1.2834,-1.3978,-1.4463,2.8653,2.9100,2.6456,2.4984,2.3063,4.0603,4.1334,4.0414,4.2566,4.5119,4.7055,4.8430,4.6890,5.7730,6.0338,5.6397,5.8758,5.7521,6.3639,4.8122,5.0341,4.8877,4.6747,4.1839,3.9431,3.6420,3.5761,3.6989,3.7458,3.8018,3.8350,3.6918,3.5023,3.2635,3.1560,2.8215,3.0809,3.3370,3.4287,2.6664,2.5980,2.5660,2.3413,3.6892,3.1377,2.8325,2.0871,1.9203,1.7660,2.1199,1.6712,1.3384,1.2460,1.0960,0.6293,0.6675,1.6136,1.1678,0.9961,0.7789,1.4834,1.0925,0.8636,0.8105,0.5665,0.4030,0.2879,0.2244,0.3066,2.3042,2.1439,1.9561,1.7884,1.7570,1.4930,1.4081,1.3452,1.1829,0.8866,0.8733,0.9523,0.6528,0.7023,0.3369,0.1665,0.0132,-0.1343,-0.2767,-0.4142,-0.5075,-0.6095,-0.7289,-0.8444,-0.9550,-1.0621,-1.1660,-1.2670,-1.3651,-1.4606,-1.5535,-1.6440,-1.7322,-1.8182,-1.9021,-1.9840,-2.0640,-2.1421,-2.2185,-2.2930,-2.3659,-2.4372,-2.5068,-2.5749,-2.6415,-2.7066,-2.7703,-2.8326,-2.8936,-2.9534,-3.0120,-3.0694,-3.1258,-3.1812,-3.2357,-3.2894,-3.3423,-3.3946,-3.4462,-3.4971,-3.5474,-3.5973,-3.6465,-3.6945,-3.7381
45108.4166667,8.5365,3.5286,0.1051,2.9717,-1.7086,-2.2371,-2.9067,1.1684,0.8450,0.2069,0.4558,0.0367,0.0849,2.4840,5.1820,2.9792,1.6997,1.6485,2.0102,2.4062,3.0814,4.6098,6.9341,4.2091,4.2621,1.6140,3.1381,9.0035,2.7393,4.0029,3.4492,3.0282,1.9170,1.7835,2.9419,4.0960,1.3692,0.6686,-0.0541,0.3857,4.0603,0.3390,3.1627,0.6980,-0.7014,-0.8271,-1.7100,0.2859,1.4147,1.9931,1.3206,1.1837,0.7737,0.3163,2.9551,1.2425,1.7301,0.6505,-1.2903,-1.8647,-2.1999,-2.2554,1.1035,3.5617,1.5028,4.6303,-1.3908,-1.2646,0.7319,1.0015,1.1393,0.9163,1.0940,0.1835,0.4199,0.6982,-0.6791,-1.0233,-1.2233,-0.2379,-3.2403,-3.7579,-4.1907,-3.7290,2.1549,-2.6253,-3.1260,0.4562,-0.3912,-4.9131,-5.4938,-3.0131,-4.5789,-2.1807,-4.7762,-2.9992,-4.7638,-5.7177,-5.3608,-5.8806,-6.2931,-6.0057,-1.4616,-0.8478,-1.4000,-1.4866,-2.1811,0.9469,0.5784,0.1149,0.3950,1.1198,1.0751,1.9939,1.5560,6.7099,7.5680,5.7650,6.6739,5.8589,8.2033,1.3002,1.6706,1.6499,1.8953,0.9046,0.7016,0.1024,0.2419,0.5879,0.9115,1.2364,1.6163,1.4068,0.8364,0.3833,0.2980,-0.5251,0.6100,2.1109,2.6604,-0.4275,-0.3764,-0.1349,-0.6386,5.6200,3.0877,2.3986,-0.4925,-0.7446,-0.9992,0.9830,-0.4546,-1.0270,-0.9196,-0.6429,-2.0330,-1.0797,-0.0357,-1.4084,-0.8733,-1.8914,-1.0214,-1.8607,-2.3020,-1.9514,-2.3652,-2.8139,-2.7989,-2.8578,-2.5535,-0.6774,-0.8637,-0.9517,-1.2066,-0.7206,-1.6139,-1.5887,-1.4925,-1.4347,-2.2826,-1.9787,-1.3353,-2.5225,-1.9672,-3.2293,-3.5865,-3.8784,-4.1590,-4.4317,-4.6980,-4.7703,-4.9017,-5.1308,-5.3538,-5.5644,-5.7691,-5.9688,-6.1636,-6.3538,-6.5394,-6.7207,-6.8978,-7.0709,-7.2401,-7.4056,-7.5676,-7.7262,-7.8816,-8.0340,-8.1834,-8.3300,-8.4740,-8.6154,-8.7544,-8.8911,-9.0256,-9.1580,-9.2884,-9.4168,-9.5433,-9.6680,-9.7910,-9.9123,-10.0320,-10.1500,-10.2665,-10.3816,-10.4952,-10.6073,-10.7175,-10.8258,-10.9329,-11.0384,-11.1420,-11.2397
45108.4583333,9.0351,-1.4024,-7.7420,-1.8301,-10.4240,-11.1995,-12.4327,-7.6814,-8.0846,-9.2320,-8.6763,-9.4577,-9.4793,-7.1217,-1.8698,-6.1587,-8.5077,-8.5599,-7.8694,-7.1611,-5.4942,-2.5526,1.8407,-3.4079,-3.1979,-7.8660,-4.8182,6.4617,-5.8613,-3.4436,-4.3172,-4.8873,-6.7504,-6.8367,-4.3346,-1.9852,-7.0039,-8.0296,-9.3430,-9.1800,-1.6472,-8.6652,-3.2478,-7.8247,-10.0861,-10.1193,-11.7462,-9.1711,-7.0726,-5.9002,-7.3908,-7.5549,-8.2970,-9.0951,-3.9942,-7.0821,-5.9198,-7.7418,-11.3274,-12.1737,-12.5920,-12.5663,-5.8855,-0.9975,-4.9961,0.8134,-11.0759,-11.3279,-7.3833,-6.5585,-5.8723,-5.8613,-5.1695,-6.8456,-6.2310,-5.3409,-7.7105,-8.6657,-8.6969,-6.4545,-11.9391,-12.6813,-13.3216,-12.7725,-1.2098,-10.5811,-11.5392,-4.9020,-6.3999,-15.1803,-16.0475,-11.3789,-14.2588,-9.4921,-14.6203,-11.1445,-14.4937,-16.2050,-15.4077,-16.3759,-17.1370,-16.4400,-11.2655,-9.9965,-10.9252,-10.9708,-12.3048,-7.5496,-8.4919,-9.4122,-9.0563,-7.7610,-8.0711,-6.2051,-6.9774,3.0740,4.6216,0.7005,2.6386,1.2282,5.7834,-7.5324,-6.9902,-6.9184,-6.1836,-7.8595,-8.0644,-9.0253,-8.6405,-8.0218,-7.3535,-6.6864,-5.8700,-6.1432,-7.1493,-7.8467,-7.8981,-9.2988,-7.1062,-4.1145,-3.0253,-8.9164,-8.7264,-8.1625,-9.0006,3.2066,-1.7359,-2.8987,-8.3880,-8.7596,-9.1739,-5.3027,-7.9795,-8.8658,-8.5227,-7.7298,-10.2268,-8.1722,-6.9667,-9.4710,-8.0816,-10.0465,-8.9446,-10.3177,-11.0059,-10.1676,-10.7856,-11.5779,-11.3998,-11.4392,-10.8546,-9.0089,-9.1961,-9.1307,-9.4595,-8.3310,-9.9665,-9.7918,-9.4889,-9.1515,-10.6525,-9.9585,-8.6281,-10.8753,-9.7058,-12.0395,-12.6137,-13.0651,-13.4996,-13.9235,-14.3399,-14.3834,-14.5478,-14.9076,-15.2593,-15.5905,-15.9140,-16.2312,-16.5421,-16.8469,-17.1458,-17.4389,-17.7264,-18.0083,-18.2849,-18.5562,-18.8224,-19.0837,-19.3401,-19.5919,-19.8393,-20.0822,-20.3209,-20.5556,-20.7863,-21.0132,-21.2364,-21.4561,-21.6724,-21.8854,-22.0953,-22.3022,-22.5062,-22.7073,-22.9058,-23.1017,-23.2951,-23.4862,-23.6749,-23.8615,-24.0446,-24.2248,-24.4029,-24.5787,-24.7516,-24.9163
45108.5000000,4.7878,-6.3172,-13.1387,-7.0187,-16.3169,-17.2828,-18.8114,-13.9152,-14.5240,-15.8259,-15.3225,-16.2357,-16.3113,-14.0229,-8.5217,-13.1110,-15.6690,-15.7845,-15.0872,-14.3555,-12.6399,-9.5339,-4.8827,-10.4380,-10.2196,-15.2070,-11.9926,-0.0648,-13.0840,-10.4969,-11.3861,-11.9687,-13.9092,-13.9605,-11.2921,-8.7704,-14.0680,-15.1493,-16.5115,-16.2859,-8.3674,-15.8732,-10.6659,-15.5185,-17.9209,-17.9156,-19.5589,-16.6189,-14.2845,-13.0042,-14.5055,-14.6335,-15.3859,-16.2177,-10.8130,-14.1065,-12.9065,-14.8692,-18.7035,-19.6513,-20.1422,-20.1478,-13.1132,-7.9728,-12.2114,-6.0732,-18.6222,-18.7236,-13.5493,-12.1807,-11.2513,-11.1325,-10.3094,-11.7981,-11.1223,-10.1641,-12.6642,-13.7021,-13.8027,-11.5379,-17.4542,-18.3471,-19.1171,-18.6706,-7.0718,-17.0368,-18.1396,-11.1926,-12.8497,-22.1847,-23.2071,-18.3516,-21.5153,-16.5810,-22.0775,-18.4837,-22.1044,-23.9625,-23.1836,-24.2672,-25.1321,-24.4622,-18.3993,-17.0917,-18.1231,-18.2206,-19.6717,-14.6351,-15.6443,-16.5960,-16.1577,-14.6926,-14.9524,-12.9484,-13.7344,-3.0774,-1.3683,-5.5313,-3.5232,-5.1078,-0.5922,-14.5859,-13.8508,-13.6108,-12.7266,-14.3694,-14.4947,-15.4729,-15.0344,-14.3444,-13.6084,-12.8640,-11.9643,-12.2277,-13.2757,-13.9941,-14.0213,-15.4812,-13.1283,-9.9249,-8.7255,-14.9195,-14.6805,-14.0418,-14.8944,-1.9344,-7.1088,-8.3297,-14.1223,-14.5034,-14.9098,-10.7208,-13.4344,-14.2554,-13.8525,-13.0009,-15.6262,-13.4489,-12.2458,-14.8771,-13.4420,-15.5530,-14.3797,-15.8708,-16.6362,-15.7876,-16.4869,-17.3612,-17.1993,-17.2335,-16.5839,-14.5788,-14.7141,-14.5906,-14.8905,-13.6797,-15.3920,-15.1939,-14.8654,-14.5276,-16.1308,-15.4105,-14.0201,-16.4191,-15.2056,-17.7104,-18.3580,-18.8789,-19.3851,-19.8824,-20.3740,-20.4729,-20.7010,-21.1366,-21.5643,-21.9706,-22.3688,-22.7601,-23.1444,-23.5218,-23.8923,-24.2561,-24.6131,-24.9635,-25.3075,-25.6450,-25.9763,-26.3015,-26.6207,-26.9341,-27.2417,-27.5438,-27.8403,-28.1316,-28.4176,-28.6986,-28.9747,-29.2459,-29.5124,-29.7744,-30.0319,-30.2851,-30.5341,-30.7791,-31.0201,-31.2573,-31.4908,-31.7208,-31.9472,-32.1703,-32.3888,-32.6032,-32.8145,-33.0222,-33.2250,-33.4145
45108.5416667,9.6479,-1.4698,-8.3170,-2.2165,-11.5753,-12.5791,-14.1491,-9.0878,-9.8115,-11.1865,-10.7685,-11.8085,-12.0253,-10.0461,-4.6981,-9.4702,-12.2129,-12.4625,-11.8541,-11.2084,-9.5455,-6.4534,-1.8166,-7.4044,-7.2160,-12.2578,-9.0610,2.8375,-10.1963,-7.6422,-8.5589,-9.1529,-11.1062,-11.1464,-8.4668,-5.9289,-11.2208,-12.3031,-13.6670,-13.2942,-5.3765,-12.9004,-7.6952,-12.5717,-15.0938,-15.2359,-16.9683,-13.8304,-11.5680,-10.3023,-11.7643,-11.9121,-12.6521,-13.4577,-8.0417,-11.3160,-10.0900,-12.0381,-15.8232,-16.7763,-17.2807,-17.2989,-10.2790,-5.1599,-9.4350,-3.3278,-15.9484,-15.9792,-10.3521,-8.6479,-7.5251,-7.2590,-6.2941,-7.4544,-6.7285,-5.6632,-8.0685,-8.9913,-9.0767,-6.8212,-12.7665,-13.6767,-14.4687,-14.0352,-2.4617,-12.4658,-13.6471,-6.7752,-8.5433,-17.9908,-19.1827,-14.4432,-17.7881,-13.0230,-18.6616,-15.1867,-18.9138,-20.8267,-20.1253,-21.2889,-22.2385,-21.6680,-14.7791,-13.5584,-14.6853,-14.8784,-16.4204,-11.3674,-12.4975,-13.5421,-13.1546,-11.7152,-11.9066,-9.9003,-10.6769,-0.0086,1.3232,-2.7703,-0.6599,-2.1353,2.4709,-11.5225,-10.7685,-10.5544,-9.6691,-11.2822,-11.3496,-12.2572,-11.7634,-11.0223,-10.2338,-9.4230,-8.4579,-8.6657,-9.6326,-10.3001,-10.2879,-11.7131,-9.3190,-6.0868,-4.8597,-11.0353,-10.7767,-10.1139,-10.9370,2.0592,-3.0874,-4.2784,-10.0562,-10.4201,-10.7949,-6.5414,-9.1827,-9.9281,-9.4958,-8.6230,-11.2178,-9.0251,-7.7948,-10.4081,-8.9731,-11.0678,-9.7911,-11.2943,-12.0696,-11.2378,-11.9625,-12.8598,-12.7352,-12.7952,-12.1680,-10.0392,-10.1877,-10.0726,-10.3692,-9.1582,-10.8729,-10.6724,-10.3420,-10.0075,-11.6153,-10.8983,-9.5080,-11.9071,-10.7000,-13.2182,-13.8795,-14.4163,-14.9407,-15.4589,-15.9741,-16.0990,-16.3562,-16.8241,-17.2870,-17.7316,-18.1709,-18.6061,-19.0369,-19.4632,-19.8847,-20.3013,-20.7129,-21.1192,-21.5201,-21.9155,-22.3052,-22.6892,-23.0673,-23.4395,-23.8057,-24.1660,-24.5203,-24.8686,-25.2110,-25.5475,-25.8782,-26.2032,-26.5225,-26.8363,-27.1446,-27.4475,-27.7452,-28.0378,-28.3253,-28.6080,-28.8858,-29.1590,-29.4276,-29.6917,-29.9501,-30.2033,-30.4521,-30.6959,-30.9318,-31.1463
45108.5833333,3.2646,-6.6701,-12.8806,-7.4648,-15.8699,-16.8520,-18.3768,-13.4863,-14.3900,-15.7565,-15.5320,-16.6721,-17.1063,-15.6557,-11.0112,-15.4638,-18.1165,-18.5182,-18.1422,-17.7734,-16.3231,-13.6052,-9.5417,-14.6066,-14.5141,-19.0474,-16.2394,-5.7376,-17.4084,-15.2747,-16.1809,-16.7294,-18.5240,-18.5781,-16.1742,-13.9288,-18.6353,-19.6215,-20.9165,-20.1804,-13.0918,-19.8422,-15.1990,-19.5830,-21.9682,-22.3596,-24.0530,-20.7942,-18.9463,-17.8339,-19.0513,-19.2352,-19.9149,-20.6183,-15.8375,-18.8237,-17.7920,-19.5340,-22.8078,-23.6873,-24.1772,-24.2349,-17.9950,-13.4363,-17.3121,-11.8834,-23.2400,-23.1453,-18.1639,-16.4170,-15.1907,-14.7477,-13.7245,-14.5686,-13.8413,-12.6944,-14.7057,-15.2156,-15.1960,-13.0560,-18.2903,-19.0533,-19.7615,-19.3130,-8.9792,-17.9570,-19.0458,-12.9486,-14.5764,-23.1064,-24.2489,-20.0001,-23.1209,-19.0322,-24.2649,-21.3071,-24.7630,-26.5109,-25.9902,-27.1590,-28.1538,-27.8019,-20.2059,-19.2692,-20.4188,-20.7476,-22.2969,-17.6832,-19.0350,-20.2364,-20.1174,-19.0143,-19.0650,-17.2918,-17.9786,-8.4217,-7.2316,-10.7871,-8.4358,-9.5061,-5.9392,-18.7341,-18.1970,-18.0805,-17.2425,-18.6416,-18.6711,-19.4001,-18.9567,-18.3281,-17.6343,-16.9209,-16.0399,-16.1771,-16.8726,-17.4142,-17.3680,-18.5739,-16.3766,-13.4629,-12.3445,-17.8199,-17.5702,-16.9541,-17.6294,-6.0202,-10.6043,-11.5635,-16.6898,-16.9931,-17.3277,-13.5676,-15.9118,-16.5231,-16.0990,-15.2525,-17.4861,-15.4866,-14.1460,-16.4927,-15.1718,-16.9561,-15.5741,-16.9044,-17.5739,-16.8525,-17.5603,-18.4387,-18.4699,-18.6378,-18.1854,-15.8780,-16.0558,-15.9869,-16.2664,-15.1854,-16.7363,-16.5708,-16.2938,-15.9750,-17.4073,-16.7758,-15.5354,-17.6591,-16.5892,-18.8586,-19.4761,-19.9857,-20.4873,-20.9862,-21.4847,-21.6361,-21.9074,-22.3687,-22.8271,-23.2704,-23.7102,-24.1476,-24.5822,-25.0140,-25.4428,-25.8685,-26.2910,-26.7101,-27.1257,-27.5379,-27.9464,-28.3511,-28.7519,-29.1488,-29.5415,-29.9300,-30.3142,-30.6938,-31.0689,-31.4393,-31.8049,-32.1657,-32.5215,-32.8722,-33.2179,-33.5584,-33.8937,-34.2239,-34.5488,-34.8686,-35.1831,-35.4925,-35.7968,-36.0960,-36.3889,-36.6759,-36.9576,-37.2328,-37.4963,-37.7271
45108.6250000,10.6572,-0.5824,-7.5261,-1.3067,-10.6787,-11.6734,-13.2034,-7.8856,-8.6172,-10.0227,-9.6223,-10.7506,-11.1412,-10.0652,-4.8153,-9.9208,-13.0106,-13.5833,-13.2698,-13.0193,-11.4483,-8.4614,-3.9690,-9.7938,-9.7590,-14.8811,-11.7155,0.6274,-12.8009,-10.6102,-11.8669,-12.6305,-14.7799,-14.9163,-12.2282,-9.7245,-15.0343,-16.0895,-17.5440,-16.6700,-8.5464,-16.1156,-10.8089,-15.7087,-18.2655,-18.5711,-20.4623,-16.9207,-14.8970,-13.6722,-15.1175,-15.3543,-16.1512,-16.9611,-11.5765,-14.9589,-13.7937,-15.7477,-19.4109,-20.3478,-20.8437,-20.8651,-13.7566,-8.5630,-12.9422,-6.7893,-19.6643,-19.7768,-15.3668,-13.8730,-12.5966,-12.0765,-10.8625,-11.8091,-10.9548,-9.5145,-11.6152,-12.0662,-11.8594,-9.2495,-14.9804,-15.6372,-16.2614,-15.6374,-3.7709,-13.7548,-14.7186,-7.5882,-9.2031,-18.6900,-19.7304,-14.7416,-18.0660,-13.2330,-19.0421,-15.5952,-19.4439,-21.4095,-20.7803,-22.0770,-23.1858,-22.7736,-14.6945,-13.6536,-14.9677,-15.3530,-17.1390,-12.1616,-13.8323,-15.4581,-15.6218,-14.7195,-14.9576,-13.0694,-13.9511,-2.9638,-1.8106,-6.0403,-3.4545,-4.5992,-0.0932,-14.5055,-13.9231,-13.8750,-13.0385,-14.8378,-15.0718,-16.0055,-15.6001,-14.9919,-14.2871,-13.5701,-12.6442,-12.8412,-13.6304,-14.2264,-14.1584,-15.4687,-12.9626,-9.6395,-8.3700,-14.5506,-14.2545,-13.5452,-14.2831,-1.1382,-6.3548,-7.4103,-13.1846,-13.4940,-13.8321,-9.5766,-12.2719,-13.0042,-12.5352,-11.5505,-14.0440,-11.7438,-10.2246,-12.8197,-11.2108,-13.1414,-11.5647,-12.9717,-13.6515,-12.7431,-13.4124,-14.2891,-14.1749,-14.2918,-13.7783,-11.3660,-11.6192,-11.5800,-11.9311,-10.7138,-12.4854,-12.3023,-11.9869,-11.5908,-13.1864,-12.4474,-11.0172,-13.3955,-12.1517,-14.6663,-15.3017,-15.8111,-16.3087,-16.8014,-17.2929,-17.3913,-17.6269,-18.0796,-18.5312,-18.9685,-19.4051,-19.8423,-20.2800,-20.7180,-21.1561,-21.5940,-22.0316,-22.4684,-22.9042,-23.3386,-23.7715,-24.2025,-24.6315,-25.0581,-25.4822,-25.9037,-26.3222,-26.7378,-27.1502,-27.5593,-27.9651,-28.3674,-28.7661,-29.1611,-29.5523,-29.9397,-30.3231,-30.7026,-31.0779,-31.4490,-31.8159,-32.1785,-32.5367,-32.8904,-33.2383,-33.5805,-33.9175,-34.2475,-34.5639,-34.8392
45108.6666667,5.8102,-2.9044,-8.2091,-2.9274,-10.2190,-10.8974,-11.9215,-6.6160,-7.2195,-8.3631,-8.0663,-9.0746,-9.5499,-8.7658,-4.5683,-8.7934,-11.3827,-11.9282,-11.8051,-11.7862,-10.5038,-8.1310,-4.6014,-9.4112,-9.5060,-13.7158,-11.2723,-1.5827,-12.4318,-10.8288,-11.9477,-12.6228,-14.5280,-14.7769,-12.7146,-10.8500,-15.2247,-16.2169,-17.5837,-16.4203,-9.8608,-16.0330,-11.7705,-15.7751,-17.9917,-18.5820,-20.2840,-16.8144,-15.3508,-14.3596,-15.3635,-15.5698,-16.1910,-16.7968,-12.5208,-15.3325,-14.4974,-16.0966,-18.9310,-19.7659,-20.2679,-20.3935,-14.7511,-10.6361,-14.3035,-9.4157,-19.9450,-19.8918,-16.5880,-15.2782,-14.0737,-13.4947,-12.4453,-13.3525,-12.6029,-11.2812,-12.9193,-12.8537,-12.5880,-10.3018,-14.8175,-15.2855,-15.8054,-15.2268,-5.6613,-13.8046,-14.6329,-8.9327,-10.2874,-18.0550,-18.9106,-14.7220,-17.4598,-13.6523,-18.5014,-15.7667,-18.8994,-20.4476,-19.9519,-21.0376,-21.9704,-21.6105,-13.6407,-12.7461,-13.7408,-14.0249,-15.4977,-11.1852,-12.7615,-14.2423,-14.5846,-14.0677,-14.1075,-12.6220,-13.3496,-4.4935,-3.2833,-6.2677,-4.2270,-5.2784,-1.9360,-13.6990,-13.2810,-13.3757,-12.7667,-14.4069,-14.7667,-15.5488,-15.3431,-15.0030,-14.5459,-14.1026,-13.4470,-13.6487,-14.1759,-14.7522,-14.8040,-15.9130,-13.9086,-11.2980,-10.3263,-15.3089,-15.0782,-14.4968,-15.0155,-4.4176,-8.6241,-9.3155,-13.9267,-14.1448,-14.4273,-11.0745,-13.2439,-13.7632,-13.3304,-12.4319,-14.3180,-12.3980,-10.8616,-12.9758,-11.6055,-13.0478,-11.3977,-12.5040,-13.0030,-12.2904,-12.9100,-13.7211,-13.8104,-14.0334,-13.7324,-11.3120,-11.4205,-11.3010,-11.5037,-10.4693,-11.8887,-11.7300,-11.4826,-11.1231,-12.4009,-11.8165,-10.6668,-12.5639,-11.5764,-13.6491,-14.2172,-14.6901,-15.1588,-15.6272,-16.0971,-16.2500,-16.5135,-16.9517,-17.3874,-17.8091,-18.2276,-18.6436,-19.0572,-19.4682,-19.8769,-20.2833,-20.6877,-21.0903,-21.4913,-21.8908,-22.2892,-22.6864,-23.0826,-23.4780,-23.8724,-24.2660,-24.6587,-25.0503,-25.4409,-25.8302,-26.2182,-26.6046,-26.9893,-27.3722,-27.7530,-28.1316,-28.5079,-28.8817,-29.2527,-29.6210,-29.9864,-30.3487,-30.7079,-31.0638,-31.4152,-31.7622,-32.1049,-32.4410,-32.7616,-33.0326
45108.7083333,6.6260,0.7399,-2.8960,0.7480,-4.1885,-4.6331,-5.1691,0.0110,-0.3823,-1.1375,-0.8990,-1.5769,-1.9267,-1.3232,1.5506,-1.4226,-3.3331,-3.8284,-3.8996,-4.0968,-3.3057,-1.7100,0.6517,-2.7265,-2.8945,-5.8620,-4.2521,2.1757,-5.2740,-4.4037,-5.4106,-6.0356,-7.5438,-7.8353,-6.5248,-5.3587,-8.4273,-9.2294,-10.3198,-8.8895,-4.4866,-8.8003,-5.9305,-8.7462,-10.5197,-11.2925,-12.6989,-9.5070,-8.7996,-8.2034,-8.7833,-9.0602,-9.5408,-9.9558,-7.1032,-9.1245,-8.6456,-9.7740,-11.5496,-12.1643,-12.5657,-12.7038,-8.9088,-6.1540,-8.7654,-5.5245,-12.9329,-12.8329,-11.5075,-10.7321,-9.8046,-9.2473,-8.3902,-8.8900,-8.3219,-7.2227,-8.2020,-7.5858,-7.2864,-5.5437,-8.5123,-8.7125,-9.0164,-8.3852,-1.7966,-7.2926,-7.8014,-3.8617,-4.7664,-10.0995,-10.7058,-7.6517,-9.6118,-7.1235,-10.5859,-8.8316,-11.0975,-12.2181,-11.9867,-12.8511,-13.6256,-13.5370,-5.7410,-5.2797,-6.0900,-6.4158,-7.5575,-4.1011,-5.4466,-6.6965,-7.1522,-7.0507,-6.9153,-5.9734,-6.5174,-0.4965,0.2722,-1.8122,-0.4193,-1.1446,1.0998,-6.9208,-6.4849,-6.5420,-6.1303,-7.3445,-7.7160,-8.2853,-8.2588,-8.1497,-7.9588,-7.8113,-7.4971,-7.7346,-8.0315,-8.5495,-8.7065,-9.5480,-8.1950,-6.5169,-5.9514,-9.4214,-9.3368,-9.0051,-9.3522,-2.0683,-4.9934,-5.3837,-8.5309,-8.6811,-8.9011,-6.7110,-8.2464,-8.6046,-8.2930,-7.6282,-8.8120,-7.4578,-5.9211,-7.3380,-6.3297,-7.1347,-5.4407,-6.1533,-6.4300,-5.9224,-6.3465,-6.9017,-7.0394,-7.2810,-7.1983,-4.8181,-5.0067,-5.0184,-5.1984,-4.5148,-5.5162,-5.4233,-5.2684,-5.0039,-5.8661,-5.4631,-4.6558,-5.9006,-5.2181,-6.6262,-7.0091,-7.3308,-7.6545,-7.9836,-8.3200,-8.4459,-8.6547,-8.9904,-9.3321,-9.6719,-10.0167,-10.3668,-10.7216,-11.0805,-11.4428,-11.8079,-12.1751,-12.5438,-12.9134,-13.2834,-13.6533,-14.0226,-14.3910,-14.7582,-15.1239,-15.4879,-15.8502,-16.2106,-16.5692,-16.9258,-17.2806,-17.6336,-17.9848,-18.3342,-18.6820,-19.0282,-19.3727,-19.7157,-20.0571,-20.3969,-20.7351,-21.0715,-21.4063,-21.7392,-22.0694,-22.3969,-22.7214,-23.0402,-23.3433,-23.5930
45108.7500000,3.5790,4.2928,4.5421,4.1257,4.3499,4.2515,4.5292,9.1523,8.7862,8.6529,8.4041,8.1304,7.8697,8.1177,7.5014,7.3629,6.9736,6.6279,6.2593,5.8517,5.3020,5.0846,4.8474,4.9227,4.6768,4.3529,3.9961,3.0059,3.6313,3.0471,2.5594,2.2992,1.8817,1.5658,1.0164,0.5590,0.4590,0.0074,-0.2692,1.5183,0.6148,0.6819,0.1973,0.1793,-0.5265,-1.3810,-1.7970,0.7025,0.0942,-0.1668,0.2842,-0.0862,-0.2342,-0.2802,-0.7100,-0.9499,-1.3953,-1.5859,-1.2120,-1.4921,-1.7945,-2.0220,-2.6746,-3.0932,-3.0829,-3.5807,-3.2130,-2.4355,-3.0763,-2.9713,-2.8853,-2.7896,-2.7275,-2.1264,-2.1160,-1.8468,-1.4988,-0.1318,-0.2094,-0.3301,-0.1292,-0.1354,-0.2192,0.3238,-0.4398,0.2129,0.1218,-0.3750,-0.4464,-0.0433,-0.3041,-0.1446,-0.3218,-0.9297,-0.8577,-1.2821,-1.3605,-1.4868,-1.8102,-2.0156,-2.2633,-2.7256,5.2262,4.7371,4.3135,3.8235,3.4690,4.7926,4.2665,3.6251,3.1456,2.5599,3.0483,2.6940,2.5568,1.9145,1.7896,1.9432,1.8398,1.8872,1.5158,2.1705,2.4722,2.2953,1.9998,1.7395,1.4515,1.3999,1.1728,1.0359,0.8449,0.6308,0.4158,0.2663,0.4906,0.2734,0.0516,-0.0815,-0.1655,-0.5235,-0.7074,-0.4711,-0.6045,-0.7410,-0.7129,-1.4928,-1.1974,-1.0495,-0.7571,-0.7744,-0.7667,-1.0057,-0.7932,-0.6702,-0.6723,-0.7507,-0.4847,-0.6415,0.6767,0.8040,0.5972,1.0338,2.4903,2.4482,2.4655,2.3136,2.1958,2.1766,1.9866,1.8923,1.7656,4.5113,4.3634,4.1464,4.0587,3.8383,3.8097,3.6673,3.5095,3.3127,3.2643,3.1001,2.9416,3.0653,2.8811,2.8568,2.7172,2.5653,2.4077,2.2450,2.0776,1.8842,1.6948,1.5134,1.3272,1.1354,0.9387,0.7371,0.5307,0.3192,0.1028,-0.1186,-0.3450,-0.5764,-0.8127,-1.0537,-1.2993,-1.5493,-1.8033,-2.0612,-2.3226,-2.5871,-2.8544,-3.1241,-3.3957,-3.6690,-3.9433,-4.2185,-4.4941,-4.7698,-5.0453,-5.3203,-5.5945,-5.8677,-6.1398,-6.4106,-6.6799,-6.9478,-7.2140,-7.4786,-7.7415,-8.0025,-8.2608,-8.5137,-8.7507,-8.9326
45108.7916667,-2.8222,-3.5841,-4.2146,-3.8253,-4.6557,-4.8311,-4.7426,-0.1741,-0.5143,-0.7472,-0.8515,-1.1672,-1.4321,-1.0189,-0.8679,-1.5856,-2.2412,-2.5744,-2.8738,-3.2429,-3.4077,-3.2008,-2.9107,-3.4913,-3.6964,-4.4089,-4.3006,-3.7194,-4.6765,-4.8717,-5.4249,-5.7876,-6.3677,-6.7004,-6.8108,-6.9171,-7.5808,-8.1273,-8.6451,-7.0360,-6.7136,-7.5475,-7.3186,-7.9071,-8.7629,-9.5883,-10.2353,-7.7584,-8.1535,-8.2509,-8.0522,-8.4169,-8.6533,-8.7880,-8.5627,-9.1999,-9.4857,-9.8721,-9.9092,-10.1936,-10.4637,-10.6455,-10.3459,-10.1628,-10.7522,-10.5255,-11.8532,-11.4370,-12.9245,-13.2965,-13.2567,-13.1980,-13.1024,-13.1731,-13.0596,-12.6656,-12.6262,-11.2404,-11.0663,-10.5694,-10.8210,-10.6928,-10.7232,-10.0843,-9.1869,-9.7678,-9.8072,-9.2485,-9.3900,-10.1235,-10.2570,-9.2897,-9.6363,-9.3890,-9.9734,-9.7965,-10.2245,-10.4792,-10.5897,-10.8491,-11.1163,-11.3279,-3.7058,-3.8805,-4.2447,-4.5623,-4.9581,-3.1843,-3.8437,-4.6219,-5.2227,-5.8231,-5.4836,-5.6122,-5.8864,-5.2006,-5.2859,-5.7469,-5.6815,-5.9707,-6.0311,-7.3156,-7.1094,-7.3533,-7.5113,-7.9828,-8.2852,-8.3940,-8.5522,-8.6517,-8.7638,-8.9103,-9.0171,-9.1715,-8.9519,-9.1702,-9.3993,-9.6910,-9.5145,-9.5071,-9.6017,-10.2097,-10.3621,-10.4745,-10.5875,-9.8134,-10.3019,-10.2506,-10.7267,-10.8137,-10.9555,-10.9181,-11.3027,-11.4650,-11.4553,-11.3757,-11.4145,-11.2476,-9.8169,-10.0541,-9.9329,-9.6782,-8.1180,-8.2299,-8.2019,-8.1576,-8.2763,-8.3633,-8.4916,-8.5952,-8.6911,-5.9410,-6.0765,-6.2198,-6.3048,-6.3062,-6.5300,-6.6066,-6.6843,-6.7299,-6.9128,-6.9312,-6.8584,-6.9864,-6.9561,-7.2270,-7.3704,-7.5086,-7.6499,-7.7946,-7.9429,-8.0661,-8.2025,-8.3584,-8.5181,-8.6808,-8.8474,-9.0180,-9.1928,-9.3715,-9.5543,-9.7411,-9.9318,-10.1265,-10.3251,-10.5276,-10.7339,-10.9440,-11.1579,-11.3755,-11.5969,-11.8221,-12.0508,-12.2833,-12.5193,-12.7588,-13.0017,-13.2480,-13.4974,-13.7499,-14.0052,-14.2632,-14.5237,-14.7864,-15.0511,-15.3175,-15.5854,-15.8545,-16.1246,-16.3953,-16.6662,-16.9369,-17.2066,-17.4721,-17.7228,-17.9188
45108.8333333,-11.4268,-10.5188,-10.2049,-10.9710,-10.4675,-10.5701,-10.3218,-6.0514,-6.4298,-6.5312,-6.8015,-7.0704,-7.4223,-7.1160,-7.9503,-7.9877,-8.2735,-8.5904,-8.9868,-9.4386,-9.9406,-10.2372,-10.6702,-10.3875,-10.6655,-10.6396,-11.0808,-12.4215,-11.2287,-11.7919,-12.1181,-12.4007,-12.6307,-12.8596,-13.3999,-13.8876,-13.7260,-14.0385,-14.2568,-12.5472,-13.6313,-13.2961,-13.9364,-13.7846,-14.3265,-15.1613,-15.5447,-13.3651,-14.1059,-14.4224,-13.9672,-14.3419,-14.4836,-14.5223,-15.1788,-15.3356,-15.8493,-15.9732,-15.4452,-15.6738,-15.9482,-16.1827,-17.0768,-17.7884,-17.6829,-18.4957,-17.7766,-17.2056,-19.3699,-20.0425,-20.3070,-20.4138,-20.6003,-20.6786,-20.7700,-20.7787,-20.5795,-19.1023,-19.0950,-19.1192,-18.5625,-18.3974,-18.3606,-17.7296,-18.7787,-17.7574,-17.6621,-18.2602,-18.1427,-17.3501,-17.3325,-17.0801,-16.9272,-17.4808,-17.1107,-17.4754,-17.2777,-17.2222,-17.4212,-17.4516,-17.5146,-17.7852,-9.9317,-10.3033,-10.4994,-10.7984,-10.9567,-9.7431,-10.0966,-10.5342,-10.9790,-11.6305,-11.1717,-11.5940,-11.7245,-12.7586,-13.0698,-12.9549,-13.3014,-13.4195,-14.2215,-13.2836,-13.1789,-13.5239,-13.9371,-14.2903,-14.6950,-14.7498,-15.0509,-15.2845,-15.5542,-15.8569,-16.1463,-16.3036,-16.0017,-16.1652,-16.3695,-16.4043,-16.5604,-17.0391,-17.3090,-16.9104,-17.0946,-17.3123,-17.3152,-18.6493,-18.3382,-18.1859,-17.7724,-17.8330,-17.9419,-18.6023,-18.6038,-18.7149,-18.8136,-18.9430,-18.6315,-18.8781,-17.4677,-17.3660,-17.5794,-17.0114,-15.5597,-15.5050,-15.4025,-15.5447,-15.6169,-15.6075,-15.8213,-15.9473,-16.1408,-13.2507,-13.3635,-13.5318,-13.5660,-13.7783,-13.7280,-13.8425,-13.9797,-14.1149,-14.0615,-14.2095,-14.3719,-14.1247,-14.3039,-14.1937,-14.2549,-14.3319,-14.4139,-14.5000,-14.5898,-14.7169,-14.8352,-14.9381,-15.0447,-15.1560,-15.2708,-15.3889,-15.5104,-15.6352,-15.7631,-15.8944,-16.0288,-16.1665,-16.3075,-16.4517,-16.5991,-16.7499,-16.9039,-17.0612,-17.2218,-17.3857,-17.5528,-17.7232,-17.8968,-18.0737,-18.2536,-18.4368,-18.6230,-18.8122,-19.0045,-19.1997,-19.3979,-19.5989,-19.8027,-20.0092,-20.2185,-20.4302,-20.6445,-20.8612,-21.0802,-21.3012,-21.5233,-21.7438,-21.9523,-22.1120
45108.8750000,-39.0932,-54.2388,-63.3044,-53.6192,-65.1607,-65.8603,-67.3386,-62.3842,-62.5744,-64.0318,-62.9383,-64.1046,-64.7655,-63.6636,-55.8167,-62.7067,-66.4037,-66.8193,-66.4527,-66.4735,-63.1918,-58.9842,-53.0192,-61.1699,-61.0010,-66.8529,-62.2475,-46.0041,-64.7676,-62.1674,-63.9077,-64.7220,-67.5912,-67.8484,-63.8622,-60.6121,-67.6741,-68.7597,-71.1683,-70.1532,-57.8607,-68.0555,-60.3439,-66.8765,-69.6809,-70.4041,-73.3830,-69.7893,-67.7559,-66.0283,-68.1682,-68.3747,-69.3857,-70.3027,-63.0541,-67.6803,-66.1111,-68.4769,-72.9645,-73.9198,-74.3812,-74.4182,-64.4143,-57.1463,-63.6483,-55.2121,-73.7550,-75.5245,-77.4822,-78.2889,-76.8900,-75.8706,-74.2173,-78.2440,-76.9269,-74.3394,-77.0647,-76.9570,-75.5799,-70.3270,-76.8717,-76.6532,-76.8194,-75.7306,-58.4866,-72.4143,-72.8736,-62.2744,-63.8121,-76.9011,-77.0730,-69.1452,-72.8598,-65.4729,-73.7306,-68.5431,-73.4676,-75.5687,-74.1739,-75.6690,-76.8739,-75.5125,-68.6349,-66.5247,-67.4015,-67.0906,-69.1317,-62.8425,-65.6764,-67.9096,-68.8358,-68.3486,-68.7940,-66.0605,-67.1768,-52.0282,-50.5579,-56.2334,-53.2278,-55.6456,-50.6567,-71.0662,-70.7833,-70.7872,-69.1141,-71.4449,-71.8166,-72.8010,-72.4097,-72.1917,-71.6151,-71.2155,-70.3661,-70.8149,-71.6981,-72.7673,-73.0886,-75.0207,-71.9130,-67.7632,-66.5954,-75.4783,-75.3454,-74.6401,-75.6622,-57.7569,-65.7029,-66.7009,-74.7061,-75.0886,-75.9291,-71.2641,-76.1130,-77.8006,-77.1966,-75.3222,-78.3753,-74.7736,-72.5689,-76.3067,-73.1418,-75.2534,-72.9486,-74.2040,-74.5031,-72.8212,-73.4739,-74.7287,-74.8786,-75.5250,-75.4816,-73.4080,-73.7126,-73.3948,-73.6721,-71.5833,-73.9299,-73.4481,-72.8052,-71.5594,-73.3414,-72.0017,-69.6902,-72.6318,-70.5610,-73.6722,-74.1559,-74.4688,-74.7723,-75.0756,-75.3839,-75.1441,-75.1051,-75.3780,-75.6531,-75.9112,-76.1715,-76.4358,-76.7037,-76.9754,-77.2506,-77.5292,-77.8113,-78.0966,-78.3852,-78.6769,-78.9716,-79.2693,-79.5699,-79.8733,-80.1795,-80.4884,-80.8000,-81.1142,-81.4310,-81.7503,-82.0722,-82.3965,-82.7232,-83.0524,-83.3839,-83.7178,-84.0540,-84.3924,-84.7331,-85.0761,-85.4211,-85.7684,-86.1176,-86.4689,-86.8202,-87.1719,-87.5245,-87.8759,-88.2169,-88.5155
45108.9166667,-44.1671,-59.2754,-68.3372,-58.7624,-70.2761,-70.9927,-72.4914,-67.6781,-67.8208,-69.2385,-68.1114,-69.1987,-69.7635,-68.4369,-60.5818,-67.3666,-71.0056,-71.4195,-71.0581,-71.0983,-67.8998,-63.7673,-57.8857,-66.0327,-65.9149,-71.8019,-67.2667,-51.1578,-69.8575,-67.2927,-69.0606,-69.9084,-72.7960,-73.0778,-69.1383,-65.9168,-72.9409,-74.0123,-76.3809,-75.3702,-63.1483,-73.2564,-65.5817,-72.0440,-74.7275,-75.2931,-78.1655,-74.6427,-72.5486,-70.8184,-72.9622,-73.1488,-74.1479,-75.0663,-67.8483,-72.4301,-70.8590,-73.2138,-77.7062,-78.6507,-79.0980,-79.1201,-69.1667,-61.9358,-68.3781,-59.9981,-78.4417,-80.2873,-82.5456,-83.5557,-82.3007,-81.3936,-79.8349,-83.9472,-82.6735,-80.1815,-82.9556,-82.9341,-81.6035,-76.4128,-82.9339,-82.7317,-82.8996,-81.7988,-64.6652,-78.4804,-78.9098,-68.3541,-69.8543,-82.8248,-82.9690,-75.0926,-78.7577,-71.3957,-79.5682,-74.4030,-79.2895,-81.3778,-79.9905,-81.4706,-82.6634,-81.3255,-74.4994,-72.4335,-73.3268,-73.0276,-75.0477,-68.7579,-71.5021,-73.6212,-74.4458,-73.8730,-74.3191,-71.5793,-72.6700,-57.6109,-56.1291,-61.7568,-58.7625,-61.1446,-56.1285,-76.3755,-76.0806,-76.0578,-74.3782,-76.6477,-76.9768,-77.9477,-77.5399,-77.2981,-76.7135,-76.3117,-75.4814,-75.9572,-76.9087,-78.0308,-78.4045,-80.3943,-77.3615,-73.2959,-72.1907,-81.0748,-80.9919,-80.3443,-81.4195,-63.6719,-71.6039,-72.6433,-80.6276,-81.0310,-81.8873,-77.2599,-82.0974,-83.8113,-83.2309,-81.3963,-84.4641,-80.9060,-78.6690,-82.3942,-79.2651,-81.3579,-79.1144,-80.3643,-80.6634,-78.9819,-79.6087,-80.8264,-80.9302,-81.5435,-81.4787,-79.4309,-79.7757,-79.5130,-79.8405,-77.7993,-80.1554,-79.7033,-79.0856,-77.8673,-79.6506,-78.3272,-76.0374,-78.9670,-76.9094,-79.9954,-80.4666,-80.7635,-81.0466,-81.3255,-81.6059,-81.3386,-81.2680,-81.5050,-81.7422,-81.9612,-82.1813,-82.4045,-82.6310,-82.8609,-83.0944,-83.3316,-83.5725,-83.8171,-84.0654,-84.3173,-84.5729,-84.8321,-85.0948,-85.3608,-85.6302,-85.9028,-86.1785,-86.4573,-86.7391,-87.0237,-87.3111,-87.6012,-87.8939,-88.1892,-88.4870,-88.7872,-89.0897,-89.3946,-89.7016,-90.0108,-90.3222,-90.6356,-90.9510,-91.2683,-91.5856,-91.9033,-92.2221,-92.5400,-92.8497,-93.1242
45108.9583333,-44.8044,-60.2587,-69.5160,-59.7294,-71.5129,-72.2470,-73.8124,-69.1594,-69.3106,-70.7646,-69.6193,-70.7337,-71.3018,-69.7653,-61.7273,-68.6282,-72.2896,-72.6524,-72.2209,-72.1815,-68.8783,-64.6369,-58.6021,-66.9117,-66.7766,-72.8065,-68.1806,-51.7143,-70.8958,-68.2948,-70.1461,-71.0537,-74.0564,-74.3852,-70.3913,-67.1216,-74.3323,-75.4507,-77.8724,-76.9293,-64.4421,-74.7760,-66.9312,-73.5315,-76.2279,-76.7364,-79.6180,-76.1205,-73.8975,-72.0992,-74.2946,-74.4337,-75.4174,-76.3369,-68.9236,-73.5597,-71.9108,-74.2982,-78.9149,-79.8652,-80.3071,-80.3169,-70.1273,-62.7238,-69.2903,-60.7055,-79.5311,-81.4241,-83.6384,-84.7164,-83.5051,-82.6587,-81.1453,-85.4867,-84.2158,-81.7594,-84.6824,-84.8000,-83.4951,-78.2416,-84.9548,-84.7974,-85.0014,-83.9132,-66.4261,-80.5875,-81.0670,-70.3078,-71.8716,-85.1472,-85.3106,-77.3042,-81.0503,-73.5200,-81.8572,-76.5612,-81.5376,-83.6582,-82.2198,-83.7095,-84.9022,-83.5074,-76.6375,-74.5044,-75.4029,-75.0842,-77.1352,-70.7498,-73.5287,-75.6757,-76.4871,-75.8503,-76.3248,-73.4995,-74.5936,-59.1823,-57.6399,-63.3710,-60.2910,-62.6977,-57.5068,-78.1699,-77.8543,-77.7922,-76.0438,-78.3105,-78.5988,-79.5745,-79.1266,-78.8443,-78.2151,-77.7657,-76.8848,-77.3490,-78.3370,-79.4663,-79.8351,-81.8768,-78.7925,-74.6469,-73.5322,-82.6415,-82.5784,-81.9444,-83.0864,-64.9676,-73.1083,-74.2188,-82.4160,-82.8586,-83.7807,-79.1077,-84.1071,-85.9055,-85.3280,-83.4730,-86.6431,-83.0207,-80.7515,-84.5775,-81.4018,-83.5643,-81.3694,-82.6624,-82.9832,-81.2716,-81.9230,-83.1759,-83.2849,-83.9081,-83.8229,-81.8055,-82.1367,-81.8529,-82.1831,-80.0949,-82.4999,-82.0390,-81.4096,-80.1743,-82.0054,-80.6576,-78.3254,-81.3353,-79.2376,-82.4039,-82.8974,-83.2127,-83.5136,-83.8093,-84.1054,-83.8402,-83.7743,-84.0207,-84.2649,-84.4878,-84.7090,-84.9305,-85.1523,-85.3745,-85.5975,-85.8212,-86.0459,-86.2718,-86.4991,-86.7279,-86.9585,-87.1911,-87.4257,-87.6627,-87.9020,-88.1439,-88.3885,-88.6358,-88.8859,-89.1388,-89.3947,-89.6534,-89.9151,-90.1796,-90.4470,-90.7172,-90.9902,-91.2658,-91.5441,-91.8250,-92.1084,-92.3942,-92.6823,-92.9727,-93.2634,-93.5546,-93.8474,-94.1399,-94.4260,-94.6832
