File Created:,Thu Jun 20 11:05:19 2024
Heat Source Version:,9.0.0b26
Simulation Name:,WFK23
User Text:,Westfork Kickapoo
Output:,Evaporation Flux (watts/square meter)
""
Datetime,18.500,18.400,18.300,18.200,18.100,18.000,17.900,17.800,17.700,17.600,17.500,17.400,17.300,17.200,17.100,17.000,16.900,16.800,16.700,16.600,16.500,16.400,16.300,16.200,16.100,16.000,15.900,15.800,15.700,15.600,15.500,15.400,15.300,15.200,15.100,15.000,14.900,14.800,14.700,14.600,14.500,14.400,14.300,14.200,14.100,14.000,13.900,13.800,13.700,13.600,13.500,13.400,13.300,13.200,13.100,13.000,12.900,12.800,12.700,12.600,12.500,12.400,12.300,12.200,12.100,12.000,11.900,11.800,11.700,11.600,11.500,11.400,11.300,11.200,11.100,11.000,10.900,10.800,10.700,10.600,10.500,10.400,10.300,10.200,10.100,10.000,9.900,9.800,9.700,9.600,9.500,9.400,9.300,9.200,9.100,9.000,8.900,8.800,8.700,8.600,8.500,8.400,8.300,8.200,8.100,8.000,7.900,7.800,7.700,7.600,7.500,7.400,7.300,7.200,7.100,7.000,6.900,6.800,6.700,6.600,6.500,6.400,6.300,6.200,6.100,6.000,5.900,5.800,5.700,5.600,5.500,5.400,5.300,5.200,5.100,5.000,4.900,4.800,4.700,4.600,4.500,4.400,4.300,4.200,4.100,4.000,3.900,3.800,3.700,3.600,3.500,3.400,3.300,3.200,3.100,3.000,2.900,2.800,2.700,2.600,2.500,2.400,2.300,2.200,2.100,2.000,1.900,1.800,1.700,1.600,1.500,1.400,1.300,1.200,1.100,1.000,0.900,0.800,0.700,0.600,0.500,0.400,0.300,0.200,0.100,0.000
45108.0000000,-10.7802,-10.7802,-10.7802,-10.7802,-10.7802,-10.7802,-10.7802,-10.7802,-10.7802,-10.7802,-10.7802,-10.7802,-10.7802,-10.7802,-10.7802,-10.7802,-10.7802,-10.7802,-10.7802,-10.7802,-10.7802,-10.7802,-10.7802,-10.7802,-10.7802,-10.7802,-10.7802,-10.7802,-10.7802,-10.7802,-10.7802,-10.7802,-10.7802,-10.7802,-10.7802,-10.7802,-10.7802,-10.7802,-10.7802,-10.7802,-10.7802,-10.7802,-10.7802,-10.7802,-10.7802,-10.7802,-10.7802,-10.7802,-10.7802,-10.7802,-10.7802,-10.7802,-10.7802,-10.7802,-10.7802,-10.7802,-10.7802,-10.7802,-10.7802,-10.7802,-10.7802,-10.7802,-10.7802,-10.7802,-10.7802,-10.7802,-10.7802,-10.7802,-10.7802,-10.7802,-10.7802,-10.7802,-10.7802,-10.7802,-10.7802,-10.7802,-10.7802,-10.7802,-10.7802,-10.7802,-10.7802,-10.7802,-10.7802,-10.7802,-10.7802,-10.7802,-10.7802,-10.7802,-10.7802,-10.7802,-10.7802,-10.7802,-10.7802,-10.7802,-10.7802,-10.7802,-10.7802,-10.7802,-10.7802,-10.7802,-10.7802,-10.7802,-10.7802,-10.7802,-10.7802,-10.7802,-10.7802,-10.7802,-10.7802,-10.7802,-10.7802,-10.7802,-10.7802,-10.7802,-10.7802,-10.7802,-10.7802,-10.7802,-10.7802,-10.7802,-10.7802,-10.7802,-10.7802,-10.7802,-10.7802,-10.7802,-10.7802,-10.7802,-10.7802,-10.7802,-10.7802,-10.7802,-10.7802,-10.7802,-10.7802,-10.7802,-10.7802,-10.7802,-10.7802,-10.7802,-10.7802,-10.7802,-10.7802,-10.7802,-10.7802,-10.7802,-10.7802,-10.7802,-10.7802,-10.7802,-10.7802,-10.7802,-10.7802,-10.7802,-10.7802,-10.7802,-10.7802,-10.7802,-10.7802,-10.7802,-10.7802,-10.7802,-10.7802,-10.7802,-10.7802,-10.7802,-10.7802,-10.7802,-10.7802,-10.7802,-10.7802,-10.7802,-10.7802,-10.7802,-10.7802,-10.7802,-10.7802,-10.7802,-10.7802,-10.7802,-10.7802,-10.7802,-10.7802,-10.7802,-10.7802,-10.7802
45108.0416667,-9.3190,-9.3169,-9.3178,-9.3107,-9.3023,-9.3011,-9.3017,-9.3176,-8.9939,-9.0114,-9.0296,-9.0534,-9.0822,-9.1094,-8.6679,-8.7224,-8.7757,-8.8257,-8.8633,-8.9173,-8.9532,-8.9892,-9.0192,-9.0504,-9.0802,-9.1056,-9.1254,-8.9513,-8.9439,-8.9741,-9.0113,-9.0389,-9.0687,-9.0932,-9.1164,-9.1389,-9.1332,-9.1548,-9.1762,-9.1889,-8.9470,-8.9582,-8.9784,-9.0057,-9.0530,-9.1160,-9.1642,-9.1982,-8.9611,-8.9796,-9.0020,-9.0316,-9.0596,-9.0780,-9.0990,-9.1338,-9.1581,-9.1765,-9.1606,-9.1742,-9.1782,-9.1831,-9.1988,-9.2155,-9.2308,-9.2503,-9.2502,-9.1705,-9.2619,-9.3022,-9.3165,-9.3308,-9.3503,-9.3834,-9.3846,-9.3832,-9.3847,-9.3727,-9.3618,-9.2948,-9.2820,-9.2711,-9.2653,-9.2652,-9.0820,-9.0901,-9.0998,-9.1111,-9.1191,-9.1287,-9.1457,-9.1682,-9.1862,-9.2173,-9.2467,-9.2752,-9.2984,-9.3051,-9.2835,-9.3003,-9.3149,-9.3261,-8.9551,-8.9693,-8.9875,-8.9965,-9.0207,-8.9003,-8.9568,-9.0237,-9.0832,-9.1395,-9.1612,-9.1810,-9.2013,-9.2188,-9.2342,-9.2501,-9.2624,-9.2426,-9.2679,-9.2773,-9.2848,-9.2914,-9.2982,-9.3022,-9.3076,-9.3107,-9.3163,-9.2971,-9.3025,-9.3096,-9.3148,-9.3177,-9.3112,-9.3169,-9.3189,-9.3238,-9.3293,-9.3368,-9.3443,-9.3254,-9.3302,-9.3351,-9.3365,-9.3342,-9.3404,-9.3394,-9.3420,-9.3480,-9.3600,-9.3830,-9.3985,-9.4123,-9.4090,-9.4078,-9.4070,-9.4046,-9.4077,-9.3278,-9.3291,-9.3325,-9.3049,-9.3018,-9.3054,-9.3122,-9.3281,-9.3533,-9.3976,-9.3427,-9.3776,-9.2025,-9.2573,-9.3166,-9.3624,-9.3807,-9.3946,-9.4072,-9.4172,-9.4117,-9.4103,-9.4057,-9.4058,-9.4039,-9.4022,-9.3998
45108.0833333,-8.3154,-8.3183,-8.3228,-8.3212,-8.3187,-8.3203,-8.3244,-8.3409,-8.0527,-8.0640,-8.0743,-8.0859,-8.0979,-8.1073,-7.6644,-7.6927,-7.7190,-7.7440,-7.7616,-7.7902,-7.8130,-7.8363,-7.8532,-7.8738,-7.8942,-7.9143,-7.9302,-7.7905,-7.7862,-7.8129,-7.8526,-7.8862,-7.9229,-7.9536,-7.9831,-8.0102,-8.0134,-8.0387,-8.0621,-8.0790,-7.8863,-7.8982,-7.9177,-7.9417,-7.9811,-8.0317,-8.0698,-8.0981,-7.8968,-7.9115,-7.9292,-7.9528,-7.9758,-7.9917,-8.0080,-8.0376,-8.0586,-8.0758,-8.0649,-8.0775,-8.0824,-8.0882,-8.1057,-8.1254,-8.1435,-8.1672,-8.1762,-8.1179,-8.2072,-8.2492,-8.2688,-8.2921,-8.3207,-8.3631,-8.3696,-8.3792,-8.3926,-8.3914,-8.3896,-8.3363,-8.3299,-8.3249,-8.3227,-8.3244,-8.1611,-8.1677,-8.1740,-8.1800,-8.1820,-8.1834,-8.1874,-8.1944,-8.1964,-8.2083,-8.2204,-8.2336,-8.2457,-8.2507,-8.2299,-8.2440,-8.2590,-8.2752,-7.9802,-7.9938,-8.0099,-8.0164,-8.0328,-7.9163,-7.9469,-7.9813,-8.0091,-8.0349,-8.0470,-8.0577,-8.0705,-8.0825,-8.0931,-8.1074,-8.1216,-8.1106,-8.1342,-8.1498,-8.1666,-8.1851,-8.2085,-8.2300,-8.2502,-8.2654,-8.2803,-8.2721,-8.2847,-8.2990,-8.3108,-8.3198,-8.3201,-8.3305,-8.3370,-8.3452,-8.3521,-8.3608,-8.3696,-8.3553,-8.3611,-8.3662,-8.3689,-8.3676,-8.3740,-8.3751,-8.3793,-8.3862,-8.3986,-8.4205,-8.4366,-8.4534,-8.4532,-8.4551,-8.4587,-8.4605,-8.4669,-8.3971,-8.4001,-8.4037,-8.3768,-8.3725,-8.3740,-8.3771,-8.3864,-8.4025,-8.4341,-8.3837,-8.4145,-8.2528,-8.2899,-8.3295,-8.3626,-8.3790,-8.3942,-8.4101,-8.4255,-8.4280,-8.4333,-8.4349,-8.4408,-8.4448,-8.4475,-8.4502
45108.1250000,-6.9623,-6.9658,-6.9699,-6.9698,-6.9695,-6.9714,-6.9761,-6.9922,-6.7545,-6.7638,-6.7728,-6.7825,-6.7920,-6.7994,-6.3961,-6.4165,-6.4350,-6.4522,-6.4626,-6.4814,-6.4974,-6.5133,-6.5232,-6.5367,-6.5499,-6.5641,-6.5743,-6.4607,-6.4531,-6.4688,-6.4957,-6.5189,-6.5452,-6.5673,-6.5897,-6.6100,-6.6125,-6.6329,-6.6516,-6.6667,-6.5222,-6.5325,-6.5494,-6.5704,-6.6052,-6.6491,-6.6815,-6.7059,-6.5493,-6.5607,-6.5745,-6.5934,-6.6120,-6.6251,-6.6373,-6.6626,-6.6807,-6.6958,-6.6888,-6.6994,-6.7039,-6.7088,-6.7242,-6.7416,-6.7572,-6.7777,-6.7868,-6.7417,-6.8138,-6.8492,-6.8678,-6.8918,-6.9206,-6.9608,-6.9685,-6.9819,-6.9990,-7.0037,-7.0073,-6.9682,-6.9667,-6.9665,-6.9675,-6.9712,-6.8394,-6.8477,-6.8562,-6.8643,-6.8688,-6.8715,-6.8768,-6.8841,-6.8868,-6.8972,-6.9063,-6.9153,-6.9226,-6.9248,-6.9045,-6.9122,-6.9200,-6.9286,-6.6922,-6.6989,-6.7083,-6.7104,-6.7203,-6.6211,-6.6416,-6.6663,-6.6847,-6.7015,-6.7091,-6.7154,-6.7234,-6.7309,-6.7370,-6.7461,-6.7554,-6.7443,-6.7586,-6.7679,-6.7782,-6.7899,-6.8078,-6.8242,-6.8400,-6.8534,-6.8660,-6.8602,-6.8719,-6.8859,-6.8991,-6.9112,-6.9177,-6.9325,-6.9445,-6.9576,-6.9681,-6.9807,-6.9939,-6.9880,-6.9972,-7.0052,-7.0116,-7.0144,-7.0233,-7.0270,-7.0333,-7.0416,-7.0553,-7.0771,-7.0930,-7.1096,-7.1106,-7.1131,-7.1177,-7.1205,-7.1272,-7.0689,-7.0735,-7.0784,-7.0567,-7.0546,-7.0566,-7.0601,-7.0690,-7.0830,-7.1088,-7.0648,-7.0872,-6.9460,-6.9726,-7.0010,-7.0243,-7.0358,-7.0464,-7.0578,-7.0689,-7.0710,-7.0752,-7.0764,-7.0813,-7.0852,-7.0878,-7.0906
45108.1666667,-6.8284,-6.8352,-6.8421,-6.8451,-6.8485,-6.8521,-6.8599,-6.8799,-6.6510,-6.6609,-6.6708,-6.6808,-6.6902,-6.6976,-6.2764,-6.2948,-6.3118,-6.3272,-6.3359,-6.3525,-6.3674,-6.3817,-6.3898,-6.4019,-6.4137,-6.4274,-6.4364,-6.3286,-6.3203,-6.3332,-6.3571,-6.3777,-6.4015,-6.4207,-6.4406,-6.4580,-6.4589,-6.4764,-6.4920,-6.5051,-6.3734,-6.3814,-6.3959,-6.4140,-6.4453,-6.4845,-6.5132,-6.5360,-6.3922,-6.4025,-6.4150,-6.4326,-6.4502,-6.4630,-6.4742,-6.4999,-6.5185,-6.5342,-6.5296,-6.5402,-6.5450,-6.5500,-6.5657,-6.5836,-6.5992,-6.6197,-6.6297,-6.5881,-6.6553,-6.6887,-6.7075,-6.7329,-6.7628,-6.8025,-6.8109,-6.8263,-6.8456,-6.8539,-6.8608,-6.8275,-6.8289,-6.8315,-6.8342,-6.8392,-6.7152,-6.7250,-6.7356,-6.7458,-6.7525,-6.7567,-6.7646,-6.7746,-6.7803,-6.7935,-6.8042,-6.8148,-6.8235,-6.8261,-6.8078,-6.8159,-6.8239,-6.8328,-6.6072,-6.6129,-6.6209,-6.6218,-6.6296,-6.5314,-6.5476,-6.5681,-6.5820,-6.5943,-6.5995,-6.6035,-6.6091,-6.6143,-6.6180,-6.6246,-6.6318,-6.6198,-6.6308,-6.6376,-6.6453,-6.6543,-6.6702,-6.6844,-6.6979,-6.7101,-6.7206,-6.7138,-6.7237,-6.7357,-6.7474,-6.7588,-6.7655,-6.7797,-6.7919,-6.8054,-6.8158,-6.8288,-6.8431,-6.8402,-6.8511,-6.8606,-6.8694,-6.8750,-6.8867,-6.8937,-6.9037,-6.9158,-6.9348,-6.9637,-6.9860,-7.0088,-7.0125,-7.0171,-7.0246,-7.0296,-7.0382,-6.9822,-6.9889,-6.9955,-6.9748,-6.9741,-6.9770,-6.9815,-6.9918,-7.0074,-7.0353,-6.9948,-7.0173,-6.8747,-6.8992,-6.9246,-6.9447,-6.9543,-6.9632,-6.9726,-6.9819,-6.9834,-6.9868,-6.9871,-6.9911,-6.9944,-6.9964,-6.9987
45108.2083333,-5.3651,-5.3685,-5.3712,-5.3719,-5.3736,-5.3746,-5.3781,-5.3901,-5.2103,-5.2167,-5.2239,-5.2311,-5.2382,-5.2442,-4.8967,-4.9110,-4.9243,-4.9363,-4.9429,-4.9555,-4.9672,-4.9778,-4.9837,-4.9929,-5.0017,-5.0126,-5.0194,-4.9386,-4.9323,-4.9414,-4.9595,-4.9750,-4.9933,-5.0077,-5.0227,-5.0354,-5.0358,-5.0487,-5.0598,-5.0693,-4.9724,-4.9774,-4.9874,-4.9998,-5.0221,-5.0498,-5.0695,-5.0854,-4.9787,-4.9855,-4.9938,-5.0058,-5.0182,-5.0271,-5.0348,-5.0545,-5.0688,-5.0810,-5.0783,-5.0862,-5.0899,-5.0936,-5.1061,-5.1204,-5.1325,-5.1486,-5.1571,-5.1266,-5.1766,-5.2017,-5.2163,-5.2371,-5.2610,-5.2911,-5.2979,-5.3109,-5.3267,-5.3355,-5.3429,-5.3203,-5.3232,-5.3268,-5.3298,-5.3341,-5.2414,-5.2497,-5.2590,-5.2681,-5.2746,-5.2785,-5.2861,-5.2956,-5.3019,-5.3139,-5.3232,-5.3325,-5.3404,-5.3430,-5.3303,-5.3373,-5.3444,-5.3525,-5.1848,-5.1895,-5.1958,-5.1966,-5.2025,-5.1271,-5.1392,-5.1545,-5.1643,-5.1729,-5.1761,-5.1784,-5.1818,-5.1849,-5.1867,-5.1907,-5.1951,-5.1850,-5.1921,-5.1960,-5.2005,-5.2058,-5.2168,-5.2264,-5.2354,-5.2439,-5.2507,-5.2445,-5.2509,-5.2588,-5.2668,-5.2748,-5.2796,-5.2897,-5.2986,-5.3086,-5.3159,-5.3251,-5.3357,-5.3339,-5.3422,-5.3491,-5.3560,-5.3603,-5.3694,-5.3758,-5.3846,-5.3949,-5.4113,-5.4357,-5.4558,-5.4775,-5.4825,-5.4880,-5.4967,-5.5030,-5.5120,-5.4716,-5.4799,-5.4876,-5.4734,-5.4748,-5.4785,-5.4836,-5.4936,-5.5078,-5.5325,-5.5038,-5.5227,-5.4103,-5.4299,-5.4497,-5.4651,-5.4722,-5.4786,-5.4854,-5.4919,-5.4929,-5.4951,-5.4950,-5.4976,-5.4998,-5.5010,-5.5025
45108.2500000,-4.9151,-4.9214,-4.9268,-4.9313,-4.9374,-4.9398,-4.9436,-4.9499,-4.7827,-4.7873,-4.7928,-4.7979,-4.8012,-4.8059,-4.4708,-4.4822,-4.4940,-4.5044,-4.5088,-4.5182,-4.5295,-4.5380,-4.5427,-4.5516,-4.5605,-4.5725,-4.5784,-4.5055,-4.5001,-4.5063,-4.5222,-4.5360,-4.5530,-4.5671,-4.5818,-4.5936,-4.5951,-4.6065,-4.6146,-4.6254,-4.5427,-4.5476,-4.5557,-4.5662,-4.5848,-4.6058,-4.6200,-4.6331,-4.5381,-4.5438,-4.5512,-4.5615,-4.5725,-4.5805,-4.5856,-4.6018,-4.6139,-4.6256,-4.6256,-4.6337,-4.6377,-4.6407,-4.6500,-4.6615,-4.6712,-4.6848,-4.6920,-4.6633,-4.7000,-4.7213,-4.7362,-4.7563,-4.7778,-4.8026,-4.8100,-4.8240,-4.8391,-4.8501,-4.8595,-4.8448,-4.8519,-4.8581,-4.8617,-4.8653,-4.7829,-4.7898,-4.7986,-4.8068,-4.8132,-4.8164,-4.8246,-4.8349,-4.8418,-4.8522,-4.8591,-4.8668,-4.8745,-4.8787,-4.8679,-4.8742,-4.8807,-4.8897,-4.7464,-4.7512,-4.7584,-4.7604,-4.7661,-4.6982,-4.7069,-4.7203,-4.7281,-4.7348,-4.7386,-4.7414,-4.7454,-4.7486,-4.7503,-4.7546,-4.7585,-4.7487,-4.7528,-4.7561,-4.7591,-4.7635,-4.7735,-4.7819,-4.7898,-4.7978,-4.8031,-4.7957,-4.8000,-4.8055,-4.8116,-4.8182,-4.8224,-4.8304,-4.8379,-4.8464,-4.8519,-4.8585,-4.8664,-4.8651,-4.8720,-4.8777,-4.8838,-4.8856,-4.8926,-4.8992,-4.9072,-4.9159,-4.9294,-4.9489,-4.9658,-4.9855,-4.9909,-4.9979,-5.0082,-5.0158,-5.0248,-4.9890,-5.0004,-5.0101,-4.9995,-5.0037,-5.0095,-5.0156,-5.0267,-5.0407,-5.0644,-5.0411,-5.0588,-4.9577,-4.9769,-4.9967,-5.0118,-5.0199,-5.0264,-5.0328,-5.0388,-5.0419,-5.0450,-5.0451,-5.0474,-5.0498,-5.0509,-5.0528
45108.2916667,-7.1186,-7.1326,-7.1457,-7.1605,-7.1798,-7.1888,-7.2042,-7.2171,-6.9755,-6.9847,-6.9945,-7.0035,-7.0066,-7.0147,-6.5022,-6.5169,-6.5350,-6.5511,-6.5558,-6.5666,-6.5833,-6.5935,-6.5991,-6.6128,-6.6271,-6.6471,-6.6550,-6.5471,-6.5403,-6.5464,-6.5678,-6.5872,-6.6125,-6.6346,-6.6568,-6.6746,-6.6792,-6.6960,-6.7055,-6.7258,-6.6099,-6.6185,-6.6301,-6.6458,-6.6731,-6.7006,-6.7159,-6.7318,-6.5909,-6.5973,-6.6079,-6.6223,-6.6384,-6.6502,-6.6547,-6.6761,-6.6924,-6.7109,-6.7144,-6.7291,-6.7371,-6.7424,-6.7529,-6.7671,-6.7793,-6.7957,-6.8024,-6.7518,-6.7809,-6.8032,-6.8247,-6.8530,-6.8812,-6.9095,-6.9214,-6.9454,-6.9687,-6.9908,-7.0101,-6.9988,-7.0184,-7.0350,-7.0445,-7.0517,-6.9361,-6.9475,-6.9628,-6.9764,-6.9873,-6.9928,-7.0079,-7.0259,-7.0370,-7.0508,-7.0571,-7.0645,-7.0734,-7.0812,-7.0640,-7.0719,-7.0794,-7.0936,-6.8905,-6.8988,-6.9123,-6.9175,-6.9270,-6.8296,-6.8396,-6.8585,-6.8679,-6.8747,-6.8812,-6.8859,-6.8936,-6.8999,-6.9035,-6.9117,-6.9187,-6.9045,-6.9081,-6.9140,-6.9175,-6.9252,-6.9413,-6.9552,-6.9691,-6.9827,-6.9907,-6.9781,-6.9831,-6.9896,-6.9973,-7.0060,-7.0112,-7.0209,-7.0304,-7.0418,-7.0482,-7.0547,-7.0624,-7.0598,-7.0680,-7.0752,-7.0823,-7.0808,-7.0875,-7.0965,-7.1065,-7.1161,-7.1305,-7.1492,-7.1658,-7.1879,-7.1938,-7.2047,-7.2217,-7.2339,-7.2474,-7.1947,-7.2167,-7.2341,-7.2225,-7.2329,-7.2451,-7.2568,-7.2754,-7.2961,-7.3281,-7.2935,-7.3149,-7.1688,-7.1966,-7.2292,-7.2551,-7.2714,-7.2837,-7.2961,-7.3073,-7.3176,-7.3261,-7.3288,-7.3336,-7.3391,-7.3420,-7.3477
45108.3333333,-17.6599,-17.6905,-17.7214,-17.7643,-17.8332,-17.8691,-17.9185,-17.9348,-17.3371,-17.3655,-17.4038,-17.4329,-17.4381,-17.4669,-16.1874,-16.2267,-16.2783,-16.3191,-16.3268,-16.3367,-16.3846,-16.4014,-16.4042,-16.4368,-16.4795,-16.5316,-16.5528,-16.2661,-16.2493,-16.2528,-16.3001,-16.3497,-16.4169,-16.4779,-16.5408,-16.5811,-16.5994,-16.6360,-16.6516,-16.7157,-16.4318,-16.4628,-16.4862,-16.5237,-16.5945,-16.6601,-16.6904,-16.7185,-16.3576,-16.3693,-16.4006,-16.4405,-16.4858,-16.5183,-16.5206,-16.5687,-16.6029,-16.6558,-16.6701,-16.7164,-16.7435,-16.7589,-16.7715,-16.7963,-16.8211,-16.8534,-16.8679,-16.7220,-16.7301,-16.7607,-16.8145,-16.8754,-16.9348,-16.9814,-17.0146,-17.0801,-17.1379,-17.1951,-17.2473,-17.2376,-17.3059,-17.3654,-17.3992,-17.4217,-17.1358,-17.1600,-17.1974,-17.2302,-17.2601,-17.2811,-17.3373,-17.4006,-17.4411,-17.4819,-17.4952,-17.5136,-17.5380,-17.5644,-17.5217,-17.5372,-17.5462,-17.5777,-17.0853,-17.1078,-17.1481,-17.1652,-17.1838,-16.9380,-16.9480,-16.9931,-17.0109,-17.0235,-17.0430,-17.0606,-17.0865,-17.1071,-17.1178,-17.1403,-17.1617,-17.1245,-17.1223,-17.1406,-17.1457,-17.1696,-17.2117,-17.2503,-17.2944,-17.3372,-17.3611,-17.3286,-17.3422,-17.3585,-17.3786,-17.4003,-17.4073,-17.4247,-17.4451,-17.4763,-17.4906,-17.4985,-17.5061,-17.4955,-17.5104,-17.5288,-17.5399,-17.5248,-17.5397,-17.5565,-17.5738,-17.5870,-17.6047,-17.6231,-17.6418,-17.6749,-17.6820,-17.7153,-17.7602,-17.7880,-17.8193,-17.6823,-17.7446,-17.7883,-17.7620,-17.7885,-17.8238,-17.8553,-17.9021,-17.9559,-18.0268,-17.9360,-17.9741,-17.6193,-17.6775,-17.7633,-17.8333,-17.8842,-17.9168,-17.9558,-17.9908,-18.0347,-18.0686,-18.0827,-18.0958,-18.1121,-18.1217,-18.1463
45108.3750000,-30.2284,-30.2784,-30.3441,-30.4492,-30.6443,-30.7363,-30.8546,-30.8450,-29.8202,-29.8848,-29.9810,-30.0461,-30.0480,-30.1122,-28.0509,-28.1082,-28.1993,-28.2679,-28.2689,-28.2495,-28.3450,-28.3521,-28.3302,-28.3818,-28.4781,-28.5842,-28.6267,-28.0746,-28.0515,-28.0329,-28.0971,-28.1855,-28.3230,-28.4674,-28.6059,-28.7018,-28.7240,-28.7417,-28.7276,-28.8574,-28.3466,-28.4064,-28.4210,-28.4764,-28.6149,-28.7135,-28.7558,-28.7769,-28.1179,-28.1250,-28.1942,-28.2771,-28.3731,-28.4470,-28.4609,-28.5302,-28.5731,-28.6928,-28.7512,-28.8434,-28.8976,-28.9236,-28.9087,-28.9183,-28.9444,-28.9773,-28.9992,-28.7062,-28.5959,-28.5929,-28.6882,-28.7663,-28.8442,-28.8743,-28.9380,-29.0698,-29.1736,-29.3102,-29.4030,-29.4252,-29.6042,-29.7384,-29.8115,-29.8541,-29.3369,-29.3550,-29.4016,-29.4374,-29.4776,-29.5222,-29.6526,-29.7918,-29.8743,-29.9595,-29.9793,-30.0125,-30.0629,-30.1298,-30.0586,-30.0850,-30.0922,-30.1780,-29.3369,-29.3824,-29.4682,-29.5053,-29.5297,-29.0818,-29.0612,-29.1327,-29.1473,-29.1521,-29.1884,-29.2299,-29.2910,-29.3413,-29.3692,-29.4380,-29.4857,-29.4156,-29.3868,-29.4221,-29.4128,-29.4586,-29.5259,-29.5947,-29.6877,-29.7799,-29.8294,-29.7688,-29.7968,-29.8280,-29.8693,-29.9115,-29.9127,-29.9204,-29.9478,-30.0125,-30.0387,-30.0312,-30.0214,-30.0092,-30.0521,-30.0816,-30.0816,-30.0202,-30.0401,-30.0915,-30.1199,-30.1077,-30.1045,-30.0346,-29.9921,-30.0012,-29.9896,-30.0590,-30.1434,-30.1784,-30.2335,-29.9922,-30.1220,-30.2080,-30.1672,-30.1961,-30.2580,-30.3088,-30.3823,-30.4720,-30.5665,-30.3815,-30.3959,-29.7969,-29.8585,-30.0127,-30.1412,-30.2488,-30.3025,-30.3856,-30.4590,-30.5743,-30.6603,-30.7023,-30.7488,-30.7748,-30.7904,-30.8510
45108.4166667,-62.1819,-62.2446,-62.5293,-62.7702,-63.3073,-63.5498,-63.8437,-63.6401,-61.5778,-61.7656,-62.0620,-62.2435,-62.2373,-62.4385,-58.8491,-58.9634,-59.1704,-59.3151,-59.2878,-59.1310,-59.3382,-59.2604,-59.2527,-59.2455,-59.4966,-59.8579,-59.9875,-58.7851,-58.6625,-58.4780,-58.6857,-58.7942,-59.0814,-59.4508,-59.8057,-60.0462,-60.0982,-60.0536,-59.9359,-60.3296,-59.2985,-59.4338,-59.3531,-59.4013,-59.7274,-59.8818,-59.8891,-59.7995,-58.2477,-58.1942,-58.3650,-58.5611,-58.7954,-58.9847,-59.0124,-59.1228,-59.1777,-59.5333,-59.7508,-60.0217,-60.1914,-60.2642,-60.1112,-60.0415,-60.0629,-60.1103,-60.1019,-59.3576,-58.7971,-58.7514,-58.9447,-58.9877,-59.0662,-58.9963,-59.1322,-59.4540,-59.6797,-60.0286,-60.2235,-60.3712,-60.8732,-61.2390,-61.4385,-61.5445,-60.3664,-60.3225,-60.3580,-60.4496,-60.7021,-60.8112,-61.1698,-61.5551,-61.8124,-61.9672,-61.9477,-61.9639,-62.0356,-62.2058,-62.0224,-62.0524,-62.0955,-62.2955,-60.5786,-60.6954,-60.9360,-61.0688,-61.1728,-60.1375,-59.9886,-60.1121,-60.0904,-60.0431,-60.0897,-60.1978,-60.3591,-60.4914,-60.5384,-60.7363,-60.8837,-60.7520,-60.6881,-60.8012,-60.8591,-60.9745,-61.1261,-61.3468,-61.5542,-61.7623,-61.8591,-61.6938,-61.7407,-61.7887,-61.8753,-61.9749,-61.9757,-61.8881,-61.8807,-62.0306,-62.0899,-62.1023,-61.9975,-62.0252,-62.1123,-62.1638,-62.2051,-61.9844,-62.0013,-62.1289,-62.1727,-62.0680,-62.0043,-61.6381,-61.3475,-61.2422,-61.1380,-61.2985,-61.4625,-61.4648,-61.5570,-61.0044,-61.3350,-61.5590,-61.5145,-61.5275,-61.6323,-61.7072,-61.8274,-61.9831,-62.0599,-61.5571,-61.4236,-60.1944,-60.1915,-60.5118,-60.7830,-61.0418,-61.1170,-61.3223,-61.5036,-61.8390,-62.0850,-62.2146,-62.3486,-62.3877,-62.4142,-62.5984
45108.4583333,-102.4814,-102.4789,-103.2138,-104.3556,-105.5640,-106.1126,-106.6974,-105.8967,-102.1707,-102.4376,-102.2298,-102.7089,-102.8179,-103.3921,-98.3026,-98.6557,-99.1726,-99.5358,-99.5282,-99.1752,-99.6514,-99.4193,-99.5995,-99.5254,-100.1806,-100.9835,-101.2557,-98.6628,-98.5870,-98.1394,-98.6314,-98.6478,-98.9851,-99.4497,-100.4015,-101.1125,-101.4856,-101.8044,-101.4134,-102.1829,-100.1521,-100.3347,-99.8813,-99.7328,-100.2732,-100.3858,-100.2691,-99.9729,-96.9639,-96.6642,-97.0011,-97.3763,-97.8190,-98.1219,-97.8301,-97.7822,-97.9425,-98.5369,-99.1337,-99.7825,-100.2223,-100.4337,-99.9858,-99.6356,-99.4351,-99.5248,-99.7439,-98.4784,-97.0942,-96.8463,-97.1476,-96.9218,-96.6902,-96.4170,-96.4668,-97.1600,-97.6325,-98.3295,-98.5862,-98.8488,-99.9547,-100.7605,-101.2160,-101.4563,-99.2947,-99.1594,-99.6623,-99.7879,-100.2186,-100.3695,-101.0825,-101.8557,-102.3826,-102.6737,-102.6091,-102.6193,-102.7414,-103.1004,-102.7585,-102.7873,-102.8437,-103.2248,-100.1241,-100.3801,-100.8968,-101.2038,-101.4506,-99.7915,-99.3863,-99.4494,-99.2483,-99.0440,-99.3127,-99.5112,-99.8138,-100.0325,-99.8918,-100.3345,-100.6874,-100.4919,-100.3628,-100.6317,-100.8083,-101.1065,-101.6142,-101.9819,-102.3260,-102.7071,-102.8747,-102.5517,-102.5869,-102.3377,-102.0477,-102.0383,-102.2690,-102.6824,-103.0598,-103.3673,-103.4754,-103.5033,-103.5442,-103.5228,-103.5975,-103.5842,-103.6117,-103.2395,-103.0967,-103.1053,-102.7072,-102.3126,-101.9001,-101.6495,-101.2510,-100.4577,-100.0894,-100.3669,-100.6538,-100.8388,-100.8140,-99.5036,-100.0304,-100.3818,-100.2973,-100.3213,-100.5697,-100.8944,-101.1506,-101.1461,-100.8229,-99.6122,-99.1488,-96.8728,-96.7008,-97.0294,-97.4240,-97.8932,-97.9196,-98.3126,-98.6578,-99.3753,-99.8960,-100.1854,-100.5111,-100.9178,-101.1628,-101.5032
45108.5000000,-93.4068,-93.4590,-94.2241,-95.4296,-96.6974,-97.3133,-98.0171,-97.3554,-93.9231,-94.3262,-95.0106,-95.4056,-95.3938,-95.8463,-91.2875,-91.6306,-92.1528,-92.5358,-92.5787,-92.7269,-93.1469,-92.8155,-92.9656,-92.8392,-93.4810,-94.2179,-94.4109,-91.5025,-91.3511,-90.8191,-91.3094,-91.2776,-91.7963,-92.7875,-93.7147,-94.4014,-94.7382,-95.0456,-94.6584,-95.4256,-93.3585,-93.5874,-93.1710,-93.0182,-93.6324,-93.8142,-93.7931,-93.9685,-90.7289,-90.3879,-90.6589,-90.9288,-91.2519,-91.4448,-91.0309,-90.5944,-90.3329,-90.7241,-91.2339,-91.8274,-92.2226,-92.3954,-91.8135,-91.3626,-91.1453,-91.2767,-91.4400,-90.2383,-88.9012,-88.6904,-89.0750,-89.2467,-88.7948,-88.2629,-88.2097,-88.7367,-89.0317,-89.6371,-89.7963,-90.0096,-91.1059,-91.9055,-92.3721,-92.6336,-90.5860,-90.4980,-91.0453,-91.1713,-91.7060,-91.9450,-92.7772,-93.6657,-94.2990,-94.6839,-94.6920,-94.7446,-94.8809,-95.2435,-94.8914,-94.9132,-94.9571,-95.3122,-92.1274,-92.3817,-92.9101,-93.2358,-93.5206,-91.9787,-91.6140,-91.7532,-91.6222,-91.4510,-91.7291,-91.9302,-92.2287,-92.4387,-92.2403,-92.6517,-92.9542,-92.6868,-92.5015,-92.7266,-92.8802,-93.1974,-93.8014,-94.2547,-94.6726,-95.0896,-95.2984,-95.0106,-95.1196,-95.1234,-94.7789,-94.7036,-95.0073,-95.2592,-95.4994,-95.7057,-95.7678,-95.7815,-95.8556,-95.8662,-95.9947,-96.0491,-96.1538,-95.8840,-95.8226,-95.8420,-95.4011,-95.0091,-94.7718,-94.0084,-93.1778,-92.0150,-91.5098,-91.7176,-91.9476,-92.1397,-92.1398,-90.9804,-91.4947,-91.8398,-91.8060,-92.1315,-92.5276,-92.7705,-92.8838,-92.6713,-91.9443,-90.3739,-89.6866,-87.3725,-87.1596,-87.2342,-87.3295,-87.6401,-87.5110,-87.7814,-88.0320,-88.7057,-89.1971,-89.4735,-89.7970,-90.2334,-90.5168,-90.8955
45108.5416667,-114.5309,-115.6469,-116.5484,-117.9877,-119.4933,-120.2263,-121.0146,-120.0345,-115.5297,-116.0727,-116.9920,-117.5917,-117.7067,-118.3882,-113.3993,-113.9436,-114.7114,-115.2965,-115.4404,-115.7357,-116.2884,-115.8762,-116.1111,-115.9060,-116.6280,-117.1313,-116.6409,-112.9160,-112.8153,-112.2103,-112.0819,-112.0543,-112.7447,-114.2148,-115.6128,-116.7142,-117.3301,-117.9302,-117.5748,-118.7368,-116.1562,-116.6303,-116.4882,-117.1362,-117.8688,-118.0407,-117.9657,-118.1523,-113.7026,-113.2683,-113.6074,-113.9652,-114.4197,-114.7848,-114.7381,-113.9238,-113.3054,-113.4021,-113.8876,-114.5505,-114.9680,-115.1386,-114.4351,-113.8504,-113.5874,-114.1004,-114.0726,-112.2525,-110.2232,-109.7823,-110.2141,-110.6844,-110.6352,-109.7307,-109.7265,-110.1761,-110.2636,-110.2626,-110.3592,-110.5266,-111.8828,-112.8791,-113.4886,-113.9179,-112.2645,-112.7813,-113.5417,-114.0716,-114.4600,-114.5295,-115.2540,-116.0900,-116.6541,-116.9520,-116.8905,-116.9530,-117.1659,-117.6567,-117.2600,-117.3820,-117.5347,-118.0705,-113.7193,-114.1088,-114.8325,-115.2930,-115.7415,-113.9574,-113.8691,-113.9581,-113.7499,-113.4917,-113.8167,-114.0578,-114.4449,-114.8149,-115.0496,-115.5391,-115.8812,-115.4706,-115.2516,-115.5069,-115.6481,-115.9253,-116.2550,-116.8310,-117.3812,-117.9220,-118.2202,-117.8418,-117.5367,-117.6476,-117.2888,-117.2316,-117.6203,-117.9140,-117.8602,-118.3365,-118.6133,-118.8559,-119.1556,-119.2793,-119.5610,-119.7380,-119.9340,-119.6529,-119.6195,-119.7337,-119.3472,-119.3456,-118.9952,-117.9863,-116.8667,-115.3213,-115.0386,-115.1464,-115.1960,-115.2339,-115.0160,-113.1158,-113.4933,-113.7114,-113.4875,-113.7957,-114.2624,-114.5470,-114.6900,-114.4470,-113.5208,-111.3286,-110.2744,-107.0690,-106.5022,-106.2979,-106.1829,-106.5417,-106.7436,-106.8774,-106.9830,-107.6645,-108.1463,-108.3838,-108.6931,-109.1676,-109.4742,-109.8973
45108.5833333,-149.3575,-150.5966,-151.7619,-153.4620,-155.3211,-156.4231,-157.8818,-157.6918,-151.9500,-152.9287,-154.1779,-155.1459,-155.5548,-156.4619,-151.0418,-151.7173,-152.6328,-153.3590,-153.6056,-154.0173,-154.5880,-154.1085,-154.4796,-155.0585,-155.7463,-156.0822,-155.2048,-149.9179,-149.5068,-148.6935,-148.2110,-147.7215,-147.8047,-148.5298,-149.9196,-150.6863,-151.8919,-153.2111,-153.3777,-155.1574,-151.9252,-152.7954,-152.9489,-154.1695,-155.7885,-156.9466,-157.5246,-158.1042,-152.3122,-152.5260,-152.9644,-153.3728,-153.8150,-154.0234,-153.4784,-152.4874,-151.7535,-151.8179,-152.2926,-153.1555,-153.6992,-153.9481,-153.0473,-152.2158,-151.6930,-151.5610,-151.6652,-149.5535,-147.9453,-147.5308,-147.9187,-148.3048,-148.2252,-147.4188,-147.7087,-148.0960,-148.0945,-147.8921,-147.9542,-148.2399,-149.5165,-150.4040,-150.9236,-151.2863,-148.6559,-149.1991,-150.1025,-150.8580,-151.5120,-151.8889,-153.0075,-154.2573,-155.1613,-155.7960,-155.9900,-156.2298,-156.5491,-157.0842,-156.4843,-156.6432,-156.8095,-157.3601,-150.4773,-150.9454,-151.8014,-152.3491,-152.9896,-150.6570,-150.8817,-151.2905,-151.3982,-151.3912,-151.7997,-152.1248,-152.5370,-152.6507,-152.9717,-153.5336,-153.7741,-152.8668,-152.9877,-153.4921,-153.8674,-154.4599,-155.2190,-155.8604,-156.4793,-157.0089,-157.2752,-156.3686,-156.4684,-156.0863,-155.7206,-155.6180,-156.1143,-156.6413,-157.0165,-157.3985,-157.6107,-157.7587,-157.9564,-157.9201,-158.2313,-158.5118,-158.8051,-158.5671,-158.1176,-158.3924,-158.1487,-158.4344,-158.5114,-158.0449,-157.2352,-155.6123,-155.2754,-155.3660,-155.3719,-155.3440,-155.1158,-152.6393,-152.9005,-152.9963,-152.4637,-152.6382,-153.0313,-153.2192,-153.2659,-152.8829,-151.6894,-148.6776,-147.3359,-142.7456,-141.8136,-141.2418,-140.8018,-141.0516,-141.1745,-141.2868,-141.4058,-142.1136,-142.6357,-142.8864,-143.2209,-143.7133,-144.0359,-144.4968
45108.6250000,-105.6709,-106.7387,-107.6163,-108.9237,-110.2992,-111.0435,-111.9192,-111.3814,-107.0142,-107.6309,-108.5353,-109.2056,-109.4850,-110.2303,-107.4899,-108.0982,-108.8756,-109.4912,-109.7197,-110.0991,-110.6200,-110.3195,-110.6386,-111.2029,-111.7875,-112.0917,-111.4229,-107.3766,-106.6214,-106.1437,-105.6883,-105.1281,-104.7617,-104.7231,-104.9924,-105.2552,-105.9328,-106.6828,-106.6398,-107.9085,-105.7825,-106.5270,-106.9911,-108.0619,-109.4327,-110.4398,-111.0600,-111.7261,-107.6758,-107.8302,-108.4935,-109.1602,-109.7903,-110.1632,-109.8785,-109.2535,-108.8087,-108.8812,-109.2539,-109.8941,-110.2793,-110.4406,-109.7709,-109.1484,-108.7404,-108.4533,-108.0056,-106.6362,-105.7157,-105.5898,-105.8813,-105.5183,-105.1766,-105.0326,-105.4503,-106.0347,-106.3455,-106.3482,-106.5474,-106.9031,-107.9243,-108.6274,-109.0375,-109.3170,-107.2858,-107.6584,-108.2348,-108.6840,-109.0146,-109.1358,-109.7876,-110.5135,-110.9462,-111.0913,-110.6777,-110.9179,-111.2718,-111.7671,-111.4340,-111.6500,-111.8744,-112.4008,-106.7970,-106.9214,-107.7052,-108.2349,-108.8000,-107.1362,-107.3445,-107.6607,-107.7368,-107.7491,-108.1166,-108.3992,-108.7425,-108.7935,-109.0422,-109.3450,-109.1059,-108.3490,-108.3335,-108.6866,-108.9604,-109.4228,-110.1285,-110.6998,-111.2517,-111.7376,-112.0029,-111.3426,-111.3852,-111.1614,-110.8737,-110.8771,-111.3147,-111.7653,-112.1457,-112.5137,-112.7307,-112.8518,-112.6375,-112.0403,-111.9047,-112.1768,-112.4764,-112.3477,-112.0061,-112.1832,-111.8414,-111.6053,-111.4228,-111.5363,-111.4347,-110.8650,-110.4598,-110.7570,-111.0388,-111.2378,-111.2674,-109.6821,-109.8631,-109.6971,-109.4239,-109.6591,-110.0184,-110.1810,-110.1217,-109.4951,-108.7655,-106.6643,-105.8224,-102.3917,-101.7793,-101.3155,-100.6400,-100.9197,-101.0392,-101.0827,-101.1030,-101.5657,-101.8879,-102.0089,-102.1949,-102.5097,-102.7007,-102.9804
45108.6666667,-177.4484,-177.1613,-177.7486,-178.8457,-180.2143,-181.0778,-182.2820,-182.0320,-174.9265,-175.9034,-176.1521,-177.3540,-178.1613,-179.4070,-175.9910,-177.0632,-178.2841,-179.2872,-179.7771,-180.4012,-180.4872,-180.3524,-180.8201,-181.3340,-181.3374,-182.0014,-181.5546,-175.5569,-174.7650,-174.3809,-174.3390,-173.5407,-173.0088,-173.0407,-173.2776,-173.5471,-174.0019,-174.7532,-174.5917,-176.0430,-172.2467,-173.2186,-174.1640,-175.5957,-177.6809,-179.4993,-180.7027,-181.7531,-175.6111,-176.1095,-176.8837,-177.7985,-178.7382,-179.3313,-179.2891,-178.5626,-178.0317,-178.1273,-178.4695,-179.4464,-180.0856,-180.4909,-179.9557,-179.6395,-179.9065,-179.7949,-179.5573,-176.8646,-175.5423,-175.2512,-175.1144,-174.9898,-174.2931,-174.0245,-174.3814,-174.8814,-175.1989,-175.0631,-175.3128,-175.3065,-176.5493,-177.5020,-178.1749,-178.7414,-175.4906,-176.3132,-177.3758,-178.2750,-178.9974,-179.4919,-179.9531,-181.1902,-182.0451,-182.6574,-182.5643,-183.1008,-183.6625,-184.2369,-183.6305,-184.0129,-184.3854,-185.0420,-176.0032,-176.4270,-177.2172,-177.6666,-178.3375,-175.5179,-175.9664,-176.5940,-177.0192,-177.3155,-177.5233,-177.9318,-178.4157,-178.5102,-178.8570,-179.3112,-179.0703,-178.0114,-178.2748,-178.6621,-178.5334,-179.1235,-179.7086,-180.6341,-181.5977,-182.4206,-183.0308,-182.3850,-182.4339,-182.8167,-182.7207,-182.7850,-183.2186,-183.8184,-184.3145,-184.8346,-185.2174,-185.4997,-185.2565,-184.9297,-184.9451,-185.3216,-185.6494,-185.4581,-185.1677,-185.1396,-184.4779,-183.9347,-183.3189,-182.7436,-182.6704,-182.0687,-181.9698,-181.8610,-182.1800,-182.1715,-182.4882,-180.8125,-181.4154,-181.7782,-181.3262,-181.4883,-181.6926,-181.4747,-181.6138,-181.1438,-180.7318,-177.6592,-176.3048,-170.9865,-169.9894,-169.0976,-168.1846,-168.0888,-167.9035,-167.7946,-167.7555,-168.1953,-168.5554,-168.6944,-168.9453,-169.3126,-169.5639,-169.9443
45108.7083333,-124.0719,-123.8729,-124.1116,-124.0898,-124.3826,-124.8005,-125.4012,-125.3684,-120.2258,-120.8044,-121.0088,-121.5988,-121.9693,-122.5350,-120.6981,-121.2483,-121.8943,-122.4599,-122.7553,-122.8665,-122.9768,-123.0521,-123.3317,-123.6615,-123.7815,-124.1841,-124.0299,-120.1401,-119.4892,-119.2628,-119.0868,-118.7638,-118.5563,-118.6128,-118.7724,-118.9400,-118.9905,-119.5458,-119.6931,-120.5424,-117.7989,-118.3552,-118.9132,-119.7521,-121.0221,-122.1860,-123.0079,-123.6959,-119.5576,-119.9271,-120.4685,-121.1290,-121.8002,-122.2427,-122.3495,-122.2493,-122.1447,-122.2208,-122.1881,-122.7539,-123.1098,-123.3597,-123.2075,-123.1288,-123.2492,-123.3645,-123.3668,-121.9057,-122.2027,-122.4123,-122.5285,-122.4451,-122.1007,-122.0025,-122.1438,-122.2874,-122.3407,-122.1376,-122.1166,-121.7301,-122.2644,-122.6473,-122.9168,-123.1582,-120.6991,-121.0679,-121.5612,-121.9880,-122.3383,-122.6127,-122.9299,-123.6274,-124.1353,-124.5887,-124.7457,-125.1914,-125.6724,-126.0760,-125.7883,-126.1959,-126.6062,-127.1810,-121.0860,-121.3448,-121.7436,-122.1046,-122.6292,-120.7147,-121.1783,-121.6852,-122.0743,-122.3634,-122.5346,-122.7716,-123.0557,-123.1517,-123.2327,-123.4825,-123.3877,-122.7080,-122.8709,-123.0868,-123.0619,-123.3867,-123.7432,-124.1912,-124.6935,-125.1372,-125.4797,-125.0595,-125.1389,-125.3926,-125.4621,-125.5705,-125.8156,-126.2140,-126.5658,-126.9519,-127.2606,-127.5395,-127.5474,-127.1708,-127.2410,-127.5276,-127.7298,-127.5133,-127.4701,-127.5623,-127.3801,-127.2409,-127.1268,-127.0957,-127.0984,-126.7249,-126.6067,-126.5287,-126.4822,-126.3926,-126.4200,-125.2583,-125.4847,-125.5369,-125.2220,-125.4019,-125.6138,-125.6308,-125.8648,-125.8749,-125.8928,-124.1210,-123.7364,-120.2794,-119.8326,-119.3269,-118.8819,-118.7984,-118.6362,-118.5197,-118.4245,-118.5113,-118.5912,-118.5541,-118.5893,-118.6749,-118.7252,-118.8398
45108.7500000,-99.1480,-99.0590,-99.2157,-99.2630,-99.4539,-99.6819,-100.0237,-100.1158,-95.9078,-96.1977,-96.3709,-96.7024,-96.9442,-97.2616,-95.9094,-96.2642,-96.6462,-96.9523,-97.1307,-97.3250,-97.4518,-97.5046,-97.5755,-97.7575,-97.8901,-98.1280,-98.0681,-95.2126,-94.7819,-94.7541,-94.7697,-94.6514,-94.5932,-94.6807,-94.8044,-94.9189,-94.8074,-95.0600,-95.1286,-95.5393,-93.1822,-93.4447,-93.7426,-94.2436,-95.0947,-95.9415,-96.5812,-97.0978,-94.0123,-94.2573,-94.6191,-95.0782,-95.5526,-95.8822,-96.0629,-96.1924,-96.2765,-96.4425,-96.4044,-96.7770,-97.0036,-97.1816,-97.2085,-97.2508,-97.4228,-97.5949,-97.6216,-96.6689,-97.3185,-97.6726,-97.8573,-97.9268,-97.9377,-98.1819,-98.2763,-98.3921,-98.4989,-98.3617,-98.2880,-97.7666,-98.0111,-98.1887,-98.3246,-98.4641,-96.3931,-96.6093,-96.8782,-97.1090,-97.2924,-97.4561,-97.6762,-98.0632,-98.3378,-98.6430,-98.8335,-99.0741,-99.3913,-99.6323,-99.3806,-99.6846,-99.9545,-100.3617,-95.3957,-95.6719,-96.0279,-96.2695,-96.6606,-95.1752,-95.6364,-96.1401,-96.5696,-96.9266,-97.1081,-97.2992,-97.5304,-97.6813,-97.8005,-98.0222,-98.0791,-97.6733,-97.8826,-98.0217,-98.0962,-98.3115,-98.5147,-98.7429,-99.0654,-99.3548,-99.5997,-99.3448,-99.4554,-99.5950,-99.7093,-99.8305,-99.9458,-100.2066,-100.4346,-100.7024,-100.9271,-101.1583,-101.2857,-101.0835,-101.2059,-101.4123,-101.5724,-101.5206,-101.6037,-101.6855,-101.6720,-101.6935,-101.7555,-101.8995,-102.0125,-101.9164,-101.8181,-101.8066,-101.7760,-101.7139,-101.7252,-100.7574,-100.8123,-100.8014,-100.4256,-100.4149,-100.4990,-100.5137,-100.6655,-100.7766,-100.9692,-99.8481,-99.9091,-97.2730,-97.1893,-96.9759,-96.7234,-96.6765,-96.5749,-96.5165,-96.4712,-96.4455,-96.4508,-96.3894,-96.3844,-96.3878,-96.3858,-96.4195
45108.7916667,-76.7680,-76.8143,-76.9708,-77.0909,-77.2893,-77.4828,-77.7902,-78.0332,-74.8535,-75.0956,-75.2672,-75.5127,-75.6787,-75.8942,-74.6992,-74.9604,-75.2079,-75.3899,-75.4913,-75.6382,-75.7473,-75.8119,-75.8687,-75.9650,-76.0726,-76.2393,-76.2221,-74.0725,-73.7484,-73.7544,-73.8189,-73.7910,-73.7998,-73.8928,-74.0009,-74.1102,-74.0209,-74.1952,-74.2615,-74.4964,-72.6236,-72.7626,-72.9380,-73.2272,-73.7375,-74.2505,-74.6489,-74.9822,-72.6699,-72.8260,-73.0549,-73.3391,-73.6547,-73.8805,-74.0217,-74.1856,-74.3068,-74.4656,-74.4304,-74.6887,-74.8412,-74.9660,-75.0493,-75.1556,-75.3271,-75.5206,-75.5842,-74.9698,-75.6350,-75.9939,-76.1780,-76.3342,-76.4813,-76.8110,-76.9030,-77.0085,-77.1384,-77.0913,-77.0659,-76.6301,-76.7831,-76.8966,-76.9823,-77.0724,-75.4230,-75.5625,-75.7263,-75.8527,-75.9625,-76.0453,-76.1821,-76.4108,-76.5529,-76.7251,-76.8702,-77.0447,-77.2566,-77.4074,-77.1884,-77.3915,-77.5803,-77.8549,-74.0842,-74.2623,-74.4980,-74.6344,-74.8831,-73.7412,-74.0521,-74.4139,-74.7198,-74.9870,-75.1319,-75.2718,-75.4460,-75.5784,-75.6836,-75.8524,-75.9481,-75.6964,-75.8770,-76.0121,-76.1170,-76.3018,-76.4992,-76.7121,-76.9650,-77.1776,-77.3734,-77.2128,-77.3321,-77.4763,-77.6037,-77.7231,-77.8055,-77.9989,-78.1641,-78.3574,-78.5112,-78.6620,-78.7852,-78.6636,-78.7826,-78.9351,-79.0634,-79.0581,-79.1596,-79.2265,-79.2804,-79.3628,-79.5036,-79.7345,-79.9200,-79.9944,-79.9656,-79.9985,-80.0400,-80.0473,-80.1100,-79.3932,-79.4512,-79.4676,-79.1711,-79.1463,-79.1888,-79.1912,-79.2661,-79.3474,-79.4933,-78.6224,-78.7418,-76.6964,-76.7898,-76.8136,-76.7553,-76.7615,-76.7265,-76.7199,-76.7180,-76.6833,-76.6797,-76.6290,-76.6225,-76.6128,-76.6020,-76.6102
45108.8333333,-52.6847,-52.7754,-52.9242,-53.0410,-53.1949,-53.3255,-53.5506,-53.8311,-51.7264,-51.9168,-52.0802,-52.2730,-52.4363,-52.5952,-51.6513,-51.8499,-52.0312,-52.1912,-52.2824,-52.4226,-52.5169,-52.5931,-52.6465,-52.7232,-52.8010,-52.9003,-52.9084,-51.4654,-51.2492,-51.2774,-51.3438,-51.3516,-51.3802,-51.4497,-51.5289,-51.6058,-51.5270,-51.6240,-51.6822,-51.8009,-50.4767,-50.5364,-50.6312,-50.7882,-51.0896,-51.4147,-51.6665,-51.8717,-50.3322,-50.4158,-50.5395,-50.7053,-50.8806,-51.0048,-51.0995,-51.2313,-51.3265,-51.4322,-51.3786,-51.5167,-51.5893,-51.6532,-51.7405,-51.8422,-51.9663,-52.1227,-52.1795,-51.8088,-52.3652,-52.6460,-52.7952,-52.9350,-53.0990,-53.3894,-53.4535,-53.5545,-53.6796,-53.6663,-53.6580,-53.3438,-53.4087,-53.4630,-53.5097,-53.5694,-52.4481,-52.5487,-52.6621,-52.7618,-52.8346,-52.8960,-52.9955,-53.1384,-53.2335,-53.3768,-53.4949,-53.6221,-53.7466,-53.8191,-53.6503,-53.7683,-53.8876,-54.0479,-51.3541,-51.4724,-51.6242,-51.6994,-51.8516,-51.0733,-51.2898,-51.5356,-51.7389,-51.9168,-52.0038,-52.0814,-52.1802,-52.2627,-52.3260,-52.4327,-52.5103,-52.3604,-52.4923,-52.5847,-52.6643,-52.7796,-52.9268,-53.0766,-53.2421,-53.3900,-53.5198,-53.4321,-53.5313,-53.6512,-53.7597,-53.8573,-53.9133,-54.0497,-54.1671,-54.3045,-54.4135,-54.5388,-54.6563,-54.5965,-54.6954,-54.7970,-54.8857,-54.9096,-55.0056,-55.0672,-55.1335,-55.2209,-55.3640,-55.5869,-55.7570,-55.8839,-55.8884,-55.9306,-55.9911,-56.0247,-56.1002,-55.6177,-55.6768,-55.7234,-55.5285,-55.5156,-55.5474,-55.5742,-55.6548,-55.7553,-55.9187,-55.3385,-55.4537,-53.9681,-54.0687,-54.1484,-54.1762,-54.1934,-54.1906,-54.2089,-54.2309,-54.1967,-54.1913,-54.1584,-54.1579,-54.1491,-54.1413,-54.1412
45108.8750000,-32.1426,-32.1847,-32.2473,-32.2869,-32.3446,-32.3970,-32.5018,-32.6900,-31.4587,-31.5711,-31.6766,-31.7969,-31.9137,-32.0132,-31.3413,-31.4812,-31.6005,-31.7081,-31.7799,-31.8919,-31.9585,-32.0279,-32.0735,-32.1257,-32.1744,-32.2291,-32.2494,-31.4307,-31.3167,-31.3623,-31.4280,-31.4575,-31.4938,-31.5372,-31.5861,-31.6335,-31.5795,-31.6376,-31.6867,-31.7306,-30.9073,-30.9271,-30.9785,-31.0570,-31.2214,-31.4201,-31.5759,-31.6950,-30.8004,-30.8460,-30.9069,-30.9926,-31.0795,-31.1390,-31.1971,-31.2887,-31.3501,-31.4049,-31.3492,-31.4058,-31.4276,-31.4519,-31.5192,-31.5955,-31.6755,-31.7796,-31.8231,-31.6298,-32.0407,-32.2309,-32.3196,-32.4217,-32.5509,-32.7635,-32.7990,-32.8597,-32.9445,-32.9391,-32.9346,-32.7235,-32.7300,-32.7426,-32.7599,-32.7927,-32.1197,-32.1834,-32.2517,-32.3179,-32.3660,-32.4064,-32.4654,-32.5472,-32.6063,-32.7112,-32.8044,-32.8981,-32.9805,-33.0121,-32.9177,-32.9937,-33.0693,-33.1531,-31.6036,-31.6526,-31.7131,-31.7306,-31.7990,-31.3149,-31.4443,-31.5869,-31.7052,-31.8110,-31.8506,-31.8852,-31.9289,-31.9672,-31.9961,-32.0445,-32.0876,-32.0048,-32.0920,-32.1412,-32.1921,-32.2543,-32.3409,-32.4266,-32.5165,-32.5966,-32.6704,-32.6279,-32.6927,-32.7710,-32.8425,-32.9064,-32.9434,-33.0312,-33.1058,-33.1913,-33.2604,-33.3452,-33.4325,-33.4052,-33.4727,-33.5361,-33.5942,-33.6294,-33.7040,-33.7465,-33.8037,-33.8777,-33.9993,-34.1909,-34.3410,-34.4724,-34.4927,-34.5203,-34.5646,-34.5935,-34.6523,-34.3711,-34.4095,-34.4483,-34.3286,-34.3214,-34.3399,-34.3676,-34.4368,-34.5399,-34.7165,-34.4244,-34.5503,-33.6284,-33.7170,-33.7831,-33.8163,-33.8221,-33.8224,-33.8358,-33.8527,-33.8144,-33.8004,-33.7764,-33.7747,-33.7648,-33.7577,-33.7496
45108.9166667,-15.2711,-15.3055,-15.3442,-15.3736,-15.4117,-15.4391,-15.4902,-15.5761,-14.9994,-15.0457,-15.0915,-15.1408,-15.1870,-15.2296,-14.8458,-14.9119,-14.9708,-15.0244,-15.0589,-15.1144,-15.1538,-15.1925,-15.2176,-15.2489,-15.2784,-15.3126,-15.3296,-14.9632,-14.9186,-14.9448,-14.9851,-15.0096,-15.0377,-15.0658,-15.0959,-15.1235,-15.1029,-15.1333,-15.1590,-15.1815,-14.7852,-14.7947,-14.8191,-14.8532,-14.9243,-15.0103,-15.0766,-15.1297,-14.7084,-14.7295,-14.7572,-14.7965,-14.8366,-14.8643,-14.8901,-14.9374,-14.9694,-14.9980,-14.9742,-14.9987,-15.0067,-15.0150,-15.0468,-15.0837,-15.1195,-15.1676,-15.1872,-15.0906,-15.2770,-15.3694,-15.4180,-15.4786,-15.5517,-15.6594,-15.6804,-15.7179,-15.7655,-15.7742,-15.7814,-15.6884,-15.6949,-15.7035,-15.7113,-15.7249,-15.4020,-15.4289,-15.4582,-15.4865,-15.5066,-15.5208,-15.5461,-15.5820,-15.6073,-15.6539,-15.6934,-15.7345,-15.7719,-15.7873,-15.7446,-15.7800,-15.8160,-15.8597,-15.1351,-15.1643,-15.1988,-15.2122,-15.2466,-15.0141,-15.0749,-15.1426,-15.1947,-15.2404,-15.2581,-15.2728,-15.2918,-15.3083,-15.3201,-15.3406,-15.3600,-15.3212,-15.3561,-15.3759,-15.3966,-15.4217,-15.4617,-15.4996,-15.5383,-15.5744,-15.6054,-15.5828,-15.6104,-15.6441,-15.6764,-15.7069,-15.7257,-15.7665,-15.8024,-15.8433,-15.8745,-15.9133,-15.9553,-15.9471,-15.9805,-16.0104,-16.0396,-16.0572,-16.0943,-16.1192,-16.1523,-16.1924,-16.2572,-16.3565,-16.4388,-16.5201,-16.5391,-16.5609,-16.5945,-16.6185,-16.6551,-16.5244,-16.5549,-16.5835,-16.5308,-16.5349,-16.5490,-16.5679,-16.6078,-16.6652,-16.7649,-16.6470,-16.7255,-16.2926,-16.3585,-16.4120,-16.4445,-16.4548,-16.4610,-16.4712,-16.4817,-16.4663,-16.4609,-16.4495,-16.4486,-16.4443,-16.4404,-16.4360
45108.9583333,-13.0727,-13.1049,-13.1377,-13.1652,-13.2018,-13.2249,-13.2698,-13.3478,-12.8728,-12.9128,-12.9547,-12.9976,-13.0366,-13.0732,-12.6784,-12.7353,-12.7869,-12.8336,-12.8623,-12.9097,-12.9462,-12.9809,-13.0029,-13.0319,-13.0596,-13.0930,-13.1113,-12.8158,-12.7845,-12.8102,-12.8514,-12.8802,-12.9131,-12.9432,-12.9749,-13.0030,-12.9906,-13.0204,-13.0454,-13.0669,-12.7298,-12.7387,-12.7604,-12.7895,-12.8499,-12.9235,-12.9779,-13.0210,-12.6655,-12.6817,-12.7028,-12.7335,-12.7650,-12.7867,-12.8065,-12.8484,-12.8770,-12.9025,-12.8839,-12.9033,-12.9092,-12.9152,-12.9432,-12.9762,-13.0063,-13.0473,-13.0641,-12.9770,-13.1258,-13.1996,-13.2401,-13.2948,-13.3600,-13.4509,-13.4694,-13.5051,-13.5499,-13.5656,-13.5790,-13.5068,-13.5163,-13.5277,-13.5365,-13.5494,-13.2771,-13.3025,-13.3307,-13.3579,-13.3780,-13.3907,-13.4141,-13.4458,-13.4681,-13.5082,-13.5400,-13.5724,-13.6015,-13.6125,-13.5749,-13.6018,-13.6292,-13.6638,-13.0422,-13.0656,-13.0946,-13.1066,-13.1352,-12.9368,-12.9886,-13.0490,-13.0937,-13.1330,-13.1482,-13.1605,-13.1764,-13.1903,-13.2006,-13.2179,-13.2354,-13.2051,-13.2342,-13.2505,-13.2677,-13.2880,-13.3230,-13.3556,-13.3874,-13.4175,-13.4418,-13.4218,-13.4433,-13.4697,-13.4953,-13.5200,-13.5353,-13.5683,-13.5977,-13.6313,-13.6556,-13.6863,-13.7205,-13.7145,-13.7419,-13.7657,-13.7896,-13.8037,-13.8343,-13.8562,-13.8859,-13.9209,-13.9776,-14.0636,-14.1357,-14.2115,-14.2307,-14.2521,-14.2863,-14.3119,-14.3476,-14.2394,-14.2748,-14.3080,-14.2687,-14.2800,-14.2978,-14.3210,-14.3649,-14.4253,-14.5271,-14.4422,-14.5188,-14.1520,-14.2216,-14.2843,-14.3283,-14.3457,-14.3593,-14.3752,-14.3905,-14.3822,-14.3814,-14.3747,-14.3766,-14.3755,-14.3738,-14.3721
45109.0000000,-10.3765,-10.4062,-10.4346,-10.4598,-10.4933,-10.5129,-10.5516,-10.6195,-10.2585,-10.2913,-10.3267,-10.3616,-10.3929,-10.4226,-10.0634,-10.1085,-10.1502,-10.1881,-10.2108,-10.2488,-10.2796,-10.3081,-10.3260,-10.3502,-10.3735,-10.4025,-10.4192,-10.1979,-10.1777,-10.1998,-10.2364,-10.2638,-10.2952,-10.3225,-10.3512,-10.3762,-10.3698,-10.3959,-10.4177,-10.4364,-10.1714,-10.1796,-10.1982,-10.2225,-10.2727,-10.3344,-10.3783,-10.4126,-10.1367,-10.1491,-10.1651,-10.1887,-10.2128,-10.2292,-10.2441,-10.2784,-10.3016,-10.3219,-10.3079,-10.3220,-10.3257,-10.3295,-10.3515,-10.3779,-10.4009,-10.4329,-10.4464,-10.3748,-10.4893,-10.5456,-10.5766,-10.6208,-10.6730,-10.7429,-10.7570,-10.7856,-10.8213,-10.8370,-10.8505,-10.7966,-10.8055,-10.8161,-10.8236,-10.8340,-10.6202,-10.6411,-10.6651,-10.6884,-10.7063,-10.7173,-10.7380,-10.7654,-10.7856,-10.8200,-10.8465,-10.8733,-10.8972,-10.9057,-10.8777,-10.8990,-10.9205,-10.9474,-10.4566,-10.4738,-10.4954,-10.5041,-10.5251,-10.3655,-10.4048,-10.4520,-10.4858,-10.5157,-10.5270,-10.5360,-10.5478,-10.5581,-10.5658,-10.5788,-10.5927,-10.5704,-10.5932,-10.6058,-10.6193,-10.6351,-10.6640,-10.6907,-10.7159,-10.7399,-10.7587,-10.7436,-10.7601,-10.7804,-10.8002,-10.8193,-10.8316,-10.8571,-10.8800,-10.9061,-10.9244,-10.9476,-10.9737,-10.9694,-10.9902,-11.0078,-11.0259,-11.0363,-11.0595,-11.0763,-11.0996,-11.1268,-11.1712,-11.2383,-11.2948,-11.3565,-11.3723,-11.3898,-11.4184,-11.4402,-11.4696,-11.3827,-11.4150,-11.4451,-11.4168,-11.4297,-11.4470,-11.4695,-11.5105,-11.5665,-11.6610,-11.6090,-11.6793,-11.3955,-11.4606,-11.5215,-11.5666,-11.5857,-11.6019,-11.6193,-11.6359,-11.6331,-11.6355,-11.6327,-11.6367,-11.6383,-11.6387,-11.6392
45109.0416667,-12.8164,-12.8535,-12.8862,-12.9175,-12.9606,-12.9827,-13.0272,-13.1068,-12.6755,-12.7140,-12.7585,-12.8010,-12.8387,-12.8763,-12.3918,-12.4470,-12.4996,-12.5470,-12.5748,-12.6217,-12.6622,-12.6985,-12.7210,-12.7526,-12.7830,-12.8221,-12.8450,-12.5878,-12.5679,-12.5963,-12.6454,-12.6842,-12.7288,-12.7661,-12.8055,-12.8388,-12.8347,-12.8690,-12.8973,-12.9223,-12.6068,-12.6176,-12.6413,-12.6719,-12.7347,-12.8111,-12.8643,-12.9065,-12.5782,-12.5934,-12.6129,-12.6416,-12.6710,-12.6911,-12.7090,-12.7535,-12.7838,-12.8100,-12.7950,-12.8118,-12.8161,-12.8203,-12.8478,-12.8808,-12.9084,-12.9471,-12.9634,-12.8725,-13.0054,-13.0714,-13.1090,-13.1648,-13.2294,-13.3117,-13.3288,-13.3646,-13.4081,-13.4318,-13.4518,-13.3912,-13.4041,-13.4186,-13.4278,-13.4401,-13.1805,-13.2055,-13.2351,-13.2641,-13.2866,-13.2996,-13.3262,-13.3612,-13.3876,-13.4309,-13.4632,-13.4961,-13.5258,-13.5368,-13.5047,-13.5311,-13.5577,-13.5917,-13.0011,-13.0220,-13.0487,-13.0598,-13.0848,-12.8891,-12.9351,-12.9921,-13.0312,-13.0657,-13.0789,-13.0894,-13.1030,-13.1150,-13.1239,-13.1391,-13.1559,-13.1295,-13.1556,-13.1701,-13.1859,-13.2044,-13.2405,-13.2735,-13.3037,-13.3329,-13.3550,-13.3368,-13.3564,-13.3805,-13.4042,-13.4277,-13.4433,-13.4742,-13.5023,-13.5340,-13.5556,-13.5830,-13.6145,-13.6103,-13.6352,-13.6559,-13.6775,-13.6896,-13.7171,-13.7378,-13.7664,-13.7991,-13.8523,-13.9318,-13.9988,-14.0749,-14.0943,-14.1159,-14.1518,-14.1795,-14.2153,-14.1046,-14.1472,-14.1866,-14.1535,-14.1725,-14.1964,-14.2269,-14.2815,-14.3553,-14.4809,-14.4315,-14.5268,-14.1889,-14.2816,-14.3708,-14.4391,-14.4697,-14.4964,-14.5235,-14.5490,-14.5510,-14.5579,-14.5575,-14.5655,-14.5707,-14.5734,-14.5767
45109.0833333,-10.1420,-10.1707,-10.1950,-10.2192,-10.2539,-10.2704,-10.3051,-10.3685,-10.0413,-10.0704,-10.1046,-10.1367,-10.1651,-10.1932,-9.7808,-9.8220,-9.8619,-9.8982,-9.9193,-9.9553,-9.9874,-10.0158,-10.0335,-10.0587,-10.0831,-10.1153,-10.1346,-9.9449,-9.9331,-9.9569,-9.9983,-10.0321,-10.0713,-10.1033,-10.1370,-10.1652,-10.1650,-10.1939,-10.2177,-10.2385,-10.0009,-10.0101,-10.0294,-10.0542,-10.1051,-10.1672,-10.2094,-10.2424,-9.9942,-10.0058,-10.0205,-10.0425,-10.0650,-10.0803,-10.0941,-10.1300,-10.1545,-10.1754,-10.1648,-10.1777,-10.1811,-10.1846,-10.2065,-10.2330,-10.2547,-10.2852,-10.2989,-10.2279,-10.3307,-10.3808,-10.4089,-10.4524,-10.5026,-10.5655,-10.5781,-10.6056,-10.6393,-10.6594,-10.6764,-10.6315,-10.6420,-10.6542,-10.6617,-10.6714,-10.4708,-10.4908,-10.5146,-10.5380,-10.5566,-10.5671,-10.5886,-10.6167,-10.6384,-10.6734,-10.6990,-10.7249,-10.7481,-10.7563,-10.7324,-10.7529,-10.7736,-10.7998,-10.3519,-10.3673,-10.3872,-10.3955,-10.4142,-10.2613,-10.2968,-10.3413,-10.3713,-10.3978,-10.4075,-10.4151,-10.4250,-10.4337,-10.4401,-10.4512,-10.4639,-10.4441,-10.4643,-10.4750,-10.4869,-10.5006,-10.5288,-10.5544,-10.5775,-10.5999,-10.6166,-10.6029,-10.6177,-10.6360,-10.6540,-10.6718,-10.6839,-10.7076,-10.7293,-10.7538,-10.7702,-10.7913,-10.8155,-10.8126,-10.8318,-10.8476,-10.8640,-10.8737,-10.8947,-10.9105,-10.9326,-10.9579,-10.9993,-11.0610,-11.1127,-11.1721,-11.1870,-11.2033,-11.2312,-11.2528,-11.2803,-11.1916,-11.2256,-11.2570,-11.2313,-11.2473,-11.2667,-11.2918,-11.3365,-11.3969,-11.5001,-11.4693,-11.5479,-11.2896,-11.3690,-11.4479,-11.5104,-11.5392,-11.5651,-11.5909,-11.6151,-11.6203,-11.6287,-11.6310,-11.6398,-11.6464,-11.6503,-11.6550
45109.1250000,-9.7931,-9.8179,-9.8385,-9.8590,-9.8905,-9.9044,-9.9352,-9.9943,-9.6915,-9.7183,-9.7501,-9.7799,-9.8068,-9.8328,-9.4153,-9.4529,-9.4893,-9.5225,-9.5418,-9.5748,-9.6043,-9.6303,-9.6465,-9.6695,-9.6917,-9.7220,-9.7404,-9.5701,-9.5610,-9.5841,-9.6244,-9.6581,-9.6976,-9.7294,-9.7630,-9.7910,-9.7931,-9.8222,-9.8462,-9.8670,-9.6515,-9.6611,-9.6803,-9.7052,-9.7563,-9.8192,-9.8613,-9.8936,-9.6683,-9.6795,-9.6936,-9.7147,-9.7360,-9.7504,-9.7638,-9.7983,-9.8217,-9.8412,-9.8317,-9.8435,-9.8466,-9.8499,-9.8706,-9.8958,-9.9162,-9.9453,-9.9600,-9.8946,-9.9962,-10.0446,-10.0708,-10.1119,-10.1598,-10.2201,-10.2312,-10.2565,-10.2879,-10.3065,-10.3220,-10.2797,-10.2889,-10.3003,-10.3071,-10.3162,-10.1273,-10.1462,-10.1688,-10.1912,-10.2093,-10.2198,-10.2405,-10.2676,-10.2892,-10.3240,-10.3496,-10.3752,-10.3981,-10.4058,-10.3850,-10.4052,-10.4254,-10.4503,-10.0408,-10.0551,-10.0731,-10.0805,-10.0977,-9.9523,-9.9861,-10.0284,-10.0570,-10.0821,-10.0905,-10.0971,-10.1057,-10.1132,-10.1186,-10.1281,-10.1394,-10.1212,-10.1406,-10.1501,-10.1609,-10.1731,-10.1990,-10.2228,-10.2440,-10.2646,-10.2799,-10.2676,-10.2813,-10.2983,-10.3147,-10.3309,-10.3419,-10.3638,-10.3840,-10.4069,-10.4224,-10.4422,-10.4649,-10.4624,-10.4802,-10.4951,-10.5104,-10.5201,-10.5401,-10.5543,-10.5749,-10.5986,-10.6382,-10.6980,-10.7481,-10.8053,-10.8194,-10.8342,-10.8602,-10.8803,-10.9064,-10.8209,-10.8529,-10.8826,-10.8577,-10.8729,-10.8910,-10.9149,-10.9584,-11.0177,-11.1202,-11.0980,-11.1763,-10.9343,-11.0149,-11.0960,-11.1615,-11.1919,-11.2198,-11.2474,-11.2734,-11.2806,-11.2905,-11.2945,-11.3046,-11.3125,-11.3175,-11.3234
45109.1666667,-7.7268,-7.7439,-7.7573,-7.7709,-7.7935,-7.8023,-7.8228,-7.8645,-7.6321,-7.6507,-7.6736,-7.6949,-7.7143,-7.7332,-7.3926,-7.4201,-7.4471,-7.4717,-7.4860,-7.5106,-7.5330,-7.5525,-7.5646,-7.5818,-7.5984,-7.6218,-7.6359,-7.5110,-7.5051,-7.5227,-7.5539,-7.5804,-7.6118,-7.6366,-7.6630,-7.6848,-7.6875,-7.7103,-7.7290,-7.7453,-7.5894,-7.5969,-7.6119,-7.6314,-7.6717,-7.7214,-7.7546,-7.7801,-7.6156,-7.6246,-7.6357,-7.6524,-7.6692,-7.6807,-7.6913,-7.7188,-7.7376,-7.7529,-7.7465,-7.7555,-7.7581,-7.7608,-7.7770,-7.7966,-7.8124,-7.8349,-7.8471,-7.7983,-7.8781,-7.9161,-7.9366,-7.9691,-8.0069,-8.0542,-8.0627,-8.0824,-8.1067,-8.1215,-8.1336,-8.1022,-8.1091,-8.1177,-8.1226,-8.1292,-7.9848,-7.9987,-8.0155,-8.0324,-8.0461,-8.0539,-8.0696,-8.0903,-8.1071,-8.1341,-8.1539,-8.1739,-8.1918,-8.1977,-8.1830,-8.1988,-8.2148,-8.2345,-7.9308,-7.9421,-7.9561,-7.9622,-7.9755,-7.8647,-7.8908,-7.9237,-7.9458,-7.9652,-7.9716,-7.9766,-7.9829,-7.9884,-7.9924,-7.9993,-8.0078,-7.9943,-8.0090,-8.0160,-8.0240,-8.0329,-8.0524,-8.0702,-8.0858,-8.1012,-8.1125,-8.1033,-8.1135,-8.1261,-8.1383,-8.1503,-8.1585,-8.1749,-8.1900,-8.2072,-8.2188,-8.2338,-8.2509,-8.2492,-8.2626,-8.2738,-8.2855,-8.2930,-8.3083,-8.3191,-8.3348,-8.3530,-8.3835,-8.4298,-8.4688,-8.5137,-8.5249,-8.5364,-8.5565,-8.5721,-8.5923,-8.5252,-8.5501,-8.5731,-8.5536,-8.5654,-8.5794,-8.5979,-8.6317,-8.6780,-8.7586,-8.7457,-8.8082,-8.6237,-8.6890,-8.7555,-8.8098,-8.8352,-8.8588,-8.8820,-8.9037,-8.9110,-8.9199,-8.9241,-8.9329,-8.9401,-8.9447,-8.9501
45109.2083333,-8.2685,-8.2825,-8.2932,-8.3035,-8.3241,-8.3310,-8.3494,-8.3906,-8.1490,-8.1669,-8.1886,-8.2091,-8.2283,-8.2460,-7.8715,-7.8979,-7.9235,-7.9471,-7.9609,-7.9849,-8.0065,-8.0255,-8.0372,-8.0536,-8.0695,-8.0927,-8.1068,-7.9835,-7.9784,-7.9968,-8.0289,-8.0564,-8.0896,-8.1153,-8.1429,-8.1656,-8.1691,-8.1932,-8.2130,-8.2297,-8.0791,-8.0869,-8.1023,-8.1225,-8.1653,-8.2189,-8.2543,-8.2810,-8.1210,-8.1302,-8.1415,-8.1587,-8.1759,-8.1876,-8.1989,-8.2276,-8.2472,-8.2628,-8.2566,-8.2658,-8.2687,-8.2718,-8.2888,-8.3095,-8.3261,-8.3500,-8.3645,-8.3173,-8.4053,-8.4461,-8.4670,-8.5008,-8.5407,-8.5918,-8.6001,-8.6203,-8.6458,-8.6605,-8.6722,-8.6398,-8.6459,-8.6546,-8.6597,-8.6668,-8.5186,-8.5334,-8.5509,-8.5685,-8.5832,-8.5918,-8.6078,-8.6291,-8.6468,-8.6756,-8.6970,-8.7184,-8.7372,-8.7429,-8.7287,-8.7454,-8.7622,-8.7822,-8.4813,-8.4925,-8.5061,-8.5119,-8.5253,-8.4117,-8.4394,-8.4741,-8.4977,-8.5187,-8.5247,-8.5296,-8.5357,-8.5409,-8.5446,-8.5511,-8.5596,-8.5463,-8.5625,-8.5695,-8.5777,-8.5865,-8.6060,-8.6242,-8.6399,-8.6554,-8.6670,-8.6580,-8.6685,-8.6815,-8.6937,-8.7053,-8.7133,-8.7298,-8.7451,-8.7627,-8.7747,-8.7902,-8.8078,-8.8059,-8.8196,-8.8311,-8.8430,-8.8514,-8.8672,-8.8775,-8.8934,-8.9121,-8.9443,-8.9938,-9.0356,-9.0828,-9.0945,-9.1058,-9.1264,-9.1422,-9.1634,-9.0935,-9.1190,-9.1427,-9.1217,-9.1339,-9.1478,-9.1671,-9.2029,-9.2526,-9.3397,-9.3309,-9.3981,-9.2075,-9.2776,-9.3495,-9.4089,-9.4364,-9.4623,-9.4878,-9.5119,-9.5201,-9.5299,-9.5350,-9.5448,-9.5529,-9.5581,-9.5642
45109.2500000,-7.5610,-7.5769,-7.5896,-7.6023,-7.6246,-7.6315,-7.6466,-7.6746,-7.4567,-7.4704,-7.4876,-7.5035,-7.5167,-7.5316,-7.1790,-7.2012,-7.2242,-7.2448,-7.2553,-7.2740,-7.2940,-7.3094,-7.3188,-7.3338,-7.3485,-7.3709,-7.3825,-7.2745,-7.2700,-7.2830,-7.3101,-7.3336,-7.3631,-7.3867,-7.4121,-7.4323,-7.4368,-7.4578,-7.4730,-7.4906,-7.3676,-7.3754,-7.3885,-7.4064,-7.4436,-7.4872,-7.5158,-7.5395,-7.4028,-7.4118,-7.4234,-7.4398,-7.4566,-7.4685,-7.4772,-7.5021,-7.5199,-7.5354,-7.5338,-7.5438,-7.5478,-7.5507,-7.5637,-7.5805,-7.5942,-7.6146,-7.6279,-7.5852,-7.6564,-7.6933,-7.7151,-7.7476,-7.7838,-7.8279,-7.8374,-7.8581,-7.8815,-7.8974,-7.9100,-7.8865,-7.8962,-7.9062,-7.9108,-7.9159,-7.7837,-7.7946,-7.8090,-7.8233,-7.8356,-7.8419,-7.8563,-7.8757,-7.8915,-7.9150,-7.9310,-7.9483,-7.9650,-7.9721,-7.9599,-7.9742,-7.9887,-8.0081,-7.7554,-7.7658,-7.7794,-7.7860,-7.7979,-7.6966,-7.7179,-7.7481,-7.7676,-7.7849,-7.7919,-7.7973,-7.8042,-7.8097,-7.8136,-7.8206,-7.8284,-7.8166,-7.8281,-7.8347,-7.8413,-7.8494,-7.8673,-7.8837,-7.8982,-7.9129,-7.9227,-7.9132,-7.9214,-7.9318,-7.9420,-7.9524,-7.9599,-7.9740,-7.9874,-8.0030,-8.0128,-8.0252,-8.0392,-8.0384,-8.0503,-8.0604,-8.0710,-8.0765,-8.0894,-8.0997,-8.1138,-8.1295,-8.1565,-8.1973,-8.2331,-8.2747,-8.2857,-8.2978,-8.3179,-8.3331,-8.3517,-8.2871,-8.3121,-8.3340,-8.3152,-8.3274,-8.3409,-8.3577,-8.3888,-8.4306,-8.5052,-8.4992,-8.5584,-8.3909,-8.4557,-8.5230,-8.5786,-8.6059,-8.6306,-8.6545,-8.6766,-8.6878,-8.6988,-8.7041,-8.7132,-8.7215,-8.7266,-8.7333
45109.2916667,-8.0302,-8.0525,-8.0704,-8.0933,-8.1289,-8.1408,-8.1644,-8.1875,-7.9580,-7.9714,-7.9877,-8.0032,-8.0108,-8.0264,-7.6352,-7.6549,-7.6799,-7.7038,-7.7119,-7.7277,-7.7508,-7.7650,-7.7735,-7.7921,-7.8110,-7.8394,-7.8514,-7.7361,-7.7341,-7.7436,-7.7706,-7.7954,-7.8286,-7.8560,-7.8839,-7.9054,-7.9139,-7.9351,-7.9470,-7.9723,-7.8488,-7.8588,-7.8723,-7.8913,-7.9288,-7.9676,-7.9882,-8.0093,-7.8609,-7.8695,-7.8835,-7.9023,-7.9228,-7.9378,-7.9434,-7.9697,-7.9889,-8.0105,-8.0156,-8.0321,-8.0411,-8.0465,-8.0569,-8.0723,-8.0849,-8.1028,-8.1120,-8.0544,-8.0949,-8.1238,-8.1501,-8.1857,-8.2221,-8.2582,-8.2714,-8.3005,-8.3274,-8.3540,-8.3762,-8.3657,-8.3894,-8.4103,-8.4206,-8.4273,-8.2894,-8.3002,-8.3164,-8.3311,-8.3441,-8.3501,-8.3685,-8.3911,-8.4062,-8.4259,-8.4343,-8.4439,-8.4561,-8.4663,-8.4496,-8.4613,-8.4723,-8.4930,-8.2411,-8.2531,-8.2713,-8.2801,-8.2928,-8.1846,-8.2005,-8.2304,-8.2461,-8.2582,-8.2678,-8.2746,-8.2858,-8.2949,-8.3014,-8.3124,-8.3238,-8.3118,-8.3182,-8.3273,-8.3334,-8.3444,-8.3665,-8.3867,-8.4058,-8.4252,-8.4362,-8.4234,-8.4307,-8.4399,-8.4503,-8.4616,-8.4692,-8.4816,-8.4945,-8.5103,-8.5191,-8.5275,-8.5377,-8.5370,-8.5480,-8.5578,-8.5673,-8.5671,-8.5764,-8.5881,-8.6021,-8.6152,-8.6362,-8.6650,-8.6917,-8.7271,-8.7371,-8.7520,-8.7770,-8.7946,-8.8145,-8.7434,-8.7766,-8.8027,-8.7859,-8.8028,-8.8212,-8.8401,-8.8714,-8.9089,-8.9725,-8.9569,-9.0057,-8.8309,-8.8941,-8.9675,-9.0295,-9.0650,-9.0945,-9.1235,-9.1497,-9.1721,-9.1905,-9.1998,-9.2112,-9.2233,-9.2306,-9.2427
45109.3333333,-23.5383,-23.5908,-23.6360,-23.7077,-23.8403,-23.8964,-23.9796,-24.0176,-23.3645,-23.4082,-23.4768,-23.5248,-23.5350,-23.5855,-22.4492,-22.5070,-22.5862,-22.6499,-22.6626,-22.6741,-22.7516,-22.7769,-22.7800,-22.8300,-22.8971,-22.9828,-23.0215,-22.6578,-22.6514,-22.6593,-22.7314,-22.8108,-22.9184,-23.0119,-23.1102,-23.1679,-23.2051,-23.2592,-23.2814,-23.3792,-23.0246,-23.0725,-23.1031,-23.1549,-23.2653,-23.3683,-23.4115,-23.4496,-22.9895,-23.0061,-23.0544,-23.1161,-23.1854,-23.2359,-23.2379,-23.3105,-23.3600,-23.4392,-23.4669,-23.5353,-23.5772,-23.6006,-23.6136,-23.6454,-23.6777,-23.7200,-23.7478,-23.5461,-23.5537,-23.5941,-23.6723,-23.7623,-23.8527,-23.9223,-23.9695,-24.0679,-24.1526,-24.2357,-24.3094,-24.3078,-24.4106,-24.5040,-24.5532,-24.5837,-24.1824,-24.2096,-24.2560,-24.2982,-24.3404,-24.3699,-24.4541,-24.5497,-24.6132,-24.6778,-24.6948,-24.7188,-24.7522,-24.7895,-24.7345,-24.7550,-24.7630,-24.8077,-24.1083,-24.1413,-24.2017,-24.2314,-24.2554,-23.9241,-23.9399,-24.0184,-24.0497,-24.0738,-24.1053,-24.1341,-24.1757,-24.2092,-24.2290,-24.2639,-24.3033,-24.2644,-24.2630,-24.2950,-24.3062,-24.3470,-24.4163,-24.4831,-24.5572,-24.6302,-24.6706,-24.6326,-24.6575,-24.6864,-24.7202,-24.7548,-24.7676,-24.7937,-24.8266,-24.8787,-24.9020,-24.9135,-24.9240,-24.9144,-24.9373,-24.9668,-24.9834,-24.9642,-24.9900,-25.0147,-25.0422,-25.0627,-25.0933,-25.1288,-25.1670,-25.2310,-25.2470,-25.3023,-25.3798,-25.4278,-25.4827,-25.2753,-25.3834,-25.4588,-25.4156,-25.4625,-25.5215,-25.5772,-25.6630,-25.7687,-25.9193,-25.8428,-25.9371,-25.4331,-25.5753,-25.7780,-25.9539,-26.0684,-26.1522,-26.2463,-26.3318,-26.4273,-26.5016,-26.5415,-26.5759,-26.6152,-26.6402,-26.6929
45109.3750000,-72.7450,-72.8098,-72.9343,-73.2069,-73.9207,-74.2110,-74.5709,-74.4416,-72.4630,-72.6519,-72.9975,-73.1852,-73.1670,-73.3690,-69.8580,-70.0975,-70.4398,-70.6995,-70.7309,-70.6156,-70.9629,-70.9627,-70.8360,-70.9757,-71.3216,-71.6425,-71.8264,-70.4634,-70.5103,-70.4335,-70.5712,-70.8601,-71.3258,-71.8100,-72.2630,-72.5460,-72.6022,-72.5016,-72.3689,-72.7453,-71.5980,-71.7725,-71.7068,-71.7890,-72.2141,-72.5009,-72.6143,-72.5717,-71.0759,-71.0501,-71.2876,-71.5637,-71.8709,-72.1177,-72.1696,-72.3391,-72.3953,-72.7912,-73.0081,-73.2630,-73.4161,-73.4762,-73.3272,-73.2636,-73.2966,-73.3319,-73.4679,-72.7628,-72.3353,-72.2409,-72.5361,-72.7044,-72.9356,-72.9977,-73.1853,-73.6058,-73.9090,-74.3100,-74.4999,-74.6246,-75.1953,-75.6183,-75.8346,-75.9417,-74.5384,-74.4670,-74.4775,-74.4791,-74.5423,-74.7078,-75.1568,-75.6007,-75.8430,-76.1389,-76.1973,-76.2859,-76.4209,-76.6221,-76.4525,-76.5013,-76.4446,-76.6944,-74.7107,-74.8323,-75.0679,-75.1534,-75.1315,-73.9839,-73.8312,-74.0531,-74.0729,-74.0682,-74.1573,-74.2958,-74.4953,-74.6634,-74.7549,-74.9804,-75.1510,-74.9957,-74.8460,-74.9509,-74.8699,-75.0081,-75.1619,-75.3556,-75.6652,-75.9768,-76.1415,-76.0158,-76.1261,-76.2389,-76.3809,-76.5016,-76.4453,-76.3840,-76.4292,-76.6636,-76.7544,-76.6796,-76.6002,-76.6034,-76.7753,-76.8739,-76.8185,-76.6078,-76.7129,-76.9086,-77.0114,-76.9199,-76.9003,-76.5913,-76.4305,-76.4743,-76.4425,-76.7108,-77.0205,-77.1051,-77.3184,-76.7083,-77.1442,-77.4185,-77.2889,-77.2975,-77.4623,-77.6109,-77.8287,-78.1857,-78.5627,-78.2067,-78.2666,-76.7720,-76.9762,-77.6009,-78.1335,-78.5328,-78.7038,-79.0430,-79.3400,-79.7837,-80.1090,-80.2873,-80.4665,-80.5134,-80.5431,-80.7750
45109.4166667,-92.3066,-92.3120,-92.8463,-93.2193,-94.3646,-94.8176,-95.3580,-94.8021,-92.5240,-92.8765,-93.5405,-93.8813,-93.8512,-94.2625,-90.3976,-90.7356,-91.2452,-91.6185,-91.6318,-91.2768,-91.7551,-91.5700,-91.5582,-91.4480,-92.0295,-92.8457,-93.2307,-91.5360,-91.4150,-90.9978,-91.4615,-91.6701,-92.2908,-93.0844,-93.8430,-94.3246,-94.4198,-94.1258,-93.7732,-94.5295,-93.2034,-93.4169,-93.0518,-92.9600,-93.5569,-93.7765,-93.7095,-93.3156,-90.9369,-90.7294,-91.0686,-91.4580,-91.9186,-92.3146,-92.4023,-92.6024,-92.6439,-93.4299,-93.9376,-94.4544,-94.7870,-94.9128,-94.4683,-94.2017,-94.1762,-94.1964,-94.2046,-92.9823,-91.7090,-91.5434,-91.8826,-91.8132,-91.9192,-91.7032,-91.9395,-92.5861,-93.0212,-93.7101,-93.9857,-94.3656,-95.3592,-96.0800,-96.4623,-96.6475,-94.6123,-94.3298,-94.1872,-94.2535,-94.7949,-95.0094,-95.7628,-96.5473,-97.0835,-97.4003,-97.3403,-97.3324,-97.4204,-97.7323,-97.4339,-97.4483,-97.4960,-97.8552,-95.5255,-95.7343,-96.1778,-96.4234,-96.5546,-94.7752,-94.3356,-94.5273,-94.4054,-94.2414,-94.2466,-94.4462,-94.7493,-95.0052,-95.0689,-95.4657,-95.7991,-95.6493,-95.4974,-95.7231,-95.8650,-96.0693,-96.2908,-96.7283,-97.1038,-97.4953,-97.6588,-97.3944,-97.4970,-97.5915,-97.7711,-97.9594,-97.9040,-97.5596,-97.4344,-97.7414,-97.8549,-97.8612,-97.5574,-97.6957,-97.8841,-97.9609,-98.0184,-97.5277,-97.5848,-97.8751,-97.9743,-97.6814,-97.5319,-96.6156,-95.8984,-95.6758,-95.4355,-95.7946,-96.1459,-96.0881,-96.3055,-95.4779,-96.1971,-96.6998,-96.6972,-96.6057,-96.7457,-96.8566,-97.0502,-97.4226,-97.6216,-96.8806,-96.5757,-94.7366,-94.6447,-95.3836,-96.0300,-96.5809,-96.6815,-97.1508,-97.5666,-98.3161,-98.8599,-99.1713,-99.4788,-99.4929,-99.5066,-99.9133
45109.4583333,-154.7677,-154.0808,-154.7217,-156.1128,-157.7616,-158.3553,-158.8918,-157.0501,-152.4244,-152.6447,-152.0647,-152.7326,-152.8936,-153.8076,-148.6925,-149.3174,-150.2251,-150.8999,-150.9738,-150.4201,-151.2436,-150.8715,-151.2323,-151.0633,-152.2074,-153.6213,-154.1966,-150.5751,-150.6766,-150.0590,-151.0047,-151.0961,-151.7737,-152.6490,-154.4089,-155.7594,-156.5514,-157.1797,-156.5679,-157.8496,-155.2478,-155.5124,-154.5901,-154.1774,-155.0672,-155.2816,-155.0614,-154.3917,-149.8614,-149.2112,-149.6839,-150.2226,-150.8773,-151.3177,-150.7895,-150.6082,-150.7940,-151.7573,-152.7855,-153.8719,-154.6385,-155.0302,-154.2198,-153.5563,-153.1800,-153.3097,-153.7943,-152.0686,-149.8925,-149.3984,-149.7572,-149.1289,-148.5680,-148.0063,-147.9694,-149.0401,-149.7841,-150.8662,-151.1493,-151.5586,-153.3568,-154.7014,-155.4825,-155.9193,-152.6508,-152.3837,-153.1849,-153.3352,-154.0672,-154.3477,-155.5614,-156.8949,-157.8599,-158.4816,-158.5051,-158.6226,-158.8852,-159.4563,-158.9960,-159.0860,-159.2051,-159.7847,-156.6400,-156.9110,-157.5946,-157.9611,-158.2374,-155.5528,-154.7261,-154.6888,-154.2442,-153.8082,-154.1480,-154.4045,-154.8210,-155.1090,-154.7685,-155.4446,-156.0182,-155.7599,-155.6050,-156.0470,-156.3630,-156.8564,-157.6604,-158.2819,-158.8568,-159.4934,-159.7909,-159.3417,-159.4244,-158.9931,-158.4545,-158.3973,-158.7925,-159.5091,-160.1590,-160.6974,-160.9017,-160.9740,-161.0425,-161.0090,-161.1199,-161.0763,-161.0816,-160.4706,-160.2072,-160.1346,-159.3687,-158.6156,-157.8949,-157.5500,-156.8676,-155.3414,-154.5924,-154.9559,-155.3225,-155.5332,-155.4169,-153.4237,-154.2379,-154.8025,-154.7262,-154.6959,-155.0601,-155.6187,-156.0999,-156.2001,-155.8332,-154.0380,-153.2820,-149.9479,-149.4935,-150.0369,-150.7779,-151.5864,-151.6254,-152.3452,-152.9967,-154.2607,-155.1929,-155.7512,-156.3753,-157.1134,-157.5711,-158.1959
45109.5000000,-247.6659,-246.1343,-247.1479,-249.4254,-251.9513,-252.8011,-253.3287,-249.2842,-241.1416,-241.4757,-242.6679,-243.0433,-242.4812,-243.1916,-234.9700,-235.5958,-236.7020,-237.5120,-237.5287,-237.8448,-238.8589,-237.6322,-238.0536,-237.3251,-239.1338,-241.1672,-241.7621,-234.5724,-234.3594,-232.7692,-234.2700,-234.0563,-235.7204,-238.6091,-241.4058,-243.4796,-244.5666,-245.4306,-244.2062,-246.2888,-243.1465,-243.6347,-241.9982,-241.2016,-243.0864,-243.8279,-243.9469,-244.4754,-237.0733,-235.8273,-236.5611,-237.2760,-238.0890,-238.5203,-237.1542,-235.4804,-234.3759,-235.3302,-236.7843,-238.3759,-239.4334,-239.8455,-237.8011,-236.1666,-235.3408,-235.6886,-236.4407,-234.3179,-231.0807,-230.6702,-231.7722,-232.1615,-230.6629,-229.2272,-228.8343,-230.2744,-231.0300,-232.5068,-232.4765,-232.9756,-235.9183,-238.0631,-239.3033,-239.9765,-234.8290,-234.2313,-235.6246,-235.6943,-237.2251,-237.9069,-240.2615,-242.7582,-244.5843,-245.7799,-245.9272,-246.1649,-246.5848,-247.5680,-246.7461,-246.8683,-247.0548,-247.9777,-245.3762,-245.7714,-246.8646,-247.4070,-247.8569,-243.8631,-242.3222,-242.3472,-241.6892,-240.9779,-241.5967,-242.0235,-242.6867,-243.1010,-242.1685,-243.1790,-243.9405,-243.1874,-242.6107,-243.1350,-243.5156,-244.2801,-245.8280,-246.9508,-247.9490,-248.9926,-249.4960,-248.7610,-249.0612,-249.0051,-247.7126,-247.2878,-248.2062,-248.9414,-249.6299,-250.2291,-250.4397,-250.5477,-250.8564,-250.9655,-251.3720,-251.5296,-251.8411,-251.2150,-251.1028,-251.0351,-249.5325,-248.2907,-247.7930,-245.8565,-243.6335,-240.1546,-238.6159,-239.2332,-239.9219,-240.4867,-240.4940,-237.9642,-239.2743,-240.1398,-240.1729,-240.9224,-241.9101,-242.4942,-242.6518,-241.9515,-239.8624,-235.7272,-233.9536,-228.8548,-228.1929,-228.2947,-228.4618,-229.2098,-228.5638,-229.3082,-230.0039,-231.9053,-233.2793,-234.0699,-235.0065,-236.2692,-237.0861,-238.1437
45109.5416667,-197.4577,-198.8828,-199.7476,-201.6709,-203.6676,-204.2704,-204.3557,-200.2228,-192.5420,-192.6248,-193.4972,-193.6824,-193.1025,-193.6354,-186.7650,-187.3274,-188.2824,-188.9722,-188.9897,-189.2980,-190.1700,-189.1088,-189.4386,-188.6863,-189.9306,-190.6361,-189.4263,-183.4021,-183.2693,-181.8803,-181.3533,-181.1244,-182.3689,-185.2257,-187.9577,-190.0517,-191.2656,-192.3011,-191.4281,-193.4868,-191.8707,-192.5754,-191.9805,-192.9987,-194.0488,-193.9570,-193.5919,-193.8364,-187.4503,-186.4360,-187.0307,-187.6399,-188.4208,-189.0885,-188.9971,-187.1511,-185.7064,-185.7354,-186.7103,-187.8664,-188.5921,-188.8462,-187.3309,-186.0306,-185.3896,-186.4480,-186.4680,-184.1615,-180.1794,-179.3507,-180.2368,-181.3051,-181.3287,-179.5535,-179.4720,-180.3199,-180.4111,-180.1867,-180.1642,-180.6806,-183.1788,-184.9844,-186.0548,-186.7944,-184.9407,-185.7712,-187.0332,-187.8617,-188.4165,-188.3324,-189.4984,-190.8462,-191.7074,-192.0674,-191.7763,-191.7306,-191.9744,-192.8387,-192.1370,-192.2730,-192.4938,-193.4313,-191.0247,-191.6905,-192.9383,-193.6863,-194.3708,-191.8816,-191.4573,-191.2822,-190.5641,-189.7982,-190.3029,-190.6407,-191.2395,-191.8409,-192.1657,-192.9401,-193.4727,-192.6406,-192.0091,-192.3286,-192.4726,-192.7716,-193.0899,-193.9631,-194.7540,-195.6032,-196.0028,-195.2644,-194.4420,-194.5334,-193.5717,-193.2723,-194.0104,-194.4594,-194.1377,-195.0082,-195.4955,-195.9406,-196.5711,-196.9084,-197.4529,-197.7262,-198.0864,-197.6071,-197.5625,-197.7917,-196.9771,-197.0506,-196.4238,-194.5019,-192.3873,-189.4168,-189.0305,-189.3094,-189.4880,-189.6494,-189.2574,-186.6425,-187.3492,-187.7693,-187.5604,-188.1173,-188.9874,-189.5061,-189.6448,-189.0296,-187.0244,-183.0156,-181.0085,-176.1968,-175.2694,-174.9693,-174.7925,-175.4558,-175.8220,-176.0070,-176.1244,-177.3821,-178.2347,-178.6401,-179.1901,-180.0865,-180.6477,-181.3949
45109.5833333,-412.6638,-413.1188,-413.4691,-415.2640,-417.4888,-418.4720,-419.0675,-412.8873,-397.1948,-398.1305,-399.7618,-400.6007,-400.3060,-401.1190,-385.1190,-386.1665,-387.6715,-388.8038,-389.0003,-389.6200,-390.3288,-387.6787,-388.5358,-389.6932,-391.0254,-390.6585,-386.5764,-373.0848,-372.0216,-368.8806,-366.2043,-363.7447,-363.2712,-364.8824,-369.1624,-371.0096,-375.2363,-379.3971,-379.6300,-384.7044,-383.6709,-385.7881,-385.1864,-388.4139,-392.6035,-395.5670,-396.9688,-398.2821,-386.4800,-386.8507,-387.6914,-388.3139,-388.9509,-388.9854,-386.6340,-382.2857,-379.0335,-378.5348,-380.1187,-382.5320,-384.0904,-384.7383,-381.3039,-378.0920,-376.0083,-375.4755,-376.7158,-374.4086,-370.7355,-369.6100,-370.6518,-371.9423,-371.8926,-369.5213,-370.2590,-371.1671,-370.8665,-369.0575,-368.4632,-370.0368,-373.3791,-375.7267,-377.1181,-378.1467,-373.8895,-375.4660,-378.0233,-380.2202,-382.0831,-383.1043,-386.1347,-389.4126,-391.7590,-393.4626,-393.9551,-394.4173,-394.9335,-396.0757,-394.2846,-394.4199,-394.5658,-395.4972,-390.7116,-391.2730,-392.8164,-393.5684,-394.6980,-389.9648,-390.0319,-390.4120,-390.1268,-389.6193,-390.3997,-390.9804,-391.6537,-391.2238,-391.8921,-393.0663,-393.2838,-390.1487,-390.6297,-391.9529,-393.0478,-394.4965,-396.2393,-397.6065,-398.7879,-399.7360,-400.0191,-396.8956,-396.9300,-394.8967,-392.8920,-391.8622,-393.4367,-395.0065,-395.9756,-396.9370,-397.4394,-397.8045,-398.4469,-398.3932,-399.2523,-399.9214,-400.6737,-400.1580,-398.1915,-398.8073,-397.6618,-398.8424,-399.4945,-398.6227,-396.4357,-391.1285,-390.4121,-390.6821,-390.7486,-390.7734,-390.1865,-385.8014,-386.4015,-386.6648,-385.8436,-386.2389,-387.2942,-387.8711,-387.9344,-386.8345,-383.2668,-374.8623,-370.8339,-361.3479,-357.9275,-355.7628,-354.2447,-354.8089,-355.1419,-355.4016,-355.6928,-357.6206,-359.0226,-359.7251,-360.6937,-362.1325,-363.0711,-364.3048
45109.6250000,-404.2516,-404.9254,-405.5233,-406.9644,-408.5960,-409.3597,-409.3439,-402.6464,-385.7493,-386.4103,-387.5861,-388.2680,-388.1670,-389.0220,-374.9987,-376.0065,-377.3304,-378.3361,-378.5811,-379.1637,-379.6279,-377.0570,-377.7390,-378.7942,-379.8461,-379.2695,-375.1792,-361.4401,-357.8278,-355.3699,-352.0418,-348.2928,-345.4736,-344.0381,-344.1308,-344.4047,-347.0645,-349.8203,-349.4376,-353.8812,-354.7730,-357.3542,-358.6419,-362.5816,-367.9488,-372.4370,-375.3271,-377.8864,-368.4881,-368.5951,-370.9344,-373.2774,-375.2375,-376.1304,-374.5611,-370.4499,-367.3273,-366.3672,-367.2907,-369.1698,-370.2203,-370.4652,-366.9018,-363.5495,-361.2823,-359.6704,-358.2038,-357.6175,-357.0490,-357.3959,-358.3058,-356.1670,-354.7939,-355.4033,-356.8585,-358.9641,-360.1686,-358.7439,-358.3462,-359.8065,-362.8932,-365.0969,-366.4669,-367.5118,-363.1128,-364.5222,-366.5160,-368.1291,-369.3606,-369.9684,-372.1465,-374.5377,-376.0113,-376.6806,-375.1974,-376.5746,-378.1620,-379.7661,-378.9394,-379.9446,-380.8804,-382.4120,-378.0890,-377.5116,-379.5017,-380.6144,-382.0751,-377.7114,-378.1507,-378.6103,-378.5398,-378.2686,-379.0372,-379.6065,-380.1819,-379.4278,-379.7246,-379.9180,-377.7534,-374.1958,-374.1515,-375.0383,-375.7552,-376.9873,-378.8890,-380.4342,-381.9239,-383.1876,-383.8506,-381.1538,-380.9969,-379.5319,-377.5389,-376.7310,-378.1322,-379.6565,-380.8608,-382.0963,-382.9062,-383.3798,-382.2026,-379.2909,-378.3574,-379.4422,-380.5990,-380.5452,-378.9666,-379.2209,-377.3187,-376.1685,-375.7872,-377.6902,-378.4734,-376.5834,-374.8935,-375.9379,-376.9765,-377.7340,-378.0529,-375.5034,-375.6361,-374.4679,-374.3437,-374.9658,-376.0394,-376.5813,-376.3585,-374.1173,-372.4673,-365.7346,-363.1918,-355.3165,-352.4533,-349.8553,-346.2505,-346.8753,-347.0153,-346.9025,-346.7299,-347.9552,-348.8021,-349.0697,-349.6048,-350.5713,-351.1671,-351.9955
45109.6666667,-481.9268,-477.1306,-476.9755,-477.2565,-477.9641,-478.6468,-478.7632,-472.3927,-453.2212,-454.0506,-450.6933,-452.1610,-453.2241,-454.8202,-439.5160,-441.1625,-442.7435,-443.9247,-444.3929,-444.8472,-442.5236,-440.4820,-441.0971,-441.0876,-438.4944,-438.4930,-435.2991,-420.6087,-417.3906,-414.9143,-412.9417,-408.3606,-404.7085,-403.0499,-402.3956,-402.0446,-403.4667,-405.2290,-403.9677,-407.6915,-407.2706,-409.8441,-412.3621,-415.9872,-421.2254,-425.8008,-429.0021,-431.8807,-421.4056,-422.9383,-425.0476,-427.4874,-429.8234,-431.1711,-430.5159,-426.5136,-423.4576,-422.5714,-423.5514,-425.8754,-427.3584,-428.1191,-425.4987,-423.6573,-424.1192,-423.0128,-422.7544,-419.5367,-417.2695,-417.2251,-416.5453,-416.4189,-414.3871,-414.8368,-416.0148,-417.6090,-418.5913,-416.8649,-416.8124,-417.4709,-420.3694,-422.6117,-424.1987,-425.5746,-420.3623,-422.4034,-424.9472,-427.1274,-428.8426,-429.9036,-429.7105,-432.6209,-434.6016,-435.9768,-435.0509,-436.7923,-438.4859,-439.9710,-438.8992,-440.1237,-441.3310,-443.0971,-439.6069,-440.6074,-442.2605,-442.9937,-444.3983,-438.6786,-439.7890,-441.0365,-441.9346,-442.5120,-442.2540,-443.0470,-443.7817,-442.9557,-443.4305,-443.7314,-441.4667,-437.6808,-438.2757,-438.7565,-437.2661,-438.2079,-438.4562,-440.2746,-442.1211,-443.6891,-444.7827,-442.4679,-441.6855,-442.2756,-440.7424,-439.8463,-440.8061,-442.0925,-443.0552,-444.1217,-444.9104,-445.3629,-443.7366,-442.6471,-442.0844,-442.9832,-443.8207,-443.5126,-442.1257,-441.5833,-438.7466,-436.5732,-434.5492,-433.5428,-434.7947,-433.9287,-434.3628,-433.7339,-435.0527,-435.0407,-436.4867,-436.4615,-438.2690,-439.4033,-439.5057,-439.7067,-439.8034,-438.4401,-438.7009,-437.1365,-437.3274,-430.9261,-428.0011,-420.9485,-419.1790,-416.9207,-414.1330,-413.4144,-412.5135,-411.8010,-411.3126,-412.0232,-412.5932,-412.6969,-413.1226,-413.8744,-414.3582,-415.0626
45109.7083333,-449.6185,-444.9859,-444.1976,-439.6221,-436.8983,-437.4581,-437.8293,-434.0934,-416.5997,-418.1843,-416.0382,-417.2313,-417.9707,-418.7302,-404.6792,-405.8132,-406.9407,-407.9058,-408.3327,-406.5320,-404.4193,-403.3745,-403.9308,-403.9909,-402.0787,-402.0091,-399.6849,-386.7801,-383.0921,-380.6737,-377.4748,-373.9476,-370.9312,-369.1992,-368.2663,-367.5719,-367.4852,-369.6221,-369.7258,-372.8923,-372.2252,-374.3303,-376.4174,-379.3246,-383.6538,-387.5932,-390.3620,-392.5912,-382.3618,-383.7678,-385.6749,-387.9785,-390.1898,-391.4990,-391.1324,-388.9164,-386.9930,-385.9623,-385.5885,-387.5396,-388.8110,-389.5900,-388.0158,-386.9154,-386.8800,-386.7015,-387.3271,-385.5060,-387.8854,-388.9678,-389.0106,-388.4794,-386.6054,-386.8482,-387.4643,-388.1965,-388.5561,-386.6945,-386.1735,-385.6925,-387.4971,-388.8929,-389.8986,-390.8230,-385.5128,-386.9697,-388.7844,-390.3850,-391.6914,-392.5949,-392.4365,-394.5879,-396.0746,-397.3018,-396.9648,-398.5198,-400.1046,-401.3533,-400.5794,-401.9571,-403.3562,-405.2469,-400.9691,-401.3912,-402.0239,-403.4532,-405.4665,-400.8829,-402.9861,-404.9186,-406.4559,-407.5535,-407.5375,-408.1929,-408.7860,-408.1723,-407.7882,-407.9136,-406.1215,-402.8824,-403.4560,-403.8327,-402.7639,-403.5320,-403.9233,-405.0992,-406.3816,-407.4782,-408.2391,-406.0488,-405.3979,-405.9104,-404.9762,-404.2740,-404.9820,-406.1500,-407.1358,-408.2688,-409.1613,-409.8244,-408.6565,-406.1935,-405.5737,-406.4650,-406.9099,-405.5110,-404.4967,-404.3552,-402.6351,-401.2704,-400.3213,-400.4694,-401.2952,-399.9412,-399.9944,-399.2245,-398.8944,-398.4271,-398.7816,-399.2850,-400.4430,-400.6239,-400.9300,-402.1240,-402.9257,-402.6691,-403.9372,-404.1294,-405.3445,-400.5521,-399.6177,-393.0147,-392.5998,-391.5505,-390.8579,-390.7517,-390.3527,-390.0245,-389.7066,-389.7938,-389.8979,-389.6653,-389.6814,-389.8483,-389.9198,-390.1338
45109.7500000,-482.1903,-476.7167,-474.8352,-469.8208,-466.0672,-465.5129,-464.3784,-460.6058,-440.5313,-440.9188,-439.1471,-439.8002,-440.7332,-441.1869,-425.7317,-426.9578,-427.9278,-428.2826,-428.7313,-428.2642,-426.5018,-425.1447,-424.2478,-423.8154,-422.2693,-421.6649,-419.5991,-407.7077,-404.7156,-403.3944,-401.0349,-398.0240,-395.3778,-393.7243,-392.5456,-391.4916,-390.0760,-390.8524,-390.4224,-392.0475,-389.5866,-390.7500,-392.0360,-394.3044,-398.5024,-402.9493,-406.2669,-408.6031,-399.1059,-400.1914,-401.7683,-403.8129,-405.8142,-407.0544,-407.3354,-406.1231,-404.9193,-404.3792,-403.8523,-405.2644,-406.1158,-406.6746,-405.6063,-404.6182,-404.8329,-404.7614,-405.3184,-404.5396,-409.6309,-411.9162,-412.4026,-412.2949,-411.8626,-413.9345,-414.2079,-414.6658,-415.1908,-413.0887,-411.8275,-409.7439,-410.4682,-411.1822,-411.8240,-412.5515,-406.3546,-407.5452,-408.8582,-410.0546,-411.1238,-412.1160,-412.2636,-413.8388,-415.0371,-416.4895,-417.0800,-417.9033,-419.5346,-420.4437,-419.7821,-421.3586,-422.3095,-423.9346,-417.7088,-418.5682,-419.3829,-420.3299,-422.0717,-417.2103,-419.8558,-422.5529,-425.0653,-427.1813,-427.5247,-428.2545,-428.9607,-428.9260,-428.9519,-429.2946,-428.3741,-425.9701,-427.2083,-427.1256,-426.7643,-427.3069,-426.9472,-427.0762,-428.1022,-428.9973,-429.8149,-428.2785,-428.0159,-427.8198,-427.3137,-426.8957,-427.1159,-428.0597,-428.8618,-429.9277,-430.8861,-431.7997,-431.4756,-429.5406,-429.2884,-430.0822,-430.4704,-429.7903,-429.3979,-428.9748,-427.7362,-426.8623,-426.3929,-426.9960,-428.0415,-427.1485,-426.6156,-425.8494,-424.9409,-424.0511,-423.8929,-423.7760,-423.9117,-423.5718,-422.9231,-423.0093,-423.2765,-423.1135,-424.4393,-425.6851,-428.6313,-426.4741,-428.3331,-422.2793,-423.0080,-422.3880,-421.8384,-421.9379,-421.8219,-421.9160,-422.0263,-421.6567,-421.5732,-421.3251,-421.3046,-421.1776,-421.1159,-421.1526
45109.7916667,-323.6812,-321.6959,-320.8450,-318.9375,-317.3724,-317.0657,-316.4227,-314.7407,-301.0611,-300.9948,-299.9385,-299.7991,-299.7021,-299.5164,-287.2421,-287.6828,-287.8582,-287.7335,-287.7370,-287.5935,-286.9777,-286.4658,-286.1076,-285.5710,-284.9589,-284.6753,-283.7357,-276.1157,-274.1697,-273.4281,-272.3290,-270.8467,-269.4869,-268.6048,-267.9042,-267.3206,-266.2942,-266.3645,-265.9756,-266.3001,-263.3394,-263.6125,-264.0226,-264.8923,-266.7880,-268.7700,-270.3904,-271.7010,-265.5794,-266.2216,-267.1166,-268.1820,-269.3942,-270.2398,-270.6866,-270.7259,-270.6253,-270.6672,-270.3416,-271.0754,-271.4652,-271.7304,-271.5013,-271.3696,-271.6542,-271.9193,-272.1497,-271.6248,-274.9938,-276.6815,-277.1972,-277.7253,-278.2586,-279.9930,-280.2299,-280.4016,-280.7659,-279.9496,-279.3248,-277.6754,-278.0192,-278.3337,-278.5638,-278.8224,-274.1298,-274.5836,-275.0700,-275.4047,-275.8760,-276.1976,-276.3787,-277.0762,-277.5260,-278.1049,-278.6945,-279.3987,-280.3515,-280.8904,-280.4016,-281.3467,-282.1241,-283.2372,-278.8867,-279.6054,-280.3471,-280.8839,-281.8588,-278.4169,-279.9075,-281.5745,-283.0602,-284.3841,-284.8266,-285.3255,-285.8811,-286.1644,-286.3673,-286.6860,-286.6411,-285.4879,-286.1919,-286.4050,-286.4822,-286.8487,-286.9082,-287.1937,-287.7388,-288.1700,-288.6913,-287.9231,-288.0512,-288.2400,-288.2519,-288.1745,-288.1595,-288.5628,-288.8865,-289.3941,-289.8103,-290.1200,-290.1938,-289.3672,-289.4880,-289.9191,-290.2147,-290.0472,-290.1087,-289.8686,-289.5650,-289.4242,-289.5480,-290.2085,-290.9160,-290.9289,-290.6678,-290.4281,-290.1791,-289.8778,-289.9089,-289.3200,-289.2646,-289.0233,-288.4988,-288.2556,-288.2317,-288.0161,-288.2929,-288.8374,-290.3202,-288.6143,-290.2461,-286.4774,-288.0435,-288.9547,-289.2917,-289.4789,-289.5200,-289.6838,-289.8484,-289.5856,-289.5082,-289.3180,-289.2809,-289.1627,-289.0778,-289.0356
45109.8333333,-109.2971,-109.4045,-109.6729,-109.7104,-109.7542,-109.8756,-110.0226,-110.0514,-105.4585,-105.5413,-105.4426,-105.4477,-105.4632,-105.4134,-100.3995,-100.5109,-100.5533,-100.5943,-100.5848,-100.6111,-100.5775,-100.5463,-100.4710,-100.4132,-100.3191,-100.2960,-100.0898,-97.4170,-96.7534,-96.5322,-96.2826,-95.9265,-95.5856,-95.3562,-95.1786,-94.9921,-94.5725,-94.4848,-94.3371,-94.3322,-92.9205,-92.8743,-92.8982,-92.9990,-93.3339,-93.6447,-93.9259,-94.2164,-91.9412,-92.0745,-92.2699,-92.5397,-92.8409,-93.0734,-93.2297,-93.4348,-93.5591,-93.6987,-93.6063,-93.8135,-93.9098,-93.9836,-94.0860,-94.2008,-94.3509,-94.5350,-94.5692,-94.2430,-95.1169,-95.5928,-95.8521,-96.1436,-96.4520,-96.9709,-97.0876,-97.2757,-97.4896,-97.4372,-97.3903,-96.9399,-97.0598,-97.1528,-97.1980,-97.2576,-95.6498,-95.7765,-95.9326,-96.0654,-96.1681,-96.2170,-96.3199,-96.5245,-96.6572,-96.8619,-97.0022,-97.1698,-97.3511,-97.4729,-97.1892,-97.3825,-97.5860,-97.9097,-95.8163,-96.1011,-96.4438,-96.6614,-96.9916,-95.8183,-96.2986,-96.8674,-97.3115,-97.7126,-97.9107,-98.0772,-98.2836,-98.4466,-98.5780,-98.7807,-98.9183,-98.6450,-98.8767,-99.0213,-99.1313,-99.2886,-99.4776,-99.6649,-99.8756,-100.0883,-100.2555,-100.0322,-100.1373,-100.2662,-100.3588,-100.4203,-100.4283,-100.5529,-100.6528,-100.8090,-100.9120,-101.0331,-101.1351,-100.9338,-101.0133,-101.1009,-101.1755,-101.1255,-101.1936,-101.2251,-101.2400,-101.2815,-101.3794,-101.5844,-101.7395,-101.8553,-101.8092,-101.8156,-101.8402,-101.8347,-101.8880,-101.5049,-101.5572,-101.5771,-101.4077,-101.3434,-101.3736,-101.3682,-101.4523,-101.5663,-101.8419,-100.9586,-101.3167,-99.6843,-100.2114,-100.7241,-101.0863,-101.2658,-101.3995,-101.5484,-101.6863,-101.6861,-101.7188,-101.6876,-101.7117,-101.7229,-101.7185,-101.7261
45109.8750000,-36.9522,-37.0511,-37.1850,-37.2596,-37.3411,-37.4271,-37.5799,-37.8216,-36.4440,-36.5656,-36.6453,-36.7456,-36.8420,-36.8923,-34.9779,-35.0717,-35.1293,-35.1753,-35.1982,-35.2467,-35.2547,-35.2728,-35.2671,-35.2625,-35.2464,-35.2460,-35.2017,-34.3039,-34.1027,-34.0728,-34.0387,-33.9642,-33.8921,-33.8372,-33.7964,-33.7522,-33.6106,-33.5882,-33.5556,-33.5277,-32.9155,-32.8776,-32.8671,-32.8670,-32.9340,-33.0088,-33.0724,-33.1319,-32.2959,-32.3123,-32.3412,-32.3891,-32.4452,-32.4859,-32.5212,-32.5861,-32.6226,-32.6588,-32.6013,-32.6449,-32.6554,-32.6666,-32.7194,-32.7804,-32.8443,-32.9265,-32.9526,-32.8473,-33.1938,-33.3516,-33.4253,-33.5267,-33.6446,-33.8315,-33.8621,-33.9222,-34.0016,-34.0004,-33.9994,-33.8366,-33.8594,-33.8845,-33.8992,-33.9251,-33.3740,-33.4328,-33.5014,-33.5673,-33.6182,-33.6478,-33.6962,-33.7738,-33.8283,-33.9219,-33.9916,-34.0610,-34.1213,-34.1416,-34.0346,-34.0900,-34.1458,-34.2268,-33.2369,-33.3148,-33.4114,-33.4691,-33.5674,-33.1662,-33.3375,-33.5361,-33.6870,-33.8210,-33.8766,-33.9227,-33.9807,-34.0301,-34.0733,-34.1365,-34.1951,-34.1254,-34.2247,-34.2827,-34.3412,-34.4097,-34.5056,-34.6002,-34.6938,-34.7801,-34.8509,-34.7987,-34.8547,-34.9216,-34.9778,-35.0227,-35.0455,-35.1132,-35.1676,-35.2350,-35.2823,-35.3413,-35.3998,-35.3447,-35.3849,-35.4212,-35.4522,-35.4557,-35.4961,-35.5117,-35.5351,-35.5711,-35.6397,-35.7595,-35.8417,-35.9123,-35.9018,-35.9009,-35.9104,-35.9113,-35.9371,-35.7807,-35.7980,-35.8127,-35.7409,-35.7186,-35.7252,-35.7334,-35.7800,-35.8519,-35.9869,-35.6803,-35.7894,-35.1088,-35.2413,-35.3802,-35.4920,-35.5447,-35.5931,-35.6501,-35.7072,-35.7053,-35.7188,-35.7160,-35.7350,-35.7462,-35.7526,-35.7605
45109.9166667,-16.9309,-16.9916,-17.0605,-17.1098,-17.1657,-17.2117,-17.2934,-17.4238,-16.8384,-16.9066,-16.9653,-17.0320,-17.0971,-17.1468,-16.2308,-16.3012,-16.3581,-16.4068,-16.4366,-16.4834,-16.5064,-16.5314,-16.5432,-16.5558,-16.5632,-16.5762,-16.5696,-16.1698,-16.0919,-16.0922,-16.0935,-16.0760,-16.0600,-16.0477,-16.0402,-16.0306,-15.9731,-15.9703,-15.9641,-15.9547,-15.6282,-15.6129,-15.6103,-15.6112,-15.6431,-15.6824,-15.7115,-15.7358,-15.3279,-15.3318,-15.3402,-15.3558,-15.3739,-15.3848,-15.3958,-15.4194,-15.4296,-15.4399,-15.4049,-15.4153,-15.4107,-15.4068,-15.4247,-15.4479,-15.4707,-15.5037,-15.5108,-15.4486,-15.6090,-15.6856,-15.7231,-15.7766,-15.8394,-15.9321,-15.9468,-15.9772,-16.0162,-16.0206,-16.0238,-15.9470,-15.9554,-15.9657,-15.9707,-15.9809,-15.7148,-15.7393,-15.7683,-15.7967,-15.8187,-15.8311,-15.8545,-15.8915,-15.9190,-15.9665,-16.0028,-16.0396,-16.0723,-16.0828,-16.0392,-16.0689,-16.0986,-16.1387,-15.5870,-15.6224,-15.6657,-15.6908,-15.7327,-15.5378,-15.6121,-15.7010,-15.7654,-15.8228,-15.8461,-15.8651,-15.8893,-15.9103,-15.9287,-15.9558,-15.9836,-15.9550,-15.9987,-16.0245,-16.0519,-16.0832,-16.1321,-16.1797,-16.2253,-16.2679,-16.3021,-16.2821,-16.3112,-16.3461,-16.3778,-16.4059,-16.4241,-16.4632,-16.4969,-16.5358,-16.5637,-16.5983,-16.6343,-16.6189,-16.6452,-16.6685,-16.6898,-16.7001,-16.7274,-16.7411,-16.7613,-16.7877,-16.8341,-16.9097,-16.9670,-17.0213,-17.0254,-17.0320,-17.0462,-17.0541,-17.0738,-16.9914,-17.0053,-17.0177,-16.9759,-16.9683,-16.9724,-16.9791,-17.0050,-17.0454,-17.1224,-16.9940,-17.0565,-16.7180,-16.7804,-16.8395,-16.8832,-16.9015,-16.9178,-16.9380,-16.9588,-16.9548,-16.9580,-16.9539,-16.9603,-16.9638,-16.9653,-16.9675
45109.9583333,-12.4872,-12.5323,-12.5789,-12.6163,-12.6619,-12.6939,-12.7532,-12.8518,-12.4478,-12.4993,-12.5490,-12.6026,-12.6541,-12.6975,-12.0104,-12.0675,-12.1170,-12.1611,-12.1891,-12.2325,-12.2593,-12.2864,-12.3030,-12.3216,-12.3370,-12.3572,-12.3633,-12.0883,-12.0454,-12.0583,-12.0753,-12.0781,-12.0825,-12.0860,-12.0917,-12.0949,-12.0615,-12.0674,-12.0710,-12.0689,-11.8042,-11.7965,-11.7985,-11.8032,-11.8328,-11.8709,-11.8975,-11.9173,-11.6067,-11.6097,-11.6156,-11.6268,-11.6388,-11.6449,-11.6527,-11.6703,-11.6773,-11.6836,-11.6550,-11.6592,-11.6524,-11.6464,-11.6575,-11.6729,-11.6866,-11.7079,-11.7088,-11.6469,-11.7561,-11.8075,-11.8323,-11.8713,-11.9184,-11.9860,-11.9964,-12.0194,-12.0496,-12.0562,-12.0614,-12.0042,-12.0100,-12.0180,-12.0219,-12.0298,-11.8270,-11.8456,-11.8674,-11.8889,-11.9057,-11.9151,-11.9326,-11.9594,-11.9794,-12.0150,-12.0419,-12.0690,-12.0929,-12.1000,-12.0690,-12.0909,-12.1130,-12.1422,-11.6847,-11.7094,-11.7401,-11.7581,-11.7878,-11.6384,-11.6929,-11.7594,-11.8063,-11.8479,-11.8642,-11.8772,-11.8937,-11.9080,-11.9207,-11.9392,-11.9595,-11.9405,-11.9717,-11.9897,-12.0094,-12.0315,-12.0689,-12.1050,-12.1385,-12.1703,-12.1952,-12.1819,-12.2037,-12.2300,-12.2546,-12.2772,-12.2930,-12.3239,-12.3515,-12.3827,-12.4050,-12.4330,-12.4629,-12.4565,-12.4792,-12.4992,-12.5184,-12.5305,-12.5552,-12.5694,-12.5900,-12.6155,-12.6591,-12.7279,-12.7830,-12.8374,-12.8468,-12.8568,-12.8750,-12.8871,-12.9086,-12.8462,-12.8640,-12.8803,-12.8480,-12.8472,-12.8533,-12.8628,-12.8883,-12.9265,-12.9962,-12.9117,-12.9661,-12.7032,-12.7559,-12.8052,-12.8411,-12.8547,-12.8666,-12.8808,-12.8949,-12.8903,-12.8909,-12.8863,-12.8895,-12.8905,-12.8901,-12.8903
