File Created:,Mon Jul 29 15:19:55 2024
Heat Source Version:,9.0.0b26
Simulation Name:,WFK23
User Text:,Westfork Kickapoo
Output:,Stream Temperature (Celsius)
""
Datetime,23.500,23.400,23.300,23.200,23.100,23.000,22.900,22.800,22.700,22.600,22.500,22.400,22.300,22.200,22.100,22.000,21.900,21.800,21.700,21.600,21.500,21.400,21.300,21.200,21.100,21.000,20.900,20.800,20.700,20.600,20.500,20.400,20.300,20.200,20.100,20.000,19.900,19.800,19.700,19.600,19.500,19.400,19.300,19.200,19.100,19.000,18.900,18.800,18.700,18.600,18.500,18.400,18.300,18.200,18.100,18.000,17.900,17.800,17.700,17.600,17.500,17.400,17.300,17.200,17.100,17.000,16.900,16.800,16.700,16.600,16.500,16.400,16.300,16.200,16.100,16.000,15.900,15.800,15.700,15.600,15.500,15.400,15.300,15.200,15.100,15.000,14.900,14.800,14.700,14.600,14.500,14.400,14.300,14.200,14.100,14.000,13.900,13.800,13.700,13.600,13.500,13.400,13.300,13.200,13.100,13.000,12.900,12.800,12.700,12.600,12.500,12.400,12.300,12.200,12.100,12.000,11.900,11.800,11.700,11.600,11.500,11.400,11.300,11.200,11.100,11.000,10.900,10.800,10.700,10.600,10.500,10.400,10.300,10.200,10.100,10.000,9.900,9.800,9.700,9.600,9.500,9.400,9.300,9.200,9.100,9.000,8.900,8.800,8.700,8.600,8.500,8.400,8.300,8.200,8.100,8.000,7.900,7.800,7.700,7.600,7.500,7.400,7.300,7.200,7.100,7.000,6.900,6.800,6.700,6.600,6.500,6.400,6.300,6.200,6.100,6.000,5.900,5.800,5.700,5.600,5.500,5.400,5.300,5.200,5.100,5.000,4.900,4.800,4.700,4.600,4.500,4.400,4.300,4.200,4.100,4.000,3.900,3.800,3.700,3.600,3.500,3.400,3.300,3.200,3.100,3.000,2.900,2.800,2.700,2.600,2.500,2.400,2.300,2.200,2.100,2.000,1.900,1.800,1.700,1.600,1.500,1.400,1.300,1.200,1.100,1.000,0.900,0.800,0.700,0.600,0.500,0.400,0.300,0.200,0.100,0.000
45108.0000000,20.8170,20.8087,20.8118,20.8112,20.8052,20.8089,20.8094,20.7498,20.8092,20.8102,20.8102,20.8127,20.8152,20.7747,20.8112,20.8140,20.8138,20.8125,20.8146,20.8152,20.8123,20.8103,20.8115,20.8130,20.8139,20.8117,20.8118,20.8153,20.8096,20.8148,20.8142,20.8136,20.8134,20.8126,20.8130,20.8136,20.8123,20.8129,20.8147,20.7838,20.8111,20.8123,20.8114,20.8113,20.8084,20.8138,20.8153,20.7726,20.8140,20.8136,20.8025,20.8131,20.8114,20.8095,20.8136,20.8137,20.8141,20.8132,20.8031,20.8119,20.8129,20.8125,20.8135,20.8136,20.8143,20.8144,20.8137,20.8058,20.8165,20.8159,20.8146,20.8134,20.8138,20.8156,20.8138,20.8121,20.8149,20.7843,20.8094,20.7989,20.8008,20.8019,20.8109,20.7900,20.8097,20.8093,20.8098,20.8116,20.8112,20.8123,20.8138,20.7883,20.8065,20.8120,20.8146,20.8128,20.8131,20.8089,20.8119,20.8130,20.8132,20.8323,20.7046,20.8052,20.8110,20.8118,20.8166,20.7725,20.8143,20.8137,20.8147,20.8159,20.8003,20.8133,20.8126,20.8115,20.8135,20.8132,20.8122,20.8135,20.8159,20.8147,20.8091,20.8141,20.8130,20.8141,20.8146,20.8109,20.8142,20.8148,20.8150,20.8154,20.8151,20.8147,20.8060,20.8141,20.8149,20.8139,20.8121,20.8151,20.8152,20.8143,20.8149,20.8149,20.8129,20.8159,20.8154,20.8096,20.8132,20.8137,20.8146,20.8161,20.8158,20.8155,20.8147,20.8137,20.8095,20.8200,20.7663,20.8125,20.8175,20.8189,20.7601,20.7963,20.7987,20.8066,20.8118,20.8125,20.8150,20.8148,20.8164,20.7854,20.8132,20.8150,20.8140,20.8138,20.8146,20.8142,20.8147,20.8123,20.8122,20.8135,20.8125,20.8077,20.8118,20.8127,20.8130,20.8130,20.8130,20.8130,20.8130,20.8130,20.8130,20.8130,20.8130,20.8130,20.8130,20.8130,20.8130,20.8130,20.8130,20.8130,20.8129,20.8129,20.8129,20.8129,20.8129,20.8129,20.8129,20.8129,20.8129,20.8129,20.8129,20.8129,20.8129,20.8129,20.8129,20.8128,20.8128,20.8128,20.8128,20.8128,20.8128,20.8128,20.8128,20.8128,20.8128,20.8128,20.8128,20.8128,20.8128,20.8128,20.8127,20.8127,20.8127,20.8127
45108.0416667,20.4840,20.4616,20.4616,20.4573,20.4286,20.4178,20.3528,19.6834,19.7086,19.7205,19.7390,19.7904,19.8745,19.6014,19.7328,19.8951,20.0628,20.1891,20.2896,20.3993,20.4429,20.4523,20.4649,20.4837,20.5022,20.4942,20.4885,20.5151,20.4692,20.4992,20.5232,20.5346,20.5416,20.5340,20.5330,20.5374,20.5252,20.5220,20.5355,20.2282,20.2350,20.2404,20.2410,20.2480,20.2952,20.3830,20.4388,20.1098,20.1842,20.2041,20.1557,20.2000,20.2264,20.2381,20.2716,20.3399,20.4034,20.4322,20.3803,20.3989,20.4168,20.4264,20.4437,20.4622,20.4840,20.5088,20.5293,20.4176,20.6277,20.6780,20.6745,20.6559,20.6456,20.6609,20.6555,20.6274,20.6161,20.4324,20.4131,20.3617,20.3245,20.2911,20.2816,20.1888,20.1926,20.1793,20.1798,20.1898,20.2054,20.2232,20.2408,20.1780,20.2128,20.2595,20.3042,20.3351,20.3631,20.3676,20.3862,20.4069,20.4280,20.4484,19.6399,19.6716,19.7068,19.7542,19.8132,19.6261,19.7967,20.0172,20.1992,20.3686,20.3295,20.3758,20.4061,20.4194,20.4460,20.4631,20.4688,20.4842,20.5288,20.5475,20.5122,20.5306,20.5356,20.5526,20.5679,20.5468,20.5569,20.5682,20.5808,20.5986,20.6123,20.6192,20.5641,20.5715,20.5814,20.5787,20.5606,20.5765,20.5919,20.5971,20.6076,20.6172,20.6102,20.6298,20.6410,20.6157,20.6111,20.6081,20.6117,20.6415,20.6643,20.6779,20.6775,20.6690,20.6428,20.6375,20.4362,20.4432,20.4348,20.3769,20.1813,20.1804,20.1662,20.1743,20.2009,20.2297,20.3097,20.3852,20.4562,20.1467,20.2181,20.2881,20.3383,20.3714,20.4048,20.4374,20.4692,20.4803,20.4920,20.5056,20.5122,20.5023,20.5082,20.5149,20.5207,20.5246,20.5271,20.5283,20.5287,20.5287,20.5286,20.5284,20.5284,20.5286,20.5291,20.5297,20.5304,20.5312,20.5319,20.5325,20.5330,20.5333,20.5335,20.5335,20.5334,20.5331,20.5328,20.5325,20.5321,20.5317,20.5312,20.5307,20.5303,20.5298,20.5293,20.5288,20.5284,20.5279,20.5274,20.5269,20.5264,20.5260,20.5255,20.5250,20.5245,20.5241,20.5236,20.5231,20.5227,20.5222,20.5217,20.5212,20.5207,20.5200
45108.0833333,20.1500,20.1337,20.1390,20.1399,20.1183,20.1118,20.0528,19.3952,19.4114,19.4149,19.4184,19.4370,19.4690,19.1042,19.1452,19.2071,19.2888,19.3671,19.4517,19.5703,19.6500,19.6949,19.7519,19.8247,19.9007,19.9686,20.0108,20.0894,20.1004,20.1642,20.2132,20.2376,20.2551,20.2551,20.2613,20.2719,20.2662,20.2680,20.2833,19.9783,19.9826,19.9840,19.9800,19.9781,19.9901,20.0280,20.0563,19.7267,19.7827,19.7989,19.7491,19.7824,19.7945,19.7950,19.8174,19.8637,19.9120,19.9383,19.8961,19.9238,19.9550,19.9808,20.0163,20.0544,20.0925,20.1335,20.1762,20.0904,20.3575,20.4420,20.4597,20.4588,20.4639,20.5004,20.4986,20.4767,20.4688,20.2887,20.2691,20.2166,20.1777,20.1419,20.1289,20.0304,20.0281,20.0048,19.9878,19.9791,19.9711,19.9667,19.9520,19.8588,19.8605,19.8734,19.8919,19.9009,19.9142,19.9163,19.9287,19.9446,19.9633,19.9851,19.2720,19.3006,19.3263,19.3563,19.3899,19.1594,19.2388,19.3460,19.4497,19.5815,19.5512,19.6047,19.6529,19.6844,19.7432,19.8010,19.8495,19.9148,20.0257,20.0911,20.0983,20.1561,20.1918,20.2438,20.2828,20.2768,20.2967,20.3141,20.3319,20.3545,20.3726,20.3838,20.3358,20.3494,20.3647,20.3671,20.3522,20.3690,20.3837,20.3880,20.3974,20.4060,20.3998,20.4198,20.4332,20.4122,20.4114,20.4122,20.4214,20.4574,20.4851,20.5034,20.5055,20.5002,20.4777,20.4746,20.2681,20.2752,20.2649,20.2019,20.0055,19.9991,19.9791,19.9771,19.9844,19.9895,20.0221,20.0535,20.0893,19.7590,19.8087,19.8644,19.9058,19.9360,19.9668,19.9978,20.0290,20.0440,20.0595,20.0765,20.0877,20.0847,20.0961,20.1119,20.1285,20.1445,20.1599,20.1747,20.1888,20.2023,20.2149,20.2267,20.2376,20.2474,20.2562,20.2640,20.2707,20.2764,20.2811,20.2849,20.2879,20.2902,20.2919,20.2932,20.2940,20.2946,20.2949,20.2951,20.2952,20.2951,20.2950,20.2949,20.2947,20.2945,20.2942,20.2938,20.2934,20.2929,20.2924,20.2918,20.2911,20.2905,20.2897,20.2890,20.2882,20.2874,20.2866,20.2858,20.2849,20.2841,20.2832,20.2824,20.2815,20.2805
45108.1250000,19.8410,19.8257,19.8311,19.8329,19.8131,19.8077,19.7521,19.1063,19.1234,19.1270,19.1311,19.1502,19.1814,18.7832,18.8181,18.8646,18.9142,18.9484,18.9935,19.0548,19.0921,19.1072,19.1324,19.1766,19.2301,19.2863,19.3275,19.4117,19.4582,19.5620,19.6740,19.7522,19.8356,19.8804,19.9202,19.9559,19.9699,19.9875,20.0119,19.7188,19.7283,19.7332,19.7317,19.7312,19.7374,19.7660,19.7856,19.4562,19.4971,19.5075,19.4518,19.4719,19.4711,19.4630,19.4779,19.5098,19.5449,19.5632,19.5149,19.5344,19.5577,19.5765,19.6056,19.6385,19.6732,19.7138,19.7647,19.7033,20.0304,20.1437,20.1778,20.1905,20.2091,20.2746,20.2776,20.2675,20.2720,20.1017,20.0876,20.0385,20.0030,19.9711,19.9609,19.8636,19.8635,19.8431,19.8285,19.8213,19.8139,19.8089,19.7897,19.6911,19.6840,19.6870,19.6960,19.6928,19.6938,19.6890,19.6901,19.6934,19.6969,19.6998,19.0126,19.0262,19.0373,19.0534,19.0739,18.8346,18.8917,18.9591,19.0231,19.1055,19.0601,19.0937,19.1214,19.1378,19.1731,19.2107,19.2422,19.2903,19.3801,19.4425,19.4584,19.5362,19.6052,19.7170,19.8121,19.8480,19.9011,19.9439,19.9838,20.0299,20.0675,20.0942,20.0625,20.0914,20.1179,20.1303,20.1222,20.1454,20.1651,20.1736,20.1863,20.1980,20.1946,20.2165,20.2314,20.2117,20.2117,20.2131,20.2231,20.2605,20.2910,20.3131,20.3169,20.3135,20.2938,20.2927,20.0822,20.0920,20.0833,20.0198,19.8276,19.8211,19.8009,19.7977,19.8031,19.8052,19.8295,19.8505,19.8749,19.5258,19.5520,19.5833,19.6038,19.6215,19.6404,19.6596,19.6803,19.6900,19.7005,19.7128,19.7201,19.7150,19.7240,19.7370,19.7513,19.7657,19.7803,19.7950,19.8097,19.8246,19.8394,19.8541,19.8687,19.8830,19.8970,19.9107,19.9241,19.9370,19.9495,19.9614,19.9728,19.9837,19.9939,20.0035,20.0124,20.0207,20.0282,20.0350,20.0411,20.0465,20.0513,20.0553,20.0588,20.0616,20.0640,20.0658,20.0673,20.0683,20.0690,20.0695,20.0697,20.0696,20.0695,20.0691,20.0687,20.0682,20.0676,20.0669,20.0661,20.0653,20.0645,20.0636,20.0626,20.0616
45108.1666667,19.4840,19.4765,19.4899,19.4979,19.4866,19.4861,19.4397,18.8092,18.8314,18.8374,18.8436,18.8643,18.8954,18.4719,18.5064,18.5514,18.5988,18.6296,18.6687,18.7193,18.7483,18.7547,18.7670,18.7956,18.8303,18.8608,18.8824,18.9356,18.9468,19.0164,19.1019,19.1726,19.2660,19.3318,19.4002,19.4668,19.5172,19.5738,19.6241,19.3716,19.4024,19.4223,19.4315,19.4407,19.4605,19.5028,19.5279,19.2104,19.2501,19.2595,19.2047,19.2216,19.2170,19.2057,19.2162,19.2391,19.2645,19.2762,19.2226,19.2345,19.2499,19.2611,19.2822,19.3072,19.3339,19.3662,19.4046,19.3385,19.6703,19.7984,19.8449,19.8693,19.8996,19.9884,19.9961,19.9980,20.0147,19.8569,19.8496,19.8067,19.7769,19.7506,19.7443,19.6501,19.6532,19.6368,19.6273,19.6241,19.6210,19.6187,19.6035,19.5102,19.5061,19.5115,19.5208,19.5182,19.5191,19.5136,19.5137,19.5152,19.5162,19.5160,18.8234,18.8324,18.8374,18.8463,18.8581,18.6115,18.6492,18.6898,18.7292,18.7855,18.7328,18.7557,18.7731,18.7811,18.8035,18.8293,18.8490,18.8815,18.9417,18.9841,18.9810,19.0345,19.0868,19.1790,19.2665,19.3084,19.3684,19.4192,19.4708,19.5347,19.5932,19.6419,19.6413,19.7037,19.7589,19.8005,19.8124,19.8554,19.8911,19.9125,19.9349,19.9555,19.9604,19.9885,20.0089,19.9941,19.9978,20.0022,20.0160,20.0576,20.0914,20.1164,20.1212,20.1195,20.1021,20.1023,19.8868,19.8978,19.8908,19.8268,19.6394,19.6337,19.6142,19.6110,19.6168,19.6188,19.6428,19.6632,19.6859,19.3270,19.3479,19.3720,19.3851,19.3974,19.4101,19.4225,19.4359,19.4412,19.4470,19.4543,19.4566,19.4478,19.4525,19.4597,19.4678,19.4762,19.4849,19.4939,19.5031,19.5128,19.5228,19.5330,19.5435,19.5543,19.5652,19.5764,19.5878,19.5992,19.6108,19.6225,19.6342,19.6458,19.6575,19.6690,19.6805,19.6917,19.7028,19.7136,19.7242,19.7344,19.7443,19.7539,19.7630,19.7717,19.7799,19.7877,19.7950,19.8018,19.8080,19.8138,19.8190,19.8237,19.8279,19.8316,19.8348,19.8376,19.8399,19.8418,19.8433,19.8445,19.8453,19.8459,19.8461,19.8459
45108.2083333,19.2460,19.2317,19.2354,19.2374,19.2212,19.2160,19.1637,18.5311,18.5461,18.5486,18.5521,18.5705,18.5999,18.1528,18.1896,18.2372,18.2878,18.3215,18.3605,18.4101,18.4395,18.4454,18.4561,18.4825,18.5141,18.5413,18.5589,18.6037,18.6034,18.6546,18.7130,18.7602,18.8206,18.8638,18.9159,18.9711,19.0189,19.0795,19.1353,18.9172,18.9634,18.9968,19.0176,19.0405,19.0907,19.1695,19.2153,18.9241,18.9766,18.9901,18.9428,18.9663,18.9677,18.9601,18.9714,18.9959,19.0210,19.0318,18.9785,18.9880,19.0003,19.0080,19.0248,19.0448,19.0660,19.0918,19.1179,19.0389,19.3335,19.4544,19.5019,19.5301,19.5653,19.6654,19.6761,19.6869,19.7128,19.5673,19.5662,19.5298,19.5061,19.4858,19.4839,19.3941,19.4011,19.3896,19.3862,19.3880,19.3905,19.3920,19.3826,19.2972,19.2984,19.3091,19.3214,19.3223,19.3259,19.3214,19.3231,19.3262,19.3288,19.3305,18.6413,18.6493,18.6532,18.6606,18.6702,18.4247,18.4566,18.4861,18.5138,18.5553,18.4977,18.5132,18.5230,18.5248,18.5383,18.5556,18.5668,18.5892,18.6323,18.6623,18.6478,18.6852,18.7214,18.7865,18.8493,18.8766,18.9226,18.9610,19.0024,19.0557,19.1071,19.1528,19.1585,19.2272,19.2926,19.3519,19.3796,19.4425,19.4982,19.5392,19.5784,19.6169,19.6398,19.6836,19.7188,19.7152,19.7288,19.7414,19.7671,19.8238,19.8694,19.9032,19.9110,19.9124,19.8989,19.9012,19.6837,19.6972,19.6924,19.6290,19.4469,19.4421,19.4236,19.4209,19.4277,19.4304,19.4556,19.4767,19.4994,19.1354,19.1546,19.1767,19.1880,19.1986,19.2094,19.2195,19.2304,19.2343,19.2383,19.2436,19.2440,19.2336,19.2363,19.2409,19.2463,19.2517,19.2573,19.2630,19.2688,19.2748,19.2811,19.2874,19.2940,19.3007,19.3075,19.3145,19.3217,19.3291,19.3367,19.3444,19.3523,19.3603,19.3686,19.3770,19.3855,19.3942,19.4030,19.4120,19.4210,19.4301,19.4392,19.4484,19.4576,19.4668,19.4759,19.4849,19.4939,19.5027,19.5113,19.5198,19.5281,19.5361,19.5439,19.5514,19.5586,19.5655,19.5721,19.5782,19.5841,19.5895,19.5946,19.5992,19.6031,19.6058
45108.2500000,19.0320,19.0293,19.0438,19.0537,19.0576,19.0580,19.0106,18.3666,18.3791,18.3807,18.3813,18.3917,18.4056,17.9258,17.9521,17.9891,18.0341,18.0633,18.0950,18.1358,18.1756,18.1804,18.1855,18.2126,18.2447,18.2879,18.3048,18.3371,18.3398,18.3798,18.4330,18.4773,18.5279,18.5596,18.5997,18.6368,18.6761,18.7243,18.7636,18.5636,18.6057,18.6386,18.6570,18.6824,18.7466,18.8269,18.8794,18.6184,18.6739,18.6936,18.6604,18.6973,18.7135,18.7193,18.7305,18.7667,18.7987,18.8196,18.7847,18.8005,18.8161,18.8237,18.8368,18.8517,18.8677,18.8873,18.9113,18.8249,19.0529,19.1578,19.2085,19.2440,19.2813,19.3645,19.3797,19.4016,19.4340,19.3082,19.3192,19.3006,19.2942,19.2847,19.2871,19.1990,19.2036,19.1897,19.1903,19.1907,19.1962,19.1987,19.2001,19.1244,19.1309,19.1404,19.1477,19.1485,19.1560,19.1593,19.1646,19.1689,19.1729,19.1798,18.4996,18.5091,18.5181,18.5282,18.5364,18.2919,18.3095,18.3348,18.3516,18.3827,18.3295,18.3438,18.3537,18.3535,18.3620,18.3795,18.3885,18.4049,18.4271,18.4508,18.4268,18.4551,18.4866,18.5350,18.5793,18.5994,18.6310,18.6514,18.6791,18.7155,18.7535,18.7907,18.7963,18.8518,18.9042,18.9578,18.9797,19.0352,19.0868,19.1339,19.1775,19.2227,19.2593,19.3063,19.3506,19.3660,19.3944,19.4192,19.4594,19.5321,19.5991,19.6542,19.6715,19.6845,19.6840,19.6941,19.4828,19.5018,19.5096,19.4563,19.2861,19.2897,19.2791,19.2791,19.2864,19.2861,19.3046,19.3199,19.3355,18.9683,18.9889,19.0131,19.0261,19.0393,19.0500,19.0603,19.0707,19.0802,19.0870,19.0924,19.0927,19.0850,19.0879,19.0931,19.0982,19.1032,19.1080,19.1128,19.1175,19.1223,19.1270,19.1318,19.1367,19.1417,19.1467,19.1518,19.1570,19.1623,19.1677,19.1731,19.1787,19.1844,19.1901,19.1960,19.2019,19.2080,19.2142,19.2204,19.2268,19.2332,19.2398,19.2465,19.2533,19.2601,19.2671,19.2741,19.2813,19.2885,19.2957,19.3031,19.3104,19.3178,19.3252,19.3326,19.3400,19.3474,19.3547,19.3619,19.3690,19.3761,19.3829,19.3896,19.3957,19.4004
45108.2916667,18.8890,18.8959,18.9222,18.9428,18.9734,18.9874,18.9590,18.3188,18.3502,18.3623,18.3715,18.3893,18.4001,17.8960,17.9151,17.9422,17.9832,18.0046,18.0228,18.0410,18.0816,18.0791,18.0718,18.0949,18.1231,18.1845,18.2017,18.2198,18.2266,18.2531,18.3015,18.3464,18.3987,18.4302,18.4672,18.4951,18.5398,18.5911,18.6220,18.4392,18.4815,18.5173,18.5332,18.5592,18.6222,18.6835,18.7241,18.4703,18.5083,18.5262,18.4993,18.5414,18.5669,18.5837,18.5919,18.6390,18.6771,18.7112,18.7034,18.7351,18.7640,18.7802,18.7951,18.8088,18.8234,18.8357,18.8556,18.7566,18.8818,18.9582,19.0117,19.0608,19.1069,19.1699,19.1884,19.2248,19.2669,19.1654,19.1959,19.2023,19.2228,19.2351,19.2515,19.1719,19.1807,19.1713,19.1822,19.1858,19.1969,19.2016,19.2139,19.1458,19.1566,19.1639,19.1640,19.1606,19.1671,19.1751,19.1820,19.1867,19.1905,19.1995,18.4892,18.5036,18.5228,18.5415,18.5527,18.3082,18.3108,18.3273,18.3263,18.3381,18.2864,18.2978,18.3088,18.3079,18.3140,18.3364,18.3483,18.3649,18.3713,18.3936,18.3635,18.3864,18.4188,18.4656,18.5033,18.5242,18.5464,18.5517,18.5673,18.5871,18.6104,18.6380,18.6427,18.6860,18.7240,18.7689,18.7798,18.8164,18.8492,18.8898,18.9250,18.9605,18.9946,19.0281,19.0636,19.0878,19.1234,19.1541,19.1986,19.2679,19.3421,19.4116,19.4374,19.4628,19.4780,19.4988,19.3029,19.3352,19.3644,19.3314,19.1821,19.2034,19.2080,19.2194,19.2392,19.2472,19.2700,19.2830,19.2897,18.9113,18.9295,18.9546,18.9691,18.9861,18.9981,19.0108,19.0233,19.0418,19.0549,19.0640,19.0679,19.0664,19.0723,19.0839,19.0949,19.1055,19.1156,19.1252,19.1344,19.1431,19.1512,19.1590,19.1665,19.1736,19.1804,19.1869,19.1932,19.1992,19.2051,19.2109,19.2165,19.2221,19.2276,19.2330,19.2385,19.2439,19.2494,19.2549,19.2604,19.2659,19.2715,19.2772,19.2829,19.2886,19.2944,19.3003,19.3062,19.3122,19.3182,19.3243,19.3305,19.3367,19.3429,19.3493,19.3556,19.3620,19.3685,19.3750,19.3815,19.3880,19.3946,19.4011,19.4072,19.4122
45108.3333333,18.9370,18.9399,18.9749,18.9914,19.0337,19.0572,19.0239,18.3689,18.4119,18.4324,18.4514,18.4754,18.4830,17.9874,17.9992,18.0349,18.0848,18.1095,18.1223,18.1290,18.1811,18.1653,18.1350,18.1524,18.1766,18.2571,18.2728,18.2664,18.2728,18.2831,18.3251,18.3702,18.4228,18.4527,18.4919,18.5087,18.5564,18.6143,18.6400,18.4777,18.5178,18.5664,18.5764,18.6004,18.6752,18.7199,18.7402,18.4766,18.4933,18.5152,18.4956,18.5431,18.5749,18.5994,18.5989,18.6520,18.6929,18.7374,18.7511,18.7925,18.8291,18.8492,18.8557,18.8620,18.8793,18.8844,18.9208,18.8212,18.8361,18.8797,18.9369,18.9982,19.0495,19.0843,19.1079,19.1592,19.2126,19.1342,19.1851,19.2204,19.2690,19.3019,19.3305,19.2571,19.2633,19.2583,19.2755,19.2720,19.2825,19.2872,19.3216,19.2692,19.2961,19.3127,19.3118,19.3131,19.3285,19.3480,19.3613,19.3681,19.3742,19.3934,18.6464,18.6621,18.6881,18.7112,18.7211,18.4694,18.4513,18.4589,18.4397,18.4329,18.3840,18.3962,18.4089,18.4067,18.4083,18.4350,18.4488,18.4641,18.4491,18.4699,18.4320,18.4546,18.4973,18.5455,18.5803,18.6073,18.6260,18.6191,18.6259,18.6331,18.6464,18.6688,18.6768,18.7109,18.7362,18.7741,18.7737,18.7955,18.8099,18.8407,18.8645,18.8906,18.9216,18.9293,18.9491,18.9808,19.0147,19.0421,19.0745,19.1165,19.1759,19.2414,19.2697,19.2985,19.3199,19.3441,19.1635,19.2002,19.2551,19.2456,19.1161,19.1558,19.1774,19.2010,19.2341,19.2511,19.2835,19.3019,19.3072,18.9346,18.9602,18.9935,19.0145,19.0382,19.0531,19.0694,19.0846,19.1140,19.1344,19.1473,19.1552,19.1608,19.1713,19.1891,19.2056,19.2216,19.2371,19.2520,19.2664,19.2802,19.2935,19.3063,19.3187,19.3308,19.3425,19.3538,19.3648,19.3754,19.3857,19.3957,19.4053,19.4146,19.4235,19.4322,19.4405,19.4486,19.4564,19.4640,19.4713,19.4784,19.4854,19.4921,19.4988,19.5053,19.5117,19.5180,19.5243,19.5305,19.5367,19.5428,19.5489,19.5550,19.5611,19.5673,19.5734,19.5795,19.5857,19.5918,19.5980,19.6042,19.6104,19.6166,19.6226,19.6276
45108.3750000,19.1270,19.1282,19.1827,19.2002,19.3014,19.3397,19.3005,18.6437,18.6977,18.7253,18.7500,18.7740,18.7676,18.3139,18.3108,18.3372,18.3863,18.4087,18.4119,18.4031,18.4810,18.4732,18.4257,18.4432,18.4673,18.5765,18.5914,18.5503,18.5544,18.5401,18.5710,18.6148,18.6653,18.6921,18.7373,18.7528,18.8161,18.8834,18.8984,18.7538,18.8267,18.8794,18.8707,18.9118,18.9958,19.0214,19.0364,18.7403,18.7399,18.7586,18.7390,18.7837,18.8149,18.8446,18.8361,18.8905,18.9285,18.9839,19.0217,19.0735,19.1173,19.1399,19.1577,19.1356,19.1440,19.1193,19.1546,19.0478,18.9374,18.9463,19.0117,19.0929,19.1549,19.1525,19.1827,19.2550,19.3218,19.2719,19.3504,19.4233,19.5092,19.5695,19.6147,19.5484,19.5486,19.5513,19.5876,19.5767,19.5884,19.6091,19.6733,19.6447,19.6875,19.7056,19.6940,19.6926,19.7121,19.7434,19.7620,19.7698,19.7767,19.8039,19.0048,19.0250,19.0638,19.0966,19.1081,18.8452,18.8012,18.7954,18.7494,18.7154,18.6683,18.6804,18.6966,18.6942,18.6921,18.7271,18.7452,18.7607,18.7244,18.7434,18.6943,18.7139,18.7673,18.8190,18.8521,18.8885,18.9030,18.8817,18.8795,18.8738,18.8780,18.8981,18.9158,18.9458,18.9620,18.9986,18.9888,18.9959,18.9953,19.0230,19.0384,19.0544,19.0826,19.0650,19.0670,19.1090,19.1447,19.1711,19.1906,19.1900,19.2152,19.2581,19.2826,19.3096,19.3390,19.3551,19.1794,19.2044,19.2842,19.2985,19.1867,19.2469,19.2877,19.3233,19.3674,19.3891,19.4217,19.4364,19.4311,19.0634,19.0965,19.1417,19.1735,19.2087,19.2303,19.2547,19.2770,19.3238,19.3567,19.3775,19.3931,19.4102,19.4283,19.4570,19.4835,19.5089,19.5334,19.5570,19.5797,19.6012,19.6217,19.6415,19.6606,19.6790,19.6968,19.7140,19.7305,19.7466,19.7621,19.7771,19.7917,19.8058,19.8195,19.8328,19.8457,19.8582,19.8704,19.8823,19.8938,19.9050,19.9159,19.9265,19.9368,19.9469,19.9566,19.9661,19.9754,19.9844,19.9932,20.0018,20.0101,20.0183,20.0263,20.0341,20.0418,20.0494,20.0568,20.0641,20.0713,20.0784,20.0855,20.0924,20.0991,20.1051
45108.4166667,19.5550,19.5379,19.6163,19.6938,19.8435,19.9015,19.9200,19.2248,19.2915,19.3277,19.3597,19.3841,19.3599,18.9609,18.9747,18.9857,19.0263,19.0345,19.0167,18.9749,19.0699,19.0537,19.0030,19.0149,19.0325,19.1718,19.1855,19.1358,19.1265,19.0814,19.1018,19.1475,19.1962,19.2181,19.2671,19.2731,19.3498,19.4288,19.4331,19.3080,19.4067,19.4733,19.4380,19.4980,19.6149,19.6405,19.6505,19.3728,19.3300,19.3426,19.3162,19.3506,19.3748,19.4064,19.3828,19.4372,19.4701,19.5368,19.5987,19.6603,19.7101,19.7323,19.7513,19.7677,19.7650,19.7360,19.7226,19.5671,19.2419,19.1959,19.2700,19.3769,19.4540,19.4087,19.4481,19.5494,19.6354,19.6190,19.7329,19.8532,19.9854,20.0798,20.1456,20.0879,20.0727,20.0840,20.1443,20.1405,20.2012,20.2258,20.3180,20.3083,20.3692,20.3916,20.3690,20.3662,20.3907,20.4362,20.4606,20.4689,20.4758,20.5119,19.6466,19.6710,19.7236,19.7665,19.7783,19.4965,19.4180,19.3936,19.3130,19.2448,19.1985,19.2107,19.2309,19.2276,19.2202,19.2650,19.2884,19.3042,19.2378,19.2556,19.1928,19.2108,19.2799,19.3389,19.3719,19.4204,19.4308,19.3919,19.3791,19.3580,19.3520,19.3705,19.4013,19.4286,19.4358,19.4734,19.4542,19.4475,19.4302,19.4549,19.4620,19.4692,19.4991,19.4686,19.4535,19.5102,19.5492,19.5751,19.5793,19.5297,19.5163,19.5328,19.5526,19.5747,19.6156,19.6300,19.4807,19.4872,19.5919,19.6270,19.5253,19.6044,19.6631,19.7073,19.7551,19.7713,19.7862,19.7805,19.7505,19.3747,19.4078,19.4602,19.4993,19.5463,19.5738,19.6063,19.6361,19.7044,19.7527,19.7834,19.8091,19.8407,19.8689,19.9121,19.9519,19.9904,20.0277,20.0637,20.0984,20.1315,20.1634,20.1941,20.2237,20.2523,20.2799,20.3065,20.3322,20.3569,20.3808,20.4039,20.4261,20.4476,20.4684,20.4884,20.5078,20.5266,20.5447,20.5623,20.5793,20.5958,20.6118,20.6274,20.6425,20.6572,20.6714,20.6853,20.6989,20.7120,20.7249,20.7374,20.7496,20.7615,20.7732,20.7846,20.7957,20.8065,20.8171,20.8275,20.8376,20.8476,20.8573,20.8667,20.8759,20.8840
45108.4583333,20.2690,20.3525,20.4395,20.5352,20.7229,20.7885,20.8096,20.0443,20.1306,20.1817,20.2306,20.2704,20.2446,19.8961,19.9281,19.9460,19.9968,20.0042,19.9731,19.9047,20.0257,20.0035,19.9339,19.9416,19.9563,20.1323,20.1469,20.0853,20.0797,20.0038,20.0057,20.0480,20.0859,20.0964,20.1485,20.1437,20.2346,20.3249,20.3149,20.1989,20.3278,20.4088,20.3606,20.4323,20.5718,20.5828,20.5835,20.2864,20.2233,20.2403,20.2205,20.2683,20.3042,20.3482,20.3144,20.3727,20.3991,20.4756,20.5570,20.6258,20.6792,20.6979,20.7153,20.7329,20.7222,20.7166,20.7126,20.5047,19.8699,19.7266,19.7945,19.9205,20.0074,19.9002,19.9490,20.0830,20.1907,20.2095,20.3652,20.5415,20.7270,20.8609,20.9512,20.9031,20.8649,20.8899,21.0026,21.0627,21.1509,21.1861,21.3159,21.3304,21.4152,21.4454,21.4108,21.4058,21.4345,21.4945,21.5240,21.5313,21.5365,21.5821,20.5763,20.6112,20.6853,20.7458,20.7641,20.4659,20.3544,20.3097,20.1890,20.0796,20.0302,20.0414,20.0647,20.0594,20.0450,20.1001,20.1289,20.1448,20.0447,20.0600,19.9793,19.9943,20.0808,20.1474,20.1804,20.2426,20.2495,20.1917,20.1679,20.1304,20.1140,20.1322,20.1787,20.2047,20.2033,20.2421,20.2124,20.1914,20.1567,20.1776,20.1754,20.1729,20.2039,20.1521,20.1202,20.1959,20.2407,20.2684,20.2608,20.1656,20.1141,20.1032,20.1204,20.1951,20.2529,20.2878,20.0976,20.1139,20.2324,20.2751,20.1689,20.2627,20.3372,20.3880,20.4376,20.4465,20.4420,20.4130,20.3537,19.9479,19.9739,20.0264,20.0664,20.1224,20.1526,20.1903,20.2250,20.3155,20.3793,20.4197,20.4557,20.5025,20.5415,20.5999,20.6538,20.7062,20.7572,20.8068,20.8549,20.9013,20.9461,20.9896,21.0318,21.0727,21.1123,21.1506,21.1878,21.2238,21.2586,21.2923,21.3250,21.3566,21.3871,21.4167,21.4453,21.4729,21.4997,21.5256,21.5506,21.5749,21.5983,21.6211,21.6430,21.6643,21.6850,21.7050,21.7244,21.7432,21.7615,21.7792,21.7964,21.8132,21.8295,21.8453,21.8607,21.8758,21.8904,21.9047,21.9186,21.9322,21.9455,21.9584,21.9708,21.9818
45108.5000000,21.0320,21.1308,21.2418,21.3649,21.5982,21.6925,21.7546,20.9776,21.1014,21.1712,21.2379,21.2956,21.2787,20.9511,20.9943,21.0228,21.0891,21.1076,21.0812,21.0130,21.1479,21.1256,21.0522,21.0611,21.0772,21.2700,21.2869,21.2232,21.2148,21.1304,21.1263,21.1668,21.2011,21.2049,21.2554,21.2437,21.3368,21.4305,21.4154,21.2843,21.4275,21.5270,21.5705,21.6472,21.7949,21.7998,21.7872,21.4381,21.3518,21.3623,21.3279,21.3695,21.4009,21.4444,21.4072,21.4728,21.5056,21.5919,21.6842,21.7655,21.8300,21.8555,21.8794,21.9031,21.8938,21.8893,21.8808,21.6342,20.7912,20.5515,20.5856,20.6979,20.7722,20.6085,20.6549,20.7921,20.9037,20.9280,21.1031,21.3069,21.5219,21.6813,21.7924,21.7659,21.8391,21.8749,22.0089,22.0847,22.1902,22.2359,22.3904,22.4199,22.5293,22.5799,22.5566,22.5659,22.6098,22.6810,22.7231,22.7415,22.7577,22.8174,21.6619,21.7045,21.7908,21.8628,21.8891,21.5760,21.4620,21.4117,21.2748,21.1436,21.0796,21.0858,21.1045,21.0943,21.0727,21.1269,21.1537,21.1669,21.0527,21.0632,20.9678,20.9764,21.0655,21.1335,21.1661,21.2315,21.2379,21.1740,21.1455,21.1001,21.0765,21.0906,21.1357,21.1595,21.1537,21.1914,21.1548,21.1269,21.0829,21.0986,21.0896,21.0791,21.1047,21.0409,20.9970,21.0733,21.1167,21.1425,21.1270,21.0076,20.9298,20.8951,20.9055,20.9888,21.0627,21.1229,20.9919,21.0195,21.1519,21.2006,21.0831,21.1843,21.2635,21.3165,21.3636,21.3643,21.3374,21.2825,21.1981,20.7484,20.7542,20.7930,20.8222,20.8761,20.9033,20.9396,20.9741,21.0722,21.1419,21.1868,21.2275,21.2807,21.3259,21.3938,21.4577,21.5207,21.5827,21.6437,21.7036,21.7619,21.8189,21.8747,21.9292,21.9825,22.0344,22.0850,22.1344,22.1824,22.2292,22.2747,22.3189,22.3618,22.4036,22.4442,22.4836,22.5218,22.5590,22.5950,22.6300,22.6640,22.6969,22.7288,22.7598,22.7899,22.8190,22.8473,22.8747,22.9013,22.9271,22.9521,22.9764,22.9999,23.0228,23.0450,23.0665,23.0874,23.1077,23.1275,23.1466,23.1653,23.1834,23.2009,23.2176,23.2319
45108.5416667,21.7950,21.8934,22.0070,22.1335,22.3740,22.4741,22.5427,21.7423,21.8854,21.9674,22.0487,22.1282,22.1364,21.8672,21.9382,21.9984,22.0968,22.1393,22.1294,22.0777,22.2210,22.2019,22.1327,22.1465,22.1678,22.3674,22.3878,22.3320,22.3242,22.2471,22.2480,22.2900,22.3260,22.3279,22.3762,22.3623,22.4525,22.5452,22.5304,22.3745,22.5175,22.6180,22.6621,22.7414,22.9082,22.9389,22.9419,22.5619,22.4899,22.5031,22.4620,22.5067,22.5358,22.5741,22.5363,22.5975,22.6255,22.7079,22.7897,22.8709,22.9369,22.9643,22.9915,23.0194,23.0160,23.0179,23.0202,22.7639,21.8515,21.5548,21.5541,21.6390,21.6874,21.4661,21.5032,21.6200,21.7132,21.7163,21.8872,22.0912,22.3086,22.4696,22.5835,22.5595,22.6383,22.6790,22.8252,22.9145,23.0380,23.1013,23.2839,23.3342,23.4740,23.5546,23.5559,23.5868,23.6486,23.7284,23.7840,23.8161,23.8470,23.9237,22.6350,22.6929,22.7951,22.8833,22.9253,22.6133,22.5220,22.4888,22.3627,22.2380,22.1625,22.1686,22.1853,22.1729,22.1494,22.2006,22.2236,22.2333,22.1158,22.1205,22.0130,22.0139,22.0963,22.1571,22.1841,22.2433,22.2472,22.1820,22.1518,22.1041,22.0774,22.0882,22.1244,22.1452,22.1369,22.1707,22.1289,22.0977,22.0500,22.0615,22.0493,22.0348,22.0548,21.9875,21.9384,22.0081,22.0473,22.0697,22.0483,21.9183,21.8263,21.7764,21.7807,21.8592,21.9263,21.9848,21.8513,21.8799,22.0157,22.0646,21.9329,22.0388,22.1218,22.1812,22.2380,22.2484,22.2348,22.1872,22.1071,21.6289,21.6270,21.6556,21.6735,21.7207,21.7419,21.7714,21.7998,21.8943,21.9608,22.0032,22.0412,22.0915,22.1359,22.2031,22.2669,22.3305,22.3938,22.4568,22.5194,22.5813,22.6424,22.7031,22.7632,22.8226,22.8814,22.9394,22.9966,23.0530,23.1086,23.1632,23.2170,23.2697,23.3215,23.3722,23.4219,23.4706,23.5181,23.5646,23.6100,23.6543,23.6976,23.7397,23.7808,23.8208,23.8597,23.8976,23.9346,23.9705,24.0054,24.0393,24.0724,24.1045,24.1357,24.1660,24.1955,24.2242,24.2521,24.2791,24.3055,24.3310,24.3558,24.3798,24.4023,24.4210
45108.5833333,22.1780,22.2648,22.3816,22.5002,22.7209,22.8248,22.9070,22.1296,22.3026,22.4000,22.4989,22.6072,22.6577,22.4760,22.5632,22.6501,22.7732,22.8425,22.8635,22.8548,22.9878,22.9790,22.9321,22.9569,22.9893,23.1707,23.1974,23.1715,23.1687,23.1271,23.1434,23.1838,23.2243,23.2292,23.2704,23.2621,23.3378,23.4231,23.4236,23.2141,23.3383,23.4318,23.4724,23.5471,23.7178,23.7917,23.8200,23.4036,23.3708,23.3858,23.3337,23.3824,23.4113,23.4422,23.4194,23.4841,23.5202,23.5933,23.6463,23.7231,23.7884,23.8200,23.8501,23.8777,23.8845,23.8914,23.9071,23.6590,22.8625,22.5611,22.5208,22.5592,22.5733,22.3435,22.3623,22.4308,22.4886,22.4348,22.5690,22.7274,22.9059,23.0396,23.1405,23.1083,23.1798,23.2223,23.3578,23.4448,23.5627,23.6341,23.8096,23.8517,23.9988,24.1001,24.1352,24.1884,24.2651,24.3425,24.4103,24.4613,24.5141,24.6095,23.2140,23.2925,23.4081,23.5139,23.5813,23.2874,23.2672,23.2856,23.2147,23.1372,23.0492,23.0582,23.0718,23.0605,23.0436,23.0862,23.1039,23.1145,23.0292,23.0337,22.9288,22.9265,22.9887,23.0380,23.0599,23.0994,23.1034,23.0521,23.0276,22.9877,22.9619,22.9645,22.9701,22.9842,22.9765,23.0014,22.9595,22.9336,22.8928,22.8992,22.8882,22.8739,22.8826,22.8258,22.7808,22.8237,22.8519,22.8678,22.8489,22.7412,22.6564,22.6017,22.5982,22.6506,22.6909,22.7329,22.5690,22.5944,22.7075,22.7363,22.5775,22.6701,22.7402,22.7982,22.8616,22.8872,22.9057,22.8888,22.8414,22.3464,22.3555,22.3879,22.4062,22.4471,22.4681,22.4948,22.5210,22.5988,22.6547,22.6919,22.7237,22.7623,22.8013,22.8612,22.9193,22.9779,23.0367,23.0959,23.1551,23.2141,23.2729,23.3316,23.3904,23.4489,23.5073,23.5655,23.6234,23.6809,23.7381,23.7950,23.8514,23.9073,23.9628,24.0177,24.0721,24.1259,24.1791,24.2316,24.2835,24.3346,24.3850,24.4346,24.4835,24.5315,24.5786,24.6249,24.6704,24.7149,24.7585,24.8013,24.8431,24.8840,24.9240,24.9630,25.0012,25.0384,25.0748,25.1102,25.1448,25.1785,25.2112,25.2428,25.2723,25.2960
45108.6250000,22.6330,22.7269,22.8419,22.9628,23.1847,23.2815,23.3398,22.5017,22.6452,22.7296,22.8153,22.9080,22.9459,22.8398,22.9407,23.0479,23.2008,23.2995,23.3428,23.3622,23.5258,23.5327,23.5001,23.5424,23.5913,23.7931,23.8267,23.7208,23.7507,23.7433,23.8020,23.8728,23.9389,23.9579,24.0113,24.0097,24.0904,24.1757,24.1735,23.9312,24.0568,24.1472,24.1860,24.2576,24.4240,24.4823,24.5086,24.0663,24.0412,24.0645,24.0172,24.0770,24.1142,24.1514,24.1321,24.2043,24.2459,24.3246,24.3762,24.4522,24.5155,24.5434,24.5718,24.5988,24.6033,24.6116,24.6281,24.3866,23.7049,23.4518,23.4274,23.4683,23.4755,23.2154,23.2316,23.2847,23.3184,23.2362,23.3552,23.5021,23.6676,23.7820,23.8646,23.8082,23.8632,23.8765,23.9820,24.0423,24.1348,24.1825,24.3358,24.3535,24.4816,24.5614,24.5783,24.6218,24.6956,24.7801,24.8497,24.9019,24.9577,25.0630,23.5790,23.6715,23.8041,23.9258,24.0069,23.7194,23.7199,23.7861,23.7576,23.7308,23.6634,23.6952,23.7312,23.7348,23.7368,23.7980,23.8296,23.8525,23.7790,23.7939,23.6923,23.6989,23.7685,23.8195,23.8395,23.8758,23.8761,23.8206,23.7951,23.7552,23.7316,23.7376,23.7423,23.7532,23.7413,23.7599,23.7114,23.6807,23.6369,23.6419,23.6303,23.6161,23.6253,23.5693,23.5260,23.5722,23.6004,23.6150,23.5906,23.4764,23.3916,23.3399,23.3385,23.3553,23.4178,23.4699,23.2890,23.3056,23.4123,23.4269,23.2451,23.3310,23.3959,23.4451,23.4927,23.5004,23.4957,23.4654,23.4137,22.8934,22.9173,22.9654,22.9961,23.0464,23.0746,23.1078,23.1393,23.2222,23.2812,23.3200,23.3526,23.3913,23.4303,23.4880,23.5424,23.5965,23.6502,23.7036,23.7568,23.8096,23.8621,23.9147,23.9674,24.0203,24.0733,24.1265,24.1799,24.2335,24.2872,24.3411,24.3950,24.4490,24.5029,24.5568,24.6106,24.6642,24.7176,24.7709,24.8238,24.8764,24.9287,24.9806,25.0321,25.0832,25.1338,25.1839,25.2335,25.2826,25.3311,25.3790,25.4263,25.4729,25.5189,25.5642,25.6088,25.6528,25.6960,25.7384,25.7801,25.8210,25.8610,25.8999,25.9363,25.9654
45108.6666667,23.3040,23.3127,23.3496,23.4012,23.5281,23.5832,23.5916,22.7379,22.8548,22.9237,22.9973,23.0888,23.1479,23.0778,23.1676,23.2715,23.4110,23.5050,23.5629,23.6109,23.7398,23.7526,23.7443,23.7957,23.8565,24.0303,24.0775,24.0439,24.0672,24.0914,24.1566,24.2233,24.3052,24.3444,24.4064,24.4329,24.5118,24.6045,24.6364,24.3620,24.4641,24.5458,24.5817,24.6468,24.8067,24.9140,24.9657,24.5049,24.5156,24.5342,24.4673,24.5180,24.5436,24.5647,24.5627,24.6339,24.6859,24.7523,24.7711,24.8455,24.9138,24.9551,24.9961,25.0325,25.0584,25.0804,25.1150,24.8967,24.3976,24.1770,24.1266,24.1309,24.1242,23.9409,23.9434,23.9580,23.9742,23.8322,23.9099,23.9963,24.1080,24.1885,24.2573,24.1989,24.2479,24.2711,24.3643,24.4241,24.5072,24.5627,24.6887,24.6761,24.7882,24.8704,24.9112,24.9558,25.0192,25.0801,25.1385,25.1872,25.2387,25.3189,23.8753,23.9402,24.0347,24.1275,24.1976,23.9152,23.9553,24.0377,24.0517,24.0676,23.9864,24.0191,24.0510,24.0583,24.0744,24.1308,24.1657,24.2047,24.2021,24.2375,24.1670,24.1952,24.2590,24.3270,24.3676,24.3948,24.4104,24.3868,24.3789,24.3601,24.3452,24.3450,24.3134,24.3206,24.3151,24.3256,24.2827,24.2646,24.2348,24.2339,24.2250,24.2119,24.2059,24.1673,24.1321,24.1417,24.1554,24.1629,24.1476,24.0767,24.0123,23.9624,23.9532,23.9654,23.9442,23.9158,23.6830,23.6973,23.7752,23.7743,23.5706,23.6404,23.6892,23.7394,23.8021,23.8378,23.8842,23.8976,23.8870,23.3948,23.4021,23.4281,23.4400,23.4720,23.4928,23.5180,23.5449,23.6044,23.6496,23.6831,23.7105,23.7369,23.7714,23.8247,23.8781,23.9323,23.9872,24.0425,24.0980,24.1533,24.2083,24.2632,24.3178,24.3721,24.4260,24.4794,24.5324,24.5850,24.6371,24.6889,24.7404,24.7915,24.8424,24.8931,24.9436,24.9940,25.0442,25.0944,25.1446,25.1946,25.2447,25.2946,25.3445,25.3942,25.4439,25.4934,25.5428,25.5920,25.6410,25.6897,25.7381,25.7863,25.8341,25.8816,25.9286,25.9753,26.0215,26.0673,26.1126,26.1574,26.2015,26.2445,26.2849,26.3166
45108.7083333,23.5210,23.5139,23.5405,23.5704,23.6482,23.6825,23.6595,22.8030,22.8797,22.9222,22.9664,23.0271,23.0719,23.0118,23.0725,23.1579,23.2774,23.3629,23.4298,23.4994,23.6030,23.6166,23.6201,23.6709,23.7306,23.8651,23.9082,23.9202,23.9409,23.9968,24.0836,24.1577,24.2497,24.2978,24.3579,24.3951,24.4624,24.5472,24.5959,24.2975,24.3821,24.4539,24.4865,24.5444,24.6985,24.8358,24.9131,24.4556,24.5140,24.5410,24.4768,24.5352,24.5627,24.5774,24.5887,24.6546,24.7063,24.7578,24.7424,24.8009,24.8576,24.8948,24.9340,24.9692,25.0046,25.0372,25.0963,24.9360,24.7588,24.6303,24.5785,24.5537,24.5252,24.3793,24.3714,24.3473,24.3337,24.1371,24.1696,24.1973,24.2526,24.2866,24.3245,24.2433,24.2689,24.2716,24.3250,24.3587,24.4115,24.4527,24.5422,24.5004,24.5921,24.6682,24.7211,24.7715,24.8361,24.8885,24.9471,25.0016,25.0604,25.1426,23.7453,23.8163,23.9040,23.9908,24.0624,23.7804,23.8550,23.9531,24.0016,24.0566,23.9727,24.0081,24.0380,24.0472,24.0699,24.1174,24.1468,24.1850,24.2135,24.2536,24.1992,24.2387,24.2989,24.3797,24.4400,24.4675,24.4997,24.5054,24.5203,24.5322,24.5420,24.5548,24.5140,24.5312,24.5390,24.5485,24.5128,24.5074,24.4932,24.4935,24.4918,24.4862,24.4735,24.4348,24.4138,24.4030,24.4085,24.4118,24.4038,24.3723,24.3383,24.3068,24.2977,24.2704,24.2171,24.1943,23.9546,23.9621,24.0037,23.9730,23.7358,23.7753,23.7966,23.8259,23.8657,23.8867,23.9267,23.9484,23.9618,23.5036,23.5351,23.5769,23.5992,23.6295,23.6530,23.6768,23.7010,23.7405,23.7710,23.7949,23.8114,23.8212,23.8444,23.8801,23.9164,23.9538,23.9923,24.0319,24.0726,24.1141,24.1567,24.2004,24.2451,24.2910,24.3377,24.3854,24.4339,24.4830,24.5328,24.5830,24.6336,24.6844,24.7354,24.7865,24.8376,24.8885,24.9393,24.9900,25.0403,25.0904,25.1403,25.1898,25.2390,25.2879,25.3365,25.3849,25.4330,25.4809,25.5285,25.5759,25.6231,25.6700,25.7168,25.7634,25.8098,25.8560,25.9020,25.9478,25.9934,26.0386,26.0834,26.1274,26.1688,26.2010
45108.7500000,23.4000,23.3843,23.4049,23.4071,23.4506,23.4722,23.4352,22.6124,22.6761,22.7092,22.7439,22.7986,22.8463,22.7981,22.8471,22.9181,23.0097,23.0707,23.1300,23.1982,23.2690,23.2760,23.2735,23.3176,23.3578,23.4550,23.4830,23.5361,23.5623,23.6431,23.7384,23.7883,23.8795,23.9350,24.0003,24.0548,24.1218,24.2064,24.2699,23.9628,24.0303,24.0906,24.1188,24.1677,24.3070,24.4557,24.5459,24.0999,24.1872,24.2189,24.1578,24.2214,24.2532,24.2674,24.2887,24.3608,24.4242,24.4727,24.4417,24.4956,24.5496,24.5878,24.6274,24.6459,24.6882,24.7118,24.7778,24.6584,24.7674,24.7499,24.7239,24.6997,24.6763,24.5974,24.5860,24.5215,24.4800,24.2504,24.2544,24.2399,24.2532,24.2540,24.2700,24.1720,24.1809,24.1680,24.1874,24.1975,24.2208,24.2443,24.2909,24.2107,24.2676,24.3193,24.3648,24.4009,24.4492,24.4861,24.5317,24.5773,24.6282,24.6979,23.3113,23.3811,23.4611,23.5439,23.6197,23.3527,23.4628,23.5887,23.6767,23.7723,23.6931,23.7342,23.7662,23.7798,23.8113,23.8555,23.8844,23.9260,23.9832,24.0285,23.9881,24.0333,24.0847,24.1636,24.2287,24.2506,24.2912,24.3164,24.3464,24.3801,24.4086,24.4331,24.3920,24.4253,24.4532,24.4742,24.4546,24.4714,24.4801,24.4892,24.4994,24.5055,24.4961,24.4911,24.4854,24.4600,24.4594,24.4588,24.4537,24.4477,24.4350,24.4186,24.4117,24.3861,24.3354,24.3145,24.0582,24.0416,24.0510,23.9922,23.7312,23.7474,23.7477,23.7623,23.7880,23.8013,23.8375,23.8613,23.8850,23.4153,23.4473,23.4869,23.5081,23.5338,23.5578,23.5814,23.6064,23.6335,23.6564,23.6767,23.6893,23.6908,23.7090,23.7370,23.7662,23.7961,23.8268,23.8582,23.8903,23.9228,23.9558,23.9895,24.0238,24.0588,24.0945,24.1308,24.1678,24.2056,24.2440,24.2832,24.3231,24.3638,24.4052,24.4473,24.4902,24.5338,24.5780,24.6228,24.6681,24.7140,24.7603,24.8071,24.8541,24.9014,24.9489,24.9965,25.0442,25.0919,25.1395,25.1870,25.2345,25.2817,25.3288,25.3756,25.4222,25.4686,25.5146,25.5605,25.6060,25.6512,25.6959,25.7398,25.7810,25.8129
45108.7916667,23.0160,23.0151,23.0468,23.0653,23.1092,23.1344,23.1036,22.3012,22.3630,22.3927,22.4226,22.4712,22.5163,22.4490,22.4961,22.5662,22.6541,22.7128,22.7730,22.8429,22.9037,22.9052,22.9085,22.9407,22.9809,23.0563,23.0796,23.1254,23.1268,23.1883,23.2738,23.3330,23.4125,23.4699,23.5273,23.5775,23.6330,23.7215,23.7938,23.5052,23.5599,23.6178,23.6471,23.6939,23.8237,23.9686,24.0600,23.6390,23.7320,23.7662,23.7098,23.7751,23.8092,23.8253,23.8521,23.9265,23.9941,24.0429,24.0071,24.0506,24.0961,24.1296,24.1682,24.2030,24.2515,24.2896,24.3617,24.2707,24.5378,24.6039,24.6113,24.6107,24.6101,24.5932,24.5853,24.5387,24.5084,24.2555,24.2361,24.1923,24.1762,24.1535,24.1567,24.0487,24.0442,24.0216,24.0236,24.0190,24.0301,24.0430,24.0642,23.9586,23.9866,24.0095,24.0401,24.0553,24.0866,24.1128,24.1449,24.1776,24.2142,24.2636,22.9196,22.9702,23.0272,23.0869,23.1398,22.8684,22.9637,23.0847,23.1866,23.3020,23.2344,23.2832,23.3232,23.3437,23.3856,23.4366,23.4730,23.5233,23.5963,23.6513,23.6245,23.6807,23.7367,23.8218,23.8931,23.9163,23.9615,23.9934,24.0296,24.0723,24.1100,24.1418,24.0973,24.1345,24.1779,24.2139,24.2095,24.2450,24.2700,24.2934,24.3172,24.3375,24.3398,24.3567,24.3647,24.3376,24.3426,24.3483,24.3560,24.3775,24.3888,24.3907,24.3894,24.3711,24.3278,24.3131,24.0496,24.0394,24.0363,23.9646,23.6950,23.7003,23.6895,23.6941,23.7065,23.7077,23.7264,23.7374,23.7548,23.2670,23.2901,23.3211,23.3360,23.3569,23.3777,23.3980,23.4199,23.4404,23.4582,23.4750,23.4840,23.4807,23.4950,23.5168,23.5396,23.5630,23.5871,23.6118,23.6370,23.6628,23.6890,23.7159,23.7435,23.7717,23.8005,23.8300,23.8601,23.8909,23.9222,23.9542,23.9868,24.0199,24.0537,24.0879,24.1228,24.1582,24.1941,24.2306,24.2676,24.3052,24.3432,24.3818,24.4210,24.4606,24.5007,24.5414,24.5825,24.6241,24.6662,24.7086,24.7514,24.7946,24.8381,24.8819,24.9259,24.9701,25.0145,25.0589,25.1034,25.1479,25.1922,25.2358,25.2769,25.3087
45108.8333333,22.4650,22.4703,22.5124,22.5411,22.5778,22.6029,22.5775,21.8078,21.8742,21.9068,21.9413,21.9988,22.0645,22.0025,22.0606,22.1377,22.2235,22.2802,22.3421,22.4170,22.4673,22.4730,22.4831,22.5198,22.5643,22.6213,22.6474,22.7029,22.6973,22.7638,22.8359,22.8915,22.9596,23.0005,23.0496,23.0971,23.1434,23.2072,23.2682,22.9742,23.0288,23.0785,23.1059,23.1483,23.2684,23.4149,23.5091,23.1099,23.2116,23.2465,23.1928,23.2572,23.2912,23.3072,23.3415,23.4150,23.4838,23.5288,23.4878,23.5357,23.5860,23.6251,23.6703,23.7131,23.7615,23.8089,23.8790,23.8021,24.1739,24.2911,24.3202,24.3275,24.3411,24.3923,24.3939,24.3690,24.3636,24.1199,24.1052,24.0567,24.0326,24.0038,23.9997,23.8846,23.8816,23.8547,23.8435,23.8337,23.8297,23.8321,23.8312,23.7086,23.7214,23.7371,23.7598,23.7669,23.7846,23.7974,23.8164,23.8369,23.8598,23.8913,22.5122,22.5536,22.5970,22.6451,22.6936,22.4263,22.5150,22.6120,22.6958,22.7995,22.7279,22.7705,22.8043,22.8221,22.8622,22.9092,22.9445,22.9972,23.0868,23.1482,23.1349,23.2016,23.2627,23.3591,23.4423,23.4703,23.5243,23.5676,23.6132,23.6676,23.7150,23.7531,23.7197,23.7683,23.8147,23.8492,23.8489,23.8924,23.9304,23.9588,23.9904,24.0209,24.0317,24.0693,24.0975,24.0793,24.0898,24.1007,24.1214,24.1711,24.2065,24.2275,24.2318,24.2212,24.1867,24.1795,23.9072,23.9110,23.9042,23.8238,23.5519,23.5501,23.5316,23.5323,23.5424,23.5444,23.5669,23.5823,23.6049,23.0975,23.1131,23.1333,23.1386,23.1512,23.1659,23.1793,23.1951,23.2053,23.2152,23.2264,23.2301,23.2200,23.2292,23.2438,23.2599,23.2770,23.2950,23.3137,23.3331,23.3531,23.3738,23.3951,23.4171,23.4397,23.4628,23.4866,23.5110,23.5359,23.5613,23.5873,23.6139,23.6410,23.6686,23.6967,23.7254,23.7545,23.7842,23.8145,23.8452,23.8765,23.9082,23.9404,23.9732,24.0064,24.0401,24.0742,24.1088,24.1438,24.1793,24.2152,24.2515,24.2883,24.3254,24.3629,24.4008,24.4391,24.4777,24.5167,24.5560,24.5955,24.6352,24.6746,24.7119,24.7408
45108.8750000,21.9150,21.9094,21.9353,21.9523,21.9594,21.9711,21.9312,21.1907,21.2441,21.2693,21.2980,21.3537,21.4279,21.3503,21.4226,21.5156,21.6137,21.6848,21.7610,21.8558,21.9023,21.9166,21.9410,21.9832,22.0320,22.0713,22.0981,22.1684,22.1650,22.2444,22.3210,22.3744,22.4373,22.4754,22.5203,22.5705,22.6042,22.6539,22.7123,22.4040,22.4457,22.4813,22.5029,22.5332,22.6276,22.7631,22.8539,22.4705,22.5826,22.6175,22.5658,22.6289,22.6612,22.6737,22.7134,22.7874,22.8615,22.9031,22.8529,22.8962,22.9443,22.9856,23.0385,23.0935,23.1524,23.2144,23.2912,23.2290,23.7012,23.8558,23.8929,23.9010,23.9226,24.0266,24.0307,24.0100,24.0137,23.7677,23.7454,23.6802,23.6378,23.5982,23.5893,23.4732,23.4759,23.4563,23.4470,23.4460,23.4463,23.4523,23.4427,23.3176,23.3262,23.3463,23.3757,23.3852,23.3984,23.3995,23.4111,23.4261,23.4422,23.4570,22.1343,22.1539,22.1688,22.1911,22.2204,21.9416,22.0251,22.1072,22.1894,22.2911,22.2133,22.2484,22.2724,22.2844,22.3177,22.3505,22.3749,22.4181,22.5085,22.5627,22.5511,22.6133,22.6655,22.7591,22.8470,22.8753,22.9366,22.9922,23.0475,23.1157,23.1753,23.2217,23.1928,23.2534,23.3138,23.3573,23.3692,23.4277,23.4803,23.5130,23.5501,23.5862,23.5985,23.6496,23.6893,23.6694,23.6805,23.6936,23.7261,23.8101,23.8758,23.9198,23.9299,23.9217,23.8894,23.8851,23.6041,23.6171,23.6018,23.5104,23.2381,23.2277,23.2008,23.1987,23.2101,23.2186,23.2585,23.2926,23.3337,22.8288,22.8482,22.8669,22.8696,22.8761,22.8871,22.8955,22.9063,22.9043,22.9047,22.9095,22.9069,22.8878,22.8903,22.8947,22.9010,22.9083,22.9165,22.9258,22.9361,22.9474,22.9597,22.9730,22.9870,23.0019,23.0177,23.0342,23.0515,23.0696,23.0883,23.1078,23.1279,23.1487,23.1701,23.1922,23.2148,23.2380,23.2618,23.2861,23.3110,23.3364,23.3622,23.3886,23.4155,23.4428,23.4706,23.4988,23.5275,23.5567,23.5863,23.6163,23.6467,23.6776,23.7088,23.7405,23.7725,23.8050,23.8378,23.8710,23.9045,23.9384,23.9724,24.0062,24.0383,24.0630
45108.9166667,21.3180,21.3242,21.3604,21.3856,21.4019,21.4177,21.3838,20.6640,20.7094,20.7294,20.7508,20.7939,20.8515,20.7318,20.7929,20.8749,20.9667,21.0377,21.1141,21.2121,21.2694,21.2920,21.3241,21.3754,21.4331,21.4858,21.5197,21.5945,21.6025,21.6850,21.7686,21.8289,21.8985,21.9414,21.9899,22.0412,22.0768,22.1254,22.1795,21.8712,21.9108,21.9433,21.9623,21.9879,22.0642,22.1724,22.2477,21.8727,21.9713,22.0036,21.9552,22.0148,22.0462,22.0600,22.0964,22.1680,22.2397,22.2823,22.2383,22.2809,22.3272,22.3658,22.4157,22.4685,22.5245,22.5862,22.6672,22.6204,23.1468,23.3378,23.3986,23.4255,23.4619,23.5854,23.5956,23.5888,23.6044,23.3741,23.3587,23.2985,23.2600,23.2234,23.2151,23.0961,23.0979,23.0752,23.0614,23.0556,23.0510,23.0517,23.0374,22.9121,22.9163,22.9318,22.9558,22.9629,22.9751,22.9764,22.9876,23.0016,23.0169,23.0342,21.7147,21.7397,21.7589,21.7830,21.8112,21.5257,21.5966,21.6610,21.7260,21.8115,21.7345,21.7650,21.7857,21.7948,21.8231,21.8526,21.8734,21.9107,21.9864,22.0331,22.0159,22.0695,22.1154,22.1964,22.2736,22.2987,22.3548,22.4041,22.4557,22.5212,22.5816,22.6320,22.6155,22.6852,22.7537,22.8084,22.8288,22.8958,22.9569,22.9998,23.0452,23.0905,23.1140,23.1720,23.2198,23.2104,23.2292,23.2485,23.2885,23.3806,23.4591,23.5191,23.5363,23.5378,23.5170,23.5206,23.2372,23.2594,23.2510,23.1622,22.9015,22.8943,22.8698,22.8683,22.8796,22.8870,22.9244,22.9572,22.9970,22.4931,22.5197,22.5464,22.5566,22.5676,22.5816,22.5929,22.6056,22.6053,22.6066,22.6113,22.6084,22.5893,22.5904,22.5923,22.5952,22.5982,22.6014,22.6050,22.6089,22.6133,22.6182,22.6236,22.6296,22.6362,22.6434,22.6514,22.6601,22.6696,22.6799,22.6910,22.7028,22.7155,22.7290,22.7432,22.7582,22.7740,22.7905,22.8078,22.8257,22.8443,22.8636,22.8836,22.9041,22.9253,22.9470,22.9693,22.9922,23.0156,23.0395,23.0638,23.0887,23.1141,23.1399,23.1661,23.1928,23.2199,23.2474,23.2753,23.3036,23.3322,23.3611,23.3898,23.4172,23.4383
45108.9583333,20.7700,20.7779,20.8139,20.8401,20.8592,20.8757,20.8467,20.1553,20.2029,20.2242,20.2475,20.2922,20.3498,20.1940,20.2556,20.3338,20.4177,20.4799,20.5473,20.6335,20.6864,20.7065,20.7354,20.7846,20.8412,20.8973,20.9339,21.0110,21.0308,21.1193,21.2131,21.2825,21.3632,21.4146,21.4705,21.5275,21.5694,21.6235,21.6792,21.3787,21.4208,21.4542,21.4740,21.4992,21.5693,21.6682,21.7359,21.3692,21.4560,21.4839,21.4348,21.4868,21.5123,21.5230,21.5542,21.6192,21.6852,21.7253,21.6844,21.7254,21.7701,21.8076,21.8563,21.9086,21.9627,22.0229,22.1010,22.0540,22.5780,22.7821,22.8572,22.8989,22.9504,23.1015,23.1175,23.1265,23.1579,22.9461,22.9400,22.8876,22.8563,22.8275,22.8248,22.7092,22.7162,22.6996,22.6927,22.6925,22.6932,22.6967,22.6850,22.5648,22.5691,22.5844,22.6060,22.6106,22.6198,22.6187,22.6266,22.6369,22.6479,22.6609,21.3260,21.3478,21.3647,21.3872,21.4135,21.1284,21.1963,21.2590,21.3201,21.3988,21.3231,21.3501,21.3676,21.3738,21.3975,21.4230,21.4398,21.4721,21.5378,21.5787,21.5577,21.6046,21.6445,21.7152,21.7828,21.8031,21.8528,21.8950,21.9404,21.9983,22.0523,22.0982,22.0824,22.1485,22.2144,22.2700,22.2926,22.3617,22.4255,22.4733,22.5227,22.5732,22.6043,22.6671,22.7209,22.7199,22.7453,22.7704,22.8196,22.9246,23.0165,23.0894,23.1115,23.1199,23.1078,23.1174,22.8349,22.8655,22.8643,22.7803,22.5333,22.5309,22.5105,22.5129,22.5304,22.5439,22.5902,22.6298,22.6727,22.1729,22.2014,22.2300,22.2425,22.2549,22.2697,22.2824,22.2964,22.2979,22.3005,22.3061,22.3045,22.2871,22.2890,22.2924,22.2968,22.3012,22.3057,22.3102,22.3149,22.3197,22.3247,22.3297,22.3349,22.3402,22.3457,22.3513,22.3571,22.3632,22.3695,22.3761,22.3830,22.3903,22.3980,22.4062,22.4148,22.4239,22.4335,22.4437,22.4545,22.4659,22.4779,22.4906,22.5039,22.5179,22.5325,22.5478,22.5637,22.5803,22.5975,22.6154,22.6338,22.6529,22.6726,22.6928,22.7136,22.7350,22.7568,22.7792,22.8021,22.8254,22.8491,22.8728,22.8954,22.9129
