File Created:,Thu Jun 20 11:09:00 2024
Heat Source Version:,9.0.0b26
Simulation Name:,WFK23
User Text:,Westfork Kickapoo
Output:,Longwave Flux (watts/square meter)
""
Datetime,18.500,18.400,18.300,18.200,18.100,18.000,17.900,17.800,17.700,17.600,17.500,17.400,17.300,17.200,17.100,17.000,16.900,16.800,16.700,16.600,16.500,16.400,16.300,16.200,16.100,16.000,15.900,15.800,15.700,15.600,15.500,15.400,15.300,15.200,15.100,15.000,14.900,14.800,14.700,14.600,14.500,14.400,14.300,14.200,14.100,14.000,13.900,13.800,13.700,13.600,13.500,13.400,13.300,13.200,13.100,13.000,12.900,12.800,12.700,12.600,12.500,12.400,12.300,12.200,12.100,12.000,11.900,11.800,11.700,11.600,11.500,11.400,11.300,11.200,11.100,11.000,10.900,10.800,10.700,10.600,10.500,10.400,10.300,10.200,10.100,10.000,9.900,9.800,9.700,9.600,9.500,9.400,9.300,9.200,9.100,9.000,8.900,8.800,8.700,8.600,8.500,8.400,8.300,8.200,8.100,8.000,7.900,7.800,7.700,7.600,7.500,7.400,7.300,7.200,7.100,7.000,6.900,6.800,6.700,6.600,6.500,6.400,6.300,6.200,6.100,6.000,5.900,5.800,5.700,5.600,5.500,5.400,5.300,5.200,5.100,5.000,4.900,4.800,4.700,4.600,4.500,4.400,4.300,4.200,4.100,4.000,3.900,3.800,3.700,3.600,3.500,3.400,3.300,3.200,3.100,3.000,2.900,2.800,2.700,2.600,2.500,2.400,2.300,2.200,2.100,2.000,1.900,1.800,1.700,1.600,1.500,1.400,1.300,1.200,1.100,1.000,0.900,0.800,0.700,0.600,0.500,0.400,0.300,0.200,0.100,0.000
45108.0000000,-35.1691,-42.1035,-58.7490,-51.8206,-56.0965,-64.7997,-66.0647,-48.4215,-62.2272,-66.9796,-54.0275,-66.4671,-65.0757,-65.0816,-56.7364,-60.6882,-66.2091,-66.2929,-62.6876,-53.1995,-56.2663,-40.8776,-52.5958,-51.4516,-53.7709,-62.7694,-50.0386,-40.6233,-56.8761,-44.1632,-45.2815,-39.1723,-39.5207,-52.6110,-49.5717,-51.8596,-59.5155,-57.1154,-40.2440,-67.3087,-55.1376,-64.9279,-47.2091,-54.6486,-62.9697,-65.7132,-63.1155,-60.5777,-59.1097,-52.4993,-63.2019,-63.0188,-65.3993,-64.1504,-49.4255,-39.0995,-43.9946,-42.6600,-60.9670,-67.5213,-68.3003,-67.7192,-38.0393,-38.1906,-45.8324,-41.6527,-58.9842,-53.9849,-59.4004,-64.2203,-62.5340,-47.8169,-43.2731,-66.0042,-55.7408,-60.7277,-62.6197,-48.5598,-41.7959,-45.0974,-65.0725,-66.6347,-66.6928,-63.8144,-47.3417,-55.7713,-57.4101,-51.5067,-55.6820,-65.4072,-55.2941,-58.3579,-61.6827,-56.2663,-55.1682,-59.4144,-65.3783,-66.7830,-64.8532,-66.1250,-63.9596,-65.0865,-63.0084,-57.7350,-59.2355,-61.7325,-64.9497,-52.7735,-48.6387,-57.3063,-64.9560,-63.3350,-59.1180,-63.0415,-64.4204,-58.7503,-55.2647,-63.5555,-54.4453,-57.3303,-59.5020,-64.4028,-50.7893,-62.9870,-44.3891,-54.8659,-65.2777,-65.7665,-66.7039,-54.3830,-53.4729,-55.5604,-53.1318,-50.3928,-52.8054,-53.0967,-55.5509,-59.4592,-60.3634,-57.2854,-43.8985,-56.1001,-52.2797,-65.2875,-62.3604,-48.2171,-50.6393,-54.7388,-48.8652,-44.8225,-50.8774,-52.6771,-60.7886,-44.0750,-46.1695,-59.7925,-60.5273,-54.3432,-60.7408,-64.6719,-64.6112,-56.4567,-58.6313,-62.2617,-57.5270,-48.9160,-60.1273,-54.5510,-58.7061,-64.7771,-53.0799,-65.3133,-57.0484,-61.7297,-62.2973,-66.1514,-59.4710,-65.6855,-65.7526,-66.0104,-67.5123,-66.1471,-60.7529,-56.9229,-57.2355,-67.0512
45108.0416667,-33.9650,-40.9870,-57.7724,-50.8798,-55.0815,-63.8357,-65.2104,-47.9470,-58.9024,-64.0998,-51.6841,-64.7376,-63.9529,-64.3265,-51.2417,-55.9361,-62.3669,-63.3883,-60.4251,-51.7117,-55.0836,-39.9650,-51.8274,-50.7625,-53.1087,-61.9883,-49.1792,-37.7304,-53.6714,-41.2052,-42.8238,-37.1442,-38.0391,-51.4559,-48.6315,-51.0888,-58.5536,-56.2173,-39.4626,-66.4832,-51.7401,-61.5815,-44.0291,-51.6554,-60.4565,-64.3960,-62.4200,-60.1334,-56.2316,-49.7752,-60.6782,-60.9030,-63.7454,-62.7771,-48.3391,-38.3992,-43.4700,-42.1831,-60.1289,-66.6625,-67.3373,-66.6843,-37.0726,-37.2992,-45.0175,-40.9373,-58.1260,-52.1521,-58.8100,-64.0462,-62.4390,-47.7055,-43.1711,-66.0971,-55.8144,-60.7138,-62.5926,-48.4046,-41.5549,-44.1754,-63.9678,-65.4032,-65.4350,-62.6052,-44.4356,-53.1002,-55.0599,-49.5452,-54.0657,-64.0889,-54.2951,-57.5837,-60.9754,-55.7535,-54.8293,-59.2118,-65.2573,-66.6330,-64.3712,-65.7128,-63.6251,-64.8119,-59.0236,-54.0367,-55.9409,-58.8284,-62.5827,-49.4388,-46.3456,-55.9142,-64.1676,-62.9753,-58.8333,-62.8097,-64.2219,-58.5619,-55.0312,-63.2717,-54.0641,-56.5315,-58.8250,-63.7282,-50.1606,-62.4068,-43.8748,-54.4128,-64.8888,-65.3607,-66.3361,-53.8389,-52.9708,-55.1251,-52.7508,-50.0308,-52.3398,-52.6935,-55.1629,-59.1054,-60.0601,-57.0620,-43.7659,-55.7447,-51.9567,-64.9913,-62.0484,-47.9012,-50.3976,-54.4525,-48.5848,-44.5756,-50.7156,-52.7473,-60.9673,-44.3356,-46.3568,-59.9204,-60.6015,-54.3619,-60.7691,-64.0768,-64.0964,-56.0745,-58.0727,-61.7364,-57.0222,-48.4723,-59.8176,-54.4586,-58.9262,-64.4616,-53.1426,-63.9801,-56.5371,-61.7464,-62.5213,-66.3803,-59.6863,-65.8998,-65.9868,-66.1212,-67.5676,-66.1398,-60.7421,-56.8868,-57.1860,-66.9782
45108.0833333,-32.8929,-39.9884,-56.8629,-50.0102,-54.2989,-63.1168,-64.5618,-47.3435,-58.2458,-63.2791,-50.5677,-63.3608,-62.3678,-62.7251,-49.3839,-54.0221,-60.2146,-60.9173,-57.7420,-48.8967,-52.3688,-37.3479,-49.4368,-48.6418,-51.2957,-60.5508,-47.9636,-36.7982,-52.9605,-40.4747,-41.9068,-35.9954,-36.6472,-49.9974,-47.1863,-49.7413,-57.3810,-55.2262,-38.5800,-65.8062,-51.1281,-61.0038,-43.3735,-50.9332,-59.5480,-63.1068,-61.0994,-58.9082,-55.2102,-48.7716,-59.7113,-59.8431,-62.5306,-61.4535,-46.9026,-36.9687,-42.1994,-41.0680,-59.2529,-65.9527,-66.7644,-66.2139,-36.6089,-36.8853,-44.6381,-40.5401,-57.7456,-51.7059,-58.2912,-63.6182,-62.1009,-47.4512,-43.0305,-66.2113,-55.9398,-60.9230,-62.8621,-48.6579,-41.7939,-44.4111,-64.2390,-65.6416,-65.6259,-62.7303,-44.4028,-52.9128,-54.6282,-48.8210,-53.0899,-62.9499,-53.0113,-56.3204,-59.8454,-54.8387,-54.1053,-58.6897,-64.9268,-66.3698,-64.2275,-65.6559,-63.6162,-64.8238,-58.9377,-53.7695,-55.4023,-57.9358,-61.3370,-47.8468,-44.3559,-53.9236,-62.3397,-61.4280,-57.4368,-61.5767,-63.1661,-57.6429,-54.3112,-62.7452,-53.6811,-56.3109,-58.7224,-63.6857,-50.0900,-62.3427,-43.7298,-54.2533,-64.7379,-65.2200,-66.2085,-53.6935,-52.8388,-55.0149,-52.6466,-49.9294,-52.2557,-52.6116,-55.0916,-59.0498,-60.0092,-57.0078,-43.6891,-55.7253,-51.9456,-65.0304,-62.0964,-47.9178,-50.4195,-54.4907,-48.6097,-44.5912,-50.7519,-52.8253,-61.1497,-44.5930,-46.6662,-60.2983,-61.0195,-54.7787,-61.2007,-64.3455,-64.2700,-56.1338,-58.0448,-61.6668,-56.9248,-48.3369,-59.7027,-54.3584,-59.0346,-64.6453,-53.3049,-63.8854,-56.2163,-61.5569,-62.6065,-66.6070,-60.0047,-66.3086,-66.4405,-66.5974,-68.0582,-66.6283,-61.2109,-57.3362,-57.6243,-67.4211
45108.1250000,-34.6553,-41.9275,-59.2121,-52.2028,-56.6242,-65.6694,-67.1770,-49.5926,-60.9254,-66.0812,-53.0428,-66.0947,-64.9699,-65.2139,-51.1976,-55.7906,-62.0008,-62.6108,-59.2723,-50.0919,-53.5936,-38.1485,-50.4722,-49.6153,-52.3069,-61.8054,-48.9447,-37.7256,-54.4288,-41.7881,-43.4789,-37.5942,-38.4079,-52.1462,-49.2737,-51.8624,-59.6643,-57.4091,-40.3232,-68.2256,-53.3525,-63.4931,-45.4577,-53.2385,-62.0745,-65.6568,-63.5027,-61.1964,-57.4751,-50.8462,-62.0278,-62.1472,-64.9026,-63.8081,-48.8925,-38.6990,-44.0319,-42.8615,-61.5095,-68.3737,-69.2223,-68.6854,-38.4043,-38.7609,-46.7785,-42.6690,-60.4258,-54.3512,-61.0903,-66.5286,-64.9778,-49.9951,-45.5127,-69.3906,-58.8968,-64.0831,-66.1778,-51.6926,-44.7155,-47.4382,-67.7765,-69.2388,-69.2366,-66.2762,-47.5218,-56.2206,-57.9348,-51.9166,-56.1987,-66.2043,-55.8719,-59.0924,-62.5423,-57.2344,-56.3842,-61.0500,-67.4785,-68.9873,-66.8984,-68.4582,-66.4757,-67.8422,-62.0604,-56.7916,-58.4659,-61.0396,-64.4660,-50.5699,-46.6952,-56.0985,-64.4169,-63.2622,-59.1219,-63.3295,-64.9474,-59.2990,-55.9273,-64.6320,-55.4467,-58.2981,-60.9367,-66.1667,-52.4031,-65.1203,-46.1937,-57.1244,-67.9518,-68.4845,-69.5143,-56.7060,-55.8286,-58.0527,-55.6226,-52.8398,-55.2336,-55.6065,-58.1598,-62.2262,-63.2139,-60.1429,-46.5008,-58.8480,-54.9788,-68.3883,-65.3889,-50.8714,-53.4433,-57.6237,-51.6089,-47.5006,-53.8260,-55.9614,-64.5086,-47.5929,-49.7431,-63.7314,-64.5116,-58.1478,-64.7622,-68.0019,-67.9225,-59.5660,-61.4796,-65.1478,-60.2606,-51.4245,-63.0099,-57.4728,-62.2529,-68.0849,-56.5049,-67.3182,-59.3269,-64.6976,-65.8007,-69.9465,-63.2538,-69.7936,-70.0104,-70.2272,-71.7691,-70.3419,-64.8227,-60.8768,-61.1880,-71.2444
45108.1666667,-33.4333,-40.7618,-58.0892,-51.1388,-55.6207,-64.6877,-66.2365,-48.7121,-60.1094,-65.2741,-52.2640,-65.3190,-64.1956,-64.4355,-50.0842,-54.6055,-60.7268,-61.2457,-57.8345,-48.5671,-52.0244,-36.5487,-48.8186,-47.9315,-50.5935,-60.0741,-47.2108,-36.0674,-52.7513,-40.0901,-41.7889,-35.9581,-36.8700,-50.6979,-47.9347,-50.6179,-58.5078,-56.3315,-39.3025,-67.2212,-52.4626,-62.5925,-44.5619,-52.3293,-61.1580,-64.7273,-62.5677,-60.2608,-56.6070,-49.9651,-61.1158,-61.1993,-63.9175,-62.8023,-47.8751,-37.6769,-43.0041,-41.8412,-60.4978,-67.3600,-68.2134,-67.6794,-37.4257,-37.7920,-45.8123,-41.7231,-59.5113,-53.5198,-60.4175,-65.9143,-64.3968,-49.4559,-45.0058,-68.9184,-58.4459,-63.6694,-65.8273,-51.4049,-44.4815,-47.2404,-67.5920,-69.0852,-69.1070,-66.1686,-47.4442,-56.1564,-57.8848,-51.8780,-56.1560,-66.1453,-55.7919,-58.9612,-62.3377,-56.9141,-55.9502,-60.4929,-66.8062,-68.2826,-66.1395,-67.6551,-65.6581,-67.0500,-61.4335,-56.2109,-57.9304,-60.5502,-64.0052,-50.1608,-46.2735,-55.5672,-63.7434,-62.4161,-58.2048,-62.3378,-63.8819,-58.1776,-54.7316,-63.3740,-54.1522,-56.9811,-59.5679,-64.7963,-51.0719,-63.8415,-45.0511,-56.1455,-67.1259,-67.7778,-68.9011,-56.1885,-55.3813,-57.6735,-55.2987,-52.5560,-54.9783,-55.3753,-57.9436,-62.0181,-63.0097,-59.9461,-46.3202,-58.6708,-54.8100,-68.2153,-65.2242,-50.7244,-53.3012,-57.4838,-51.4793,-47.3795,-53.7129,-55.8714,-64.4375,-47.5658,-49.7280,-63.7169,-64.5167,-58.1729,-64.8032,-68.0533,-68.0022,-59.6728,-61.5806,-65.2505,-60.3620,-51.5235,-63.0787,-57.5040,-62.2069,-68.0240,-56.4644,-67.2382,-59.2314,-64.5403,-65.6016,-69.7370,-63.0565,-69.6135,-69.8659,-70.1164,-71.6893,-70.2942,-64.8108,-60.8981,-61.2326,-71.3153
45108.2083333,-33.8765,-41.2385,-58.7314,-51.6170,-56.1256,-65.2877,-66.8157,-49.0145,-60.7076,-65.9582,-52.7705,-66.0340,-64.8994,-65.1536,-50.3806,-54.9551,-61.1488,-61.6443,-58.1480,-48.6865,-52.1667,-36.4224,-48.8376,-47.9029,-50.5708,-60.1747,-47.0959,-35.8555,-52.7717,-39.8690,-41.5487,-35.6092,-36.5199,-50.5553,-47.7694,-50.5132,-58.5702,-56.4106,-39.1675,-67.5677,-52.7867,-63.1049,-44.8321,-52.7462,-61.7399,-65.3719,-63.1668,-60.8201,-57.2271,-50.4751,-61.7815,-61.8477,-64.5872,-63.4419,-48.2717,-37.9000,-43.2888,-42.1006,-61.0489,-68.0041,-68.8651,-68.3173,-37.6062,-37.9811,-46.1216,-41.9747,-60.0471,-54.0176,-61.0537,-66.6739,-65.1697,-50.0520,-45.5770,-69.8947,-59.2791,-64.6162,-66.8444,-52.2486,-45.2587,-48.1119,-68.7996,-70.3434,-70.3831,-67.4137,-48.4630,-57.3231,-59.0981,-53.0204,-57.3826,-67.5344,-57.0369,-60.2603,-63.6851,-58.1551,-57.1374,-61.6928,-68.0305,-69.5022,-67.2692,-68.7342,-66.6332,-67.9749,-62.3662,-57.0294,-58.7540,-61.4103,-64.9159,-50.9299,-47.0005,-56.4491,-64.7367,-63.3514,-59.0526,-63.2211,-64.7556,-58.9330,-55.3893,-64.1183,-54.7118,-57.5414,-60.0677,-65.3128,-51.3156,-64.2202,-45.1301,-56.3842,-67.5499,-68.2573,-69.4386,-56.5910,-55.8274,-58.2276,-55.8949,-53.1871,-55.7266,-56.2136,-58.8980,-63.0953,-64.1366,-61.0595,-47.2551,-59.8217,-55.9154,-69.5304,-66.5035,-51.7922,-54.4127,-58.6676,-52.5805,-48.4241,-54.8592,-57.0572,-65.7655,-48.6631,-50.8702,-65.0801,-65.9080,-59.4818,-66.2228,-69.5277,-69.5003,-61.0666,-63.0140,-66.7575,-61.8044,-52.8409,-64.5779,-58.9147,-63.6423,-69.5213,-57.7532,-68.6654,-60.5224,-65.8841,-66.9239,-71.1060,-64.3110,-70.9561,-71.2072,-71.4733,-73.0789,-71.6721,-66.1167,-62.1606,-62.5121,-72.7669
45108.2500000,-23.3811,-24.8201,-28.0204,-26.9038,-27.8103,-29.4694,-29.8515,-27.0268,-26.7986,-27.9232,-25.8587,-28.4107,-28.4397,-28.7124,-20.8958,-22.0543,-23.5087,-23.9304,-23.5092,-22.1724,-23.0522,-20.5175,-22.8367,-22.8910,-23.5696,-25.4954,-23.3484,-20.2014,-23.1321,-21.0887,-21.7651,-21.0503,-21.6333,-24.4206,-24.2611,-25.0265,-26.5262,-26.4332,-23.6585,-28.8541,-24.6998,-26.6239,-23.5918,-25.1391,-27.0584,-28.3110,-28.3307,-28.1961,-25.9419,-24.8853,-27.0050,-27.2315,-27.9293,-27.8717,-25.3335,-23.8144,-24.9834,-24.9564,-28.2257,-29.5628,-29.7634,-29.7071,-24.4765,-24.6949,-26.2501,-25.6893,-28.8764,-27.1676,-29.4362,-30.9244,-30.9241,-28.5247,-27.9921,-32.7728,-31.0210,-32.1345,-32.7711,-30.3350,-29.2009,-29.3149,-32.9245,-33.1812,-33.1749,-32.6668,-27.8888,-29.4831,-29.8604,-28.8629,-29.6523,-31.4399,-29.6639,-30.2891,-30.8850,-29.9948,-29.8847,-30.7665,-31.9623,-32.2492,-31.6491,-31.9787,-31.6936,-32.0351,-28.2118,-27.3632,-27.7733,-28.2618,-28.9648,-25.4428,-24.9796,-26.9589,-28.6422,-28.6341,-27.9831,-28.7878,-29.1512,-28.2103,-27.6541,-29.2621,-27.6901,-28.0313,-28.6049,-29.6121,-27.2709,-29.6461,-26.5180,-28.7052,-30.8754,-31.1719,-31.5209,-29.2300,-29.2318,-29.8294,-29.6017,-29.2882,-29.8222,-30.1097,-30.7588,-31.6750,-31.9833,-31.6007,-29.3541,-31.5082,-30.9299,-33.3946,-32.9308,-30.3865,-30.9370,-31.7098,-30.6950,-30.0209,-31.2492,-31.8793,-33.6131,-30.8981,-31.3184,-33.8444,-34.0715,-32.9851,-34.2273,-34.1177,-34.1980,-32.7945,-32.8753,-33.5252,-32.6737,-31.1189,-33.2202,-32.3379,-33.4635,-34.1048,-32.3532,-32.6946,-31.6361,-32.9619,-33.4971,-34.3770,-33.3209,-34.6122,-34.7929,-34.8808,-35.2078,-34.9703,-34.0467,-33.3931,-33.4762,-35.3046
45108.2916667,-13.9827,-13.5015,-12.0460,-12.9606,-12.8388,-12.0901,-12.1876,-14.2010,-9.9809,-9.7075,-11.2398,-10.2422,-10.5732,-10.8292,-5.1848,-5.1767,-5.0791,-5.4997,-6.0678,-7.3566,-7.4131,-9.1954,-8.1974,-8.5937,-8.6468,-8.1410,-9.5995,-9.1032,-7.4831,-8.9538,-9.2575,-10.2196,-10.6743,-9.7838,-10.4939,-10.6086,-9.9978,-10.5898,-12.5129,-10.1655,-9.5613,-8.7510,-10.7104,-10.1869,-9.8276,-10.2334,-10.8946,-11.4688,-9.6360,-10.4396,-9.5686,-9.8737,-9.9431,-10.2861,-11.8753,-13.2491,-13.0120,-13.3893,-11.5772,-11.1272,-11.1612,-11.2989,-14.3993,-14.5423,-13.9205,-14.5037,-12.8012,-12.4786,-12.8732,-12.9346,-13.4614,-15.2820,-16.0770,-14.4018,-15.5744,-15.3755,-15.5241,-17.1474,-17.9851,-17.3094,-15.4474,-15.4118,-15.4549,-15.7797,-15.6557,-14.8618,-14.7782,-15.4259,-15.0325,-14.0629,-15.1566,-14.9599,-14.6469,-15.2629,-15.3985,-15.0210,-14.4987,-14.4231,-14.3475,-14.2994,-14.5941,-14.6257,-11.3602,-11.9855,-11.9935,-11.7892,-11.5762,-11.4716,-12.0442,-11.5083,-10.9430,-11.3019,-11.8480,-11.5486,-11.5503,-12.2304,-12.6698,-11.9745,-13.0136,-12.5753,-12.4770,-12.1057,-13.5629,-12.4880,-14.5893,-13.7976,-13.0274,-13.2238,-13.2949,-14.4204,-14.6355,-14.5891,-15.0061,-15.4516,-15.3162,-15.5010,-15.4683,-15.3190,-15.3882,-15.8744,-17.4000,-16.1805,-16.7147,-15.5555,-15.9720,-17.4234,-17.3091,-16.9830,-17.6713,-18.1581,-17.6924,-17.7653,-17.1783,-19.1498,-18.9850,-17.7072,-17.7935,-18.4895,-17.9561,-16.6968,-16.8795,-17.8110,-17.2961,-16.9638,-17.4942,-18.3876,-17.3429,-17.9951,-17.8409,-16.7167,-18.1810,-15.0251,-16.2634,-16.2781,-16.6510,-16.4865,-17.3253,-16.8767,-17.0344,-17.1276,-17.0763,-17.2420,-17.8412,-18.2827,-18.2816,-17.3731
45108.3333333,-5.4899,-5.5506,-5.5300,-5.7715,-6.1424,-6.2180,-6.4481,-6.7015,-3.7425,-3.8875,-4.2626,-4.3614,-4.4621,-4.6958,1.7111,1.4583,1.1066,0.7390,0.5636,0.2755,-0.1470,-0.4837,-0.4954,-0.7840,-1.1109,-1.4787,-1.8288,-0.4066,-0.3173,-0.5730,-0.9527,-1.3741,-1.8797,-2.2107,-2.7102,-2.9521,-3.0919,-3.4362,-3.7433,-3.9772,-2.3391,-2.4921,-2.7930,-2.9409,-3.4042,-4.0113,-4.3452,-4.6321,-2.6401,-2.8183,-2.9572,-3.2676,-3.5908,-3.8687,-4.0653,-4.4932,-4.6632,-4.9890,-4.9033,-5.1301,-5.2993,-5.4209,-5.7510,-5.8667,-5.9424,-6.1174,-6.0648,-5.2780,-5.7125,-6.0740,-6.4788,-6.9660,-7.3746,-7.6965,-7.9745,-8.3197,-8.6875,-9.0719,-9.3222,-9.0781,-9.2031,-9.4913,-9.6232,-9.7240,-8.1020,-8.0804,-8.1719,-8.2926,-8.3051,-8.2585,-8.5141,-8.6931,-8.7321,-8.8386,-8.7982,-8.7475,-8.7274,-8.8147,-8.5312,-8.5539,-8.5786,-8.6812,-5.2701,-5.3989,-5.5794,-5.6505,-5.6903,-4.4520,-4.5145,-4.7439,-4.7945,-4.9185,-5.0769,-5.1476,-5.2901,-5.4632,-5.5651,-5.6242,-5.8737,-5.7244,-5.7331,-5.8262,-5.9984,-6.0544,-6.4478,-6.6018,-6.8275,-7.1432,-7.3075,-7.2731,-7.3869,-7.4975,-7.6716,-7.8634,-7.9122,-8.0551,-8.1968,-8.4191,-8.5505,-8.7090,-8.9514,-8.8639,-9.0416,-9.0987,-9.2605,-9.3928,-9.5332,-9.6103,-9.7913,-9.9225,-10.0172,-10.2283,-10.3650,-10.7786,-10.8036,-10.8377,-11.0564,-11.2098,-11.2863,-10.3789,-10.6609,-10.8812,-10.5820,-10.5973,-10.7454,-10.8801,-10.8738,-11.0382,-11.1593,-10.5056,-10.7838,-8.7006,-9.1037,-9.5596,-9.9902,-10.2296,-10.4532,-10.6026,-10.7841,-11.0057,-11.1493,-11.2146,-11.3109,-11.4086,-11.4367,-11.4777
45108.3750000,4.5021,3.9509,2.6579,2.9829,1.9567,1.1660,0.8531,2.3529,4.2653,3.7644,4.3988,3.3142,3.4230,3.1821,9.8082,9.3976,8.7021,8.4166,8.6311,9.2980,8.5460,9.5379,8.6969,8.5488,7.9673,6.7692,7.3867,9.7103,8.4378,9.3286,8.9769,9.0744,8.4919,6.9374,6.5485,5.9983,5.2340,5.2560,6.4813,3.9420,6.5017,5.5028,6.7191,6.0137,4.7827,4.0631,3.9835,3.9912,6.1862,6.5935,5.5449,5.2147,4.6466,4.3958,5.3668,5.8097,5.3540,5.0351,3.4756,2.7021,2.4281,2.3209,4.4776,4.4439,3.7754,4.0003,2.5549,3.6804,3.3358,2.7913,2.4833,3.2183,3.1590,1.1562,1.6681,0.8067,0.2474,0.7691,1.1349,0.9782,-1.0579,-1.6345,-1.8305,-1.7242,1.2774,0.6828,0.4825,0.8815,0.5451,-0.2421,0.1654,-0.4354,-0.8116,-0.5746,-0.4096,-0.6661,-1.1007,-1.3625,-0.8795,-0.9527,-0.7199,-0.9755,2.5830,2.9232,2.5909,2.2845,2.0283,4.3048,4.7600,3.8465,3.2757,3.3849,3.5689,3.1569,2.8554,3.0973,3.2732,2.4385,2.8637,2.7641,2.7361,2.2591,3.2986,2.2670,3.4407,2.4873,1.3603,0.8852,0.6116,1.6674,1.6225,1.3537,1.3687,1.3685,1.1320,1.0911,0.8303,0.2443,0.0457,0.2312,1.1854,0.2801,0.3528,-0.7271,-0.6035,0.5356,0.2180,-0.3454,-0.1289,0.1540,-0.3730,-0.5071,-1.2018,-0.2474,-0.4266,-1.6520,-2.0429,-1.7018,-2.3544,-1.7810,-2.2064,-1.8325,-1.7303,-2.0127,-1.8254,-1.2898,-2.1963,-1.9414,-2.3319,-2.0593,-1.2217,-0.0924,0.3068,-0.5442,-1.0295,-1.6528,-1.3180,-2.0102,-2.2191,-2.6091,-2.9589,-2.9543,-2.6751,-2.4407,-2.4703,-3.3560
45108.4166667,10.2760,8.0222,2.0420,4.3670,1.8553,-1.3916,-2.1225,4.7444,2.9222,1.1592,5.3370,0.8611,1.4938,1.2451,9.0684,7.7334,5.6426,5.4726,6.8366,10.4547,8.7878,14.2301,10.1655,10.5734,9.2637,5.1501,9.2147,14.1891,8.5531,13.2680,12.4494,14.5129,13.9434,8.6291,8.8774,7.5746,4.5802,5.3810,11.4933,1.3004,6.9131,3.1905,9.5402,6.9456,3.1177,1.9023,2.7727,3.7179,6.5155,8.8572,4.7887,4.4545,3.1516,3.1471,8.1954,11.5400,9.8728,9.7113,2.8065,0.0626,-0.5204,-0.4967,10.0945,10.1976,7.4829,8.9331,2.7036,5.1733,3.9737,2.2070,2.3406,7.3029,8.5179,0.4277,3.7506,1.3661,0.2421,4.4000,6.6649,5.3577,-2.5076,-3.7434,-4.0479,-3.1833,4.5043,1.7125,1.2034,3.2762,1.4106,-2.0481,1.0611,-0.5347,-2.0688,-0.2960,0.2900,-1.0606,-3.1062,-3.8365,-2.7864,-3.1773,-2.3826,-2.9910,1.0014,2.8308,2.0316,0.9774,-0.2465,5.5767,7.4765,4.2354,1.7058,2.4098,3.8192,2.2905,1.5440,3.2931,4.4691,1.2432,4.0621,3.0835,2.5091,0.6507,5.3588,0.9938,7.4296,3.4353,-0.4927,-1.1377,-1.6259,2.9352,3.1750,2.3702,3.0534,3.7453,2.6634,2.7362,1.9567,0.2499,-0.1800,0.8423,5.7301,1.3139,2.4577,-2.1835,-1.3723,3.8718,2.9862,1.2174,3.0309,4.5483,2.3093,2.0598,-0.5575,5.1263,4.4505,-0.6297,-1.3239,0.7779,-1.6911,-2.2495,-2.8726,-0.4160,-1.0692,-2.2882,-0.7839,2.1572,-1.8316,-0.0501,-1.4738,-2.7537,1.5393,-0.7003,2.1821,0.0100,-0.6457,-2.4252,-0.1779,-2.6476,-2.9143,-3.5685,-4.4472,-4.1229,-2.4106,-1.1001,-1.2036,-4.9113
45108.4583333,12.4390,8.1689,-3.5051,0.4032,-3.8641,-9.9936,-10.9829,2.7201,-3.3029,-6.5482,2.5670,-6.3563,-5.3180,-5.6568,4.1030,1.4365,-2.5466,-2.7606,-0.1327,6.8960,4.0613,14.8290,6.7040,7.7313,5.5235,-1.8258,6.4050,15.0514,3.7994,13.0201,11.7474,16.1299,15.5980,6.2613,7.0388,4.7038,-1.0244,0.1113,12.2311,-7.0216,2.6628,-4.3026,8.2856,3.4667,-3.3550,-5.3202,-3.4144,-1.4606,2.1740,6.9453,-0.7371,-1.0397,-3.1910,-2.8649,7.4081,14.4372,10.9826,11.3504,-2.0590,-7.2438,-8.2801,-8.1746,12.5023,12.7670,7.7516,10.5049,-1.9303,2.0927,0.1379,-2.9663,-2.3140,7.7182,10.7962,-4.7779,2.1152,-2.2035,-4.0858,4.4461,9.0680,6.6607,-8.2820,-10.3777,-10.8604,-9.1217,4.2152,-1.2891,-2.8956,1.3841,-1.8359,-8.4556,-2.1337,-4.9977,-7.8609,-4.3813,-3.3562,-6.0391,-9.9959,-11.2688,-9.4922,-10.2317,-8.6533,-9.6798,-5.1066,-1.5540,-2.9836,-4.9849,-7.3252,2.4088,6.0751,0.1312,-4.7320,-3.2917,-0.6863,-3.4990,-4.6983,-1.0627,1.5633,-4.5711,1.0795,-0.9854,-2.1821,-5.7018,3.5307,-4.9277,7.3283,0.0075,-7.3551,-8.2682,-9.0732,-0.3215,0.2556,-0.9349,0.9703,2.8215,0.8904,0.1873,-1.8471,-4.7327,-5.3308,-3.1717,6.0311,-2.3366,0.1997,-8.6513,-6.8524,3.0862,1.5268,-1.6343,2.5830,5.4993,1.5015,0.3747,-4.7579,7.2121,5.9925,-3.6975,-4.7207,-0.8869,-5.3360,-7.0066,-7.7924,-2.7643,-4.2635,-6.7355,-3.6969,1.8652,-6.0154,-2.2084,-4.6810,-7.7204,0.7191,-5.4835,0.3053,-3.3822,-4.2440,-7.4133,-2.8441,-7.4535,-7.7860,-8.7500,-10.2643,-9.5581,-6.1245,-3.8648,-4.2132,-11.1188
45108.5000000,8.3878,3.8266,-8.5427,-4.5072,-9.2096,-15.8060,-17.0707,-2.5823,-8.7920,-12.1125,-3.0726,-11.9695,-10.4369,-10.5508,-0.8901,-3.7320,-8.0171,-8.3184,-5.5809,1.3556,-1.5967,10.0016,1.5252,2.7500,0.5055,-7.2298,1.5003,10.9925,-0.8424,9.0468,7.5322,12.3578,11.8493,1.3019,2.3417,0.0530,-5.9240,-4.7447,8.0754,-12.3886,-2.3328,-9.7920,3.4919,-1.4976,-8.6429,-10.4787,-8.3105,-6.7526,-2.5591,2.6274,-5.3201,-5.4042,-7.5154,-7.0975,3.8891,11.8023,8.6403,9.1807,-5.0737,-10.6347,-11.8561,-11.8947,9.9242,10.1802,4.8426,7.6999,-5.3459,-1.2233,-3.2001,-6.3398,-5.6221,4.1651,7.8925,-7.7004,-0.2550,-4.6412,-6.5507,2.3457,7.1943,4.5399,-11.4262,-13.8070,-14.4261,-12.6690,1.2907,-4.5746,-6.4594,-2.0967,-5.7633,-12.8876,-6.3205,-9.4277,-12.5016,-8.8290,-7.7177,-10.5263,-14.6811,-16.0443,-14.1396,-14.8932,-13.1874,-14.2522,-9.6521,-5.8775,-7.4167,-9.5794,-12.1050,-1.9810,1.8101,-4.4928,-9.5032,-7.7859,-4.9928,-7.9432,-9.2080,-5.3633,-2.4756,-8.8904,-2.8439,-4.9642,-6.1624,-9.8924,-0.1599,-9.1723,3.4442,-4.5813,-12.4212,-13.3818,-14.1944,-4.8824,-4.2312,-5.6400,-3.3184,-0.9775,-3.1599,-3.5378,-5.5970,-8.7561,-9.4804,-7.2820,2.2850,-6.7304,-4.1483,-13.5256,-11.5884,-0.9994,-2.5628,-5.8480,-1.1665,2.1628,-2.0847,-2.5380,-7.7646,5.1988,4.0249,-6.1914,-7.2464,-3.2709,-8.0761,-9.8876,-10.6868,-5.3391,-6.9653,-10.0366,-7.1865,-1.3090,-9.5998,-5.4192,-7.6299,-10.5152,-1.4159,-7.9166,-1.8357,-5.4676,-6.1806,-9.5112,-4.6108,-9.4755,-9.8325,-10.9417,-12.6176,-11.9319,-8.3682,-6.1085,-6.6080,-14.1400
45108.5416667,13.2511,7.5497,-4.6490,-0.4136,-4.9282,-11.4364,-12.6531,1.8156,-4.2654,-7.6478,1.3568,-7.5918,-6.0796,-6.1689,3.1751,0.4514,-3.7026,-3.9040,-1.1155,5.8395,2.8659,14.4813,5.9420,7.1633,4.8657,-2.7907,6.7616,16.3098,4.3067,14.0890,13.5948,18.4341,18.0887,7.2729,8.0356,5.4697,-0.7402,0.2072,12.9559,-7.6254,2.4408,-5.0527,8.1329,2.1960,-4.7233,-6.1016,-3.7080,-2.0737,2.3193,7.5158,-0.4414,-0.5064,-2.5542,-2.0763,8.6247,16.9965,14.2477,15.3397,1.2154,-4.2703,-5.4368,-5.4460,16.3242,16.5886,11.2853,13.5531,0.5410,4.7109,3.0512,0.0330,0.7819,10.3751,13.1990,-1.8707,5.5629,1.4919,0.0194,10.0912,14.8593,12.0719,-4.0895,-6.6748,-7.4375,-5.7967,7.1927,0.7907,-0.8803,3.0958,-0.2202,-7.1239,-0.4238,-3.5705,-6.7809,-3.3077,-2.3310,-5.2323,-9.4369,-10.8206,-8.8957,-9.6501,-7.9312,-8.9825,-4.3013,-0.5399,-2.1058,-4.2898,-6.8474,3.2612,6.7829,0.5964,-4.3618,-2.6050,0.2003,-2.7465,-4.0077,-0.1759,2.2337,-4.1383,1.9891,0.0028,-1.0444,-4.6603,5.2074,-3.6871,9.6555,1.3928,-6.7277,-7.8897,-8.8611,0.3654,1.3954,-0.1948,1.9734,4.2078,1.9405,1.5373,0.1520,-3.1466,-3.9614,-1.8131,7.7663,-1.2248,1.3647,-8.0356,-6.1296,4.4186,2.7942,-0.5310,4.1014,6.8861,2.7356,2.6813,-2.0057,11.5677,10.1748,0.1063,-0.6989,3.4294,-1.2245,-2.9191,-3.6901,1.6607,-0.0047,-3.1613,-0.4016,5.3462,-3.1787,0.8631,-1.1937,-3.7295,5.6629,-0.6521,5.6179,2.1291,1.5639,-1.7362,2.7843,-1.8554,-2.0406,-3.1162,-4.7888,-4.1118,-0.5709,1.6407,1.0986,-6.5101
45108.5833333,6.4849,1.2998,-9.9838,-6.4821,-10.8184,-16.9810,-18.5136,-5.9085,-10.6221,-13.6745,-5.5702,-13.6243,-12.3669,-12.4466,-4.2715,-6.6577,-10.2943,-10.4067,-7.8850,-1.5974,-4.1011,6.3449,-1.2454,-0.7375,-2.5186,-9.0256,-0.2160,8.8457,-1.6563,7.1607,6.9295,11.5037,11.5266,2.6811,3.1220,1.1367,-4.9621,-4.6560,6.3592,-12.2726,-3.1661,-10.0438,1.5818,-3.8915,-10.4021,-12.3410,-10.3839,-8.8812,-4.4024,-0.1069,-7.0215,-6.8303,-8.5068,-7.9770,1.9045,9.2868,6.7788,7.8415,-4.6090,-9.4398,-10.3877,-10.3084,9.2881,9.6627,5.0357,7.7952,-4.1399,-0.6164,-2.4372,-5.0675,-4.2919,4.3823,6.8366,-7.1078,-0.7197,-4.2668,-5.4301,3.9040,8.4687,5.6404,-8.4455,-10.3902,-10.8699,-9.3189,2.4503,-3.5701,-5.5523,-2.5308,-5.9535,-12.4629,-6.6329,-9.4613,-12.2757,-9.1412,-8.3088,-10.9544,-14.7792,-16.0047,-14.2939,-15.0559,-13.5867,-14.5474,-9.6858,-6.3901,-7.8229,-9.7975,-12.1623,-2.9724,-0.0598,-5.7372,-10.2877,-8.7385,-6.1650,-8.7611,-9.8308,-6.1054,-3.9748,-9.7036,-4.1884,-5.5007,-6.8613,-10.2940,-1.6028,-9.6179,1.9620,-4.9562,-11.8892,-12.7661,-13.6032,-5.0953,-4.6501,-5.7266,-3.8852,-1.9141,-3.9574,-4.4448,-6.2020,-8.8975,-9.4850,-7.4866,1.0903,-6.9234,-4.6699,-13.1732,-11.5247,-2.1710,-3.3376,-6.3585,-2.3343,0.0774,-3.7885,-4.0823,-8.2492,4.2572,3.2244,-5.6136,-6.1325,-2.3018,-6.3770,-7.6418,-8.1562,-3.2572,-4.6640,-7.4475,-4.9534,0.1718,-7.5744,-4.1703,-6.2710,-8.3634,0.2178,-4.9458,0.9175,-1.9843,-2.3335,-5.2306,-1.2582,-5.5250,-5.7557,-6.6818,-8.1607,-7.5400,-4.3590,-2.3536,-2.8315,-9.6455
45108.6250000,14.3093,8.4027,-4.2580,-0.1568,-4.8395,-11.6342,-13.1104,0.9121,-5.2498,-8.9561,0.0261,-9.2340,-7.9367,-8.1017,0.1869,-2.5854,-6.7022,-6.7930,-3.9297,3.2033,0.4203,12.2602,3.6915,4.2087,2.1116,-5.2635,4.7389,14.9753,3.8322,13.6900,13.5129,18.6176,18.9190,9.6060,11.5802,9.8565,3.3060,3.8343,16.1834,-5.1193,4.6324,-3.3622,9.2876,2.9101,-4.6581,-7.2232,-5.3574,-3.8764,0.7144,5.5372,-2.6268,-2.6655,-4.6175,-3.9569,7.2978,15.8712,13.1733,14.5210,0.5713,-4.7529,-5.7056,-5.5235,16.6964,17.0916,11.8273,15.1062,2.4881,6.3703,3.8159,0.5539,1.3819,12.2293,15.6046,-1.1174,5.9380,1.5813,-0.0147,10.4850,15.5969,12.3359,-3.5640,-5.6843,-6.1286,-4.2287,9.1930,2.7425,0.9338,4.7053,1.0747,-6.1942,0.4105,-2.8776,-6.1916,-2.7907,-1.6473,-4.9626,-9.5201,-10.9646,-9.1361,-10.0496,-8.4380,-9.5676,-4.0832,-0.1224,-1.9015,-4.2289,-6.9319,3.3324,6.5601,0.0024,-5.3209,-3.7803,-0.9423,-3.9440,-5.1923,-0.9346,1.5156,-4.8459,2.1438,0.7871,-0.5158,-4.3152,5.5100,-3.7122,9.0978,0.8739,-7.1789,-8.1618,-9.0393,0.7116,1.3843,0.2821,2.5648,4.8616,2.6136,2.0867,-0.0806,-3.3405,-4.1296,-1.9236,8.1129,-0.2950,2.7319,-6.9563,-5.1638,5.2825,3.8375,0.3599,4.8982,8.0667,3.7887,2.6018,-2.7945,10.6127,9.7301,-0.3208,-0.8683,3.5344,-0.9992,-2.3658,-2.7114,3.4848,1.9270,-1.1594,1.7167,7.6008,-1.0024,3.3344,0.4765,-2.4473,6.9732,0.8119,7.4825,4.3718,4.3429,1.0754,5.6776,0.9404,0.7420,-0.2212,-1.8174,-1.0535,2.6153,4.9538,4.4665,-3.1615
45108.6666667,8.7629,5.1710,-4.8236,-1.2732,-4.8722,-10.4945,-11.9514,-0.9254,-5.0633,-8.1170,-0.2447,-8.0932,-7.4707,-7.8237,-1.1438,-3.5655,-7.0112,-7.1787,-4.9452,0.7881,-0.8076,8.6212,1.6321,2.0679,0.9288,-5.1106,2.6824,11.2721,2.1056,10.2111,9.9692,14.5606,15.2565,7.7748,9.6009,8.3468,3.4556,4.2139,14.3696,-2.6370,5.6308,-0.8328,9.0485,3.8290,-2.6128,-5.6362,-4.6519,-3.6661,0.3103,4.0847,-2.4601,-2.5405,-4.2284,-3.7717,5.0966,11.9825,9.8057,10.9776,-0.0703,-4.3376,-5.0620,-4.8938,13.0900,13.3849,8.7568,11.5382,1.4677,5.4827,3.7260,1.1345,2.0736,10.3249,13.3721,0.2866,6.1185,2.6504,1.0817,9.4180,13.2266,10.7774,-2.0921,-3.9524,-4.5031,-3.1637,7.8797,2.4034,0.7554,3.6844,0.6944,-5.2660,0.6404,-2.1041,-4.9404,-2.4895,-1.7790,-4.5300,-8.3171,-9.4682,-8.0599,-8.9975,-7.8771,-8.9140,-3.8797,-0.8326,-2.0396,-3.7406,-5.9247,2.6290,4.9845,-0.4878,-4.9856,-3.8567,-1.3373,-3.7740,-4.7990,-1.3810,0.5674,-4.6014,1.0196,-0.0197,-1.1985,-4.2052,4.1703,-3.1844,7.7343,0.8962,-5.9350,-6.9269,-7.8837,-0.2381,0.4028,-0.9063,0.8324,2.7381,1.1633,0.8572,-0.8058,-3.4087,-4.0786,-2.3566,5.8428,-1.3215,1.0795,-6.6302,-4.9873,3.6239,2.4818,-0.1280,3.6490,6.2880,3.0272,2.3279,-2.3700,8.1449,7.0658,-0.7693,-1.2562,2.5195,-1.2967,-2.4294,-2.5825,2.2679,1.3316,-0.8789,1.6562,6.8592,-0.1965,3.1574,0.7714,-1.4449,6.2274,1.4829,7.0142,4.6878,4.9299,2.5431,6.3417,2.4793,2.2650,1.5272,0.2120,0.7873,3.7038,5.5812,5.1561,-1.0713
45108.7083333,8.6458,6.1963,-0.6261,2.3515,0.5469,-3.3344,-4.4949,2.6526,0.9380,-1.3563,3.9513,-1.3800,-0.9545,-1.2373,3.4965,1.6785,-0.8397,-1.1005,0.3257,4.3943,3.3335,9.7329,4.9896,5.3588,4.5977,0.5887,5.9825,12.7592,6.8294,12.3505,12.2256,15.1820,15.5611,10.5116,11.8964,11.1690,8.2254,8.7913,15.7147,4.1515,10.6085,6.2485,13.0595,9.4910,4.8590,2.2499,2.4700,2.8434,6.1596,8.5591,3.8584,3.5061,2.1129,2.3107,8.2965,12.8360,11.2775,12.1266,4.9184,1.9780,1.4853,1.5977,13.8498,13.9968,10.9409,12.7790,5.8295,8.9311,7.7820,6.2214,6.9817,12.8362,15.0022,6.1212,10.1516,7.9033,6.9633,12.7295,15.3797,13.9168,5.0954,3.7888,3.3591,4.2008,12.2067,8.2805,6.9163,8.6719,6.3794,2.0836,5.8723,3.8645,1.8441,3.3563,3.6083,1.4922,-1.3450,-2.2177,-1.2778,-2.0876,-1.4765,-2.3446,2.2387,4.2165,3.4046,2.0633,0.3949,6.7278,8.2085,4.3559,1.1303,1.7436,3.4132,1.7247,1.0078,3.3158,4.7819,1.2684,5.1207,4.5475,3.6797,1.6007,7.2951,2.2579,9.7054,5.2039,0.6508,0.0261,-0.6301,4.6710,5.0220,3.9719,4.9353,6.0760,4.9261,4.5770,3.3715,1.5482,1.0582,2.2133,7.7994,3.2488,4.8939,-0.4759,0.5644,6.5299,5.6803,3.8831,6.4285,8.2545,6.0912,5.7963,2.7966,10.0931,9.3752,3.9720,3.6937,6.3184,3.8131,3.0951,2.9522,6.3402,5.6764,4.1007,5.8503,9.4670,4.8391,7.2720,5.7234,4.4971,9.7223,7.0756,10.9654,9.5764,9.8318,8.2960,11.0515,8.5498,8.5080,8.0798,7.2177,7.6420,9.6384,10.9185,10.6175,6.3187
45108.7500000,3.3654,3.7847,4.3033,4.0021,4.0996,4.2584,3.9763,3.1784,7.7604,7.6706,6.9768,7.1778,6.8700,6.6154,7.5760,7.4900,7.4634,7.2587,7.0267,6.6002,6.7689,6.2161,6.8068,6.7455,6.9106,7.1303,6.7692,9.1205,10.3628,10.0255,10.3066,10.4447,10.8796,11.6302,11.6377,11.8885,12.5379,12.3382,11.7452,12.6088,13.9802,14.1877,13.2352,13.2079,12.6540,11.4871,10.5768,9.8783,12.3439,11.8048,11.8964,11.3852,10.9499,10.5202,9.7064,9.1781,9.4244,9.4150,10.3593,10.4284,10.3754,10.2955,9.1612,9.3341,9.6708,9.5951,10.5189,11.4013,11.9666,12.3598,12.3716,11.8261,11.8946,13.1631,12.7163,12.9209,12.9978,12.5045,12.2575,12.6381,13.0834,12.7593,12.5048,12.1534,12.9271,12.8887,12.4235,11.6610,11.3346,11.3792,10.4840,9.9117,9.4144,8.4205,7.9343,7.6830,7.4325,7.2330,7.2224,6.8858,6.4737,6.0556,9.9349,9.3941,9.1244,8.9664,8.7419,9.6245,9.0160,8.8770,8.8678,8.5673,8.3015,8.3644,8.2799,7.9824,7.8243,8.0518,7.7364,8.3638,8.3921,8.5773,8.0831,8.5598,7.7806,8.1942,8.3989,8.1431,7.9653,7.6802,7.5740,7.5817,7.4248,7.2785,7.3253,7.1305,7.0269,6.9302,6.7820,6.4556,5.8245,6.5940,6.4264,6.8897,6.7004,6.2619,6.4294,6.5885,6.4417,6.3618,6.7526,7.0447,7.6391,7.4279,7.7401,8.4358,8.6523,8.5440,8.9237,9.9142,9.8631,9.5831,9.9905,10.1512,9.8646,9.5265,9.8703,9.6413,9.9565,11.4120,11.1954,13.9574,13.9954,14.7086,15.1972,15.4424,15.2697,15.6055,15.6627,15.5742,15.5414,15.4631,15.1550,14.8684,14.8008,15.0366
45108.7916667,-2.5608,-3.0707,-4.2768,-4.1194,-4.5997,-5.3468,-5.8655,-5.2877,-2.1078,-2.6406,-2.1057,-3.0283,-3.1709,-3.4024,-1.4548,-1.9997,-2.5955,-2.7947,-2.7138,-2.3502,-2.5463,-1.7298,-2.3426,-2.2764,-2.4065,-2.9941,-2.1924,0.9950,0.6683,1.4557,1.4979,2.0693,2.3091,1.7321,2.0059,1.9816,1.8981,2.0007,3.0123,1.4760,4.3021,3.7276,4.5816,4.0154,2.9883,1.9443,1.4454,1.0919,3.6153,3.7304,2.8431,2.4173,1.7948,1.5056,2.0491,2.3045,1.8586,1.8088,0.9274,0.3150,0.1311,0.0472,1.5873,1.5811,1.1039,1.3189,0.5757,1.8865,1.5034,1.2554,1.3913,2.2441,2.6718,1.6640,2.2207,2.0542,2.0635,2.9617,3.4350,3.6972,2.4307,2.1633,2.0499,2.0913,4.6162,3.9500,3.5281,3.5104,2.9329,2.1680,2.2983,1.5517,0.8425,0.4724,0.0195,-0.7390,-1.6406,-1.9762,-1.8824,-2.4041,-2.6999,-3.2805,0.7081,0.6627,0.2321,-0.1492,-0.6781,1.2947,1.0024,-0.0494,-0.9000,-1.1922,-1.1144,-1.4635,-1.7116,-1.5216,-1.4094,-1.9685,-1.4927,-1.2316,-1.5020,-1.8174,-1.0989,-1.8177,-0.8379,-1.4372,-2.1440,-2.2885,-2.4826,-1.5852,-1.6020,-1.8080,-1.7574,-1.6593,-1.7900,-1.9632,-2.2357,-2.6385,-2.8386,-2.8341,-2.2557,-2.7351,-2.6327,-3.4659,-3.4257,-2.6440,-2.8289,-3.0339,-2.6938,-2.4569,-2.7495,-2.8103,-3.1307,-1.9341,-1.8366,-2.4449,-2.3072,-1.8238,-2.0434,-1.3054,-1.2335,-0.6844,-0.4393,-0.5504,-0.3214,0.1830,-0.4327,-0.1662,-0.3964,0.3874,1.1290,2.7160,3.3930,3.5269,3.9532,3.8789,4.3812,4.1590,4.2388,4.2331,4.1422,4.2598,4.5346,4.7018,4.6701,4.0830
45108.8333333,-11.7465,-11.6251,-11.0499,-11.8339,-11.9237,-11.7084,-12.2027,-14.1436,-9.6611,-9.7664,-10.8772,-10.4213,-10.8171,-11.0362,-9.6509,-9.7734,-9.7465,-10.0294,-10.4322,-11.2786,-11.1491,-12.1952,-11.4925,-11.6000,-11.4872,-10.9364,-11.6610,-9.6621,-8.1456,-8.9528,-8.8824,-9.1243,-8.9525,-8.0577,-8.1814,-7.9922,-7.1877,-7.3322,-8.3685,-6.6696,-5.1184,-4.4908,-5.6501,-5.2480,-5.0636,-5.5446,-6.1920,-6.7012,-4.3469,-4.9333,-4.4891,-4.8668,-5.1208,-5.4794,-6.6531,-7.6594,-7.6117,-7.8736,-6.6044,-6.4347,-6.5252,-6.6960,-8.7420,-8.8729,-8.5483,-8.9566,-7.7814,-7.1838,-7.5016,-7.3730,-7.4867,-8.3258,-8.5107,-7.0741,-7.6965,-7.2713,-7.0580,-7.7549,-8.0157,-7.2213,-5.9637,-5.8887,-5.9116,-6.1541,-5.4851,-5.0989,-5.2001,-5.7770,-5.6894,-5.2197,-6.1345,-6.3138,-6.4530,-7.3649,-7.9040,-8.1354,-8.2813,-8.3990,-8.5252,-8.9004,-9.4982,-9.9768,-6.2635,-7.0151,-7.3473,-7.4615,-7.6336,-7.1413,-8.0085,-8.1060,-8.1352,-8.6985,-9.1282,-9.0277,-9.1140,-9.6071,-9.9397,-9.5614,-10.2109,-9.6985,-9.8325,-9.6390,-10.5942,-9.9349,-11.1964,-10.6445,-10.1439,-10.2263,-10.2907,-10.8610,-10.9935,-10.9640,-11.1955,-11.4059,-11.1849,-11.2786,-11.2158,-11.1160,-11.1870,-11.5468,-12.5476,-11.6000,-11.9520,-11.2530,-11.5277,-12.4554,-12.4357,-12.1953,-12.6037,-12.9116,-12.6315,-12.7132,-12.2478,-13.2068,-12.9222,-11.9761,-11.8061,-12.0691,-11.5827,-10.3349,-10.1918,-10.5817,-10.0263,-9.6360,-9.8866,-10.3673,-9.6323,-9.9930,-9.7834,-8.3522,-9.0963,-6.0582,-6.4770,-5.9429,-5.5560,-5.1538,-5.4070,-4.8857,-4.7806,-4.6526,-4.5011,-4.5011,-4.8155,-5.0344,-4.9930,-4.3672
45108.8750000,-33.9181,-41.4051,-59.0870,-52.1853,-56.8661,-66.2015,-68.1072,-50.9890,-62.0757,-67.5467,-54.5574,-67.9364,-66.9810,-67.3012,-56.2783,-60.8863,-67.0038,-67.4269,-63.9250,-54.4348,-57.6810,-41.8642,-54.1109,-52.9873,-55.4437,-64.7160,-51.4619,-39.2488,-55.6647,-42.5934,-43.8494,-37.4655,-37.7807,-51.3073,-48.0977,-50.4661,-58.0817,-55.5959,-38.1605,-66.1629,-51.0574,-61.1702,-42.8318,-50.5710,-59.3982,-62.8903,-60.6622,-58.2964,-54.3335,-47.6001,-58.8574,-58.9380,-61.6974,-60.5817,-45.5297,-35.1829,-40.5295,-39.3103,-58.0946,-65.0619,-65.9516,-65.4530,-34.9049,-35.2836,-43.4259,-39.3094,-57.2715,-51.2901,-58.2560,-63.6785,-61.9975,-46.6840,-41.9609,-65.7940,-55.1155,-60.1719,-62.0940,-47.2853,-40.0949,-42.7852,-63.3194,-64.8086,-64.8272,-61.8727,-43.0076,-51.8752,-53.7088,-47.7360,-52.1660,-62.3554,-52.0332,-55.4286,-59.0581,-53.8868,-53.1620,-57.9982,-64.6180,-66.1969,-64.1464,-65.8722,-64.0508,-65.6971,-59.9479,-54.8210,-56.7197,-59.5208,-63.2097,-49.3744,-45.8341,-55.5684,-64.1117,-62.9821,-58.7652,-62.9800,-64.5679,-58.8145,-55.3291,-64.0547,-54.6838,-57.3890,-60.0228,-65.2603,-51.3184,-64.1398,-44.9983,-56.0596,-67.0659,-67.6677,-68.7868,-55.8720,-55.0528,-57.3777,-54.9797,-52.1954,-54.6134,-55.0410,-57.6608,-61.8226,-62.8740,-59.8444,-46.1354,-58.5914,-54.7356,-68.3409,-65.3657,-50.7684,-53.4467,-57.6901,-51.6458,-47.5377,-54.0087,-56.3059,-64.9804,-47.7840,-49.8772,-63.9366,-64.6116,-58.0910,-64.7012,-67.8394,-67.5954,-59.0152,-60.8178,-64.3821,-59.3625,-50.3446,-61.9164,-56.1613,-60.5947,-65.8982,-53.8668,-64.2410,-55.6640,-60.3847,-60.7385,-64.5689,-57.4737,-63.7924,-63.7633,-63.8121,-65.2464,-63.7116,-58.0636,-54.0176,-54.2928,-64.4064
45108.9166667,-39.0268,-46.5706,-64.2006,-57.4168,-62.1328,-71.4011,-73.2512,-56.1813,-67.3465,-72.8256,-60.0268,-73.4200,-72.5787,-73.0297,-61.6848,-66.3945,-72.6121,-73.1503,-69.7388,-60.4050,-63.7188,-48.0744,-60.2877,-59.2333,-61.7283,-70.9919,-57.8658,-45.7942,-62.1381,-49.1784,-50.4874,-44.2240,-44.6309,-58.1353,-55.0048,-57.3996,-64.9953,-62.5421,-45.2413,-73.0630,-57.9054,-67.9515,-49.7387,-57.4163,-66.1417,-69.5298,-67.2806,-64.9155,-60.9348,-54.2442,-65.4166,-65.4730,-68.1733,-67.0264,-52.0343,-41.7107,-46.9836,-45.7601,-64.4034,-71.2875,-72.1325,-71.5937,-41.2211,-41.5782,-49.6452,-45.5554,-63.4099,-57.4988,-64.7841,-70.4049,-68.8768,-53.7972,-49.2274,-73.1012,-62.5387,-67.6425,-69.6314,-54.9660,-47.8493,-50.4938,-70.8608,-72.2931,-72.2630,-69.2785,-50.4041,-59.1286,-60.8637,-54.8567,-59.1912,-69.2615,-58.9505,-62.2506,-65.7688,-60.5097,-59.6870,-64.3979,-70.8900,-72.4298,-70.3358,-71.9790,-70.1009,-71.6727,-65.9333,-60.8572,-62.7542,-65.5350,-69.1711,-55.3859,-51.8205,-61.5069,-70.0143,-68.9414,-64.7899,-69.0048,-70.6140,-64.9265,-61.4980,-70.1900,-60.9144,-63.6394,-66.2464,-71.4618,-57.6369,-70.4024,-51.4560,-62.5128,-73.5012,-74.1432,-75.2808,-62.4811,-61.6945,-64.0390,-61.7006,-58.9829,-61.4318,-61.9000,-64.5400,-68.6985,-69.7502,-66.7452,-53.1366,-65.5244,-61.6976,-75.2056,-72.2474,-57.7394,-60.3962,-64.6202,-58.6284,-54.5569,-61.0018,-63.3569,-72.1050,-55.2362,-57.3999,-71.4276,-72.1899,-65.7703,-72.3869,-75.5063,-75.3284,-66.8522,-68.6303,-72.1863,-67.2026,-58.2419,-69.7144,-63.9748,-68.3989,-73.7168,-61.8314,-72.0761,-63.6397,-68.4180,-68.8608,-72.6980,-65.6724,-71.9616,-71.9412,-71.9804,-73.3894,-71.8447,-66.2095,-62.1620,-62.4118,-72.4187
45108.9583333,-39.5494,-47.2584,-65.2535,-58.3242,-63.1770,-72.6471,-74.5489,-57.1121,-68.7443,-74.3238,-61.2439,-74.9331,-74.0738,-74.5742,-62.6464,-67.5312,-73.9924,-74.6488,-71.2281,-61.7787,-65.2568,-49.3305,-61.8751,-60.8683,-63.4881,-73.0417,-59.6888,-47.5302,-64.3325,-51.1373,-52.5424,-46.2032,-46.6901,-60.5464,-57.3955,-59.8872,-67.7038,-65.2351,-47.5811,-76.0485,-60.5310,-70.8090,-52.1962,-60.0455,-68.9434,-72.3613,-70.0150,-67.5635,-63.5150,-56.6538,-68.0504,-68.0781,-70.8115,-69.6199,-54.2747,-43.7074,-49.0814,-47.8193,-66.8766,-73.8868,-74.7267,-74.1494,-43.0770,-43.4231,-51.6430,-47.4378,-65.6666,-59.5983,-67.0241,-72.8371,-71.3504,-56.0414,-51.4909,-76.1111,-65.3594,-70.6846,-72.8477,-57.9437,-50.7414,-53.4808,-74.3209,-75.8085,-75.7943,-72.7535,-53.4534,-62.3634,-64.1070,-57.9206,-62.2944,-72.5393,-61.9232,-65.2122,-68.7244,-63.2412,-62.3104,-67.0308,-73.5677,-75.1014,-72.8990,-74.4975,-72.4964,-74.0168,-68.0912,-62.8511,-64.7524,-67.5756,-71.2670,-57.2032,-53.5160,-63.3848,-72.0389,-70.9065,-66.6578,-70.9616,-72.6057,-66.7944,-63.3027,-72.2029,-62.7519,-65.5991,-68.2842,-73.6405,-59.5359,-72.6114,-53.2867,-64.6355,-75.9020,-76.5884,-77.7702,-64.7175,-63.9329,-66.3530,-63.9892,-61.2417,-63.7841,-64.2997,-67.0404,-71.3288,-72.4256,-69.3776,-55.4905,-68.1911,-64.2939,-78.1116,-75.0967,-60.2737,-62.9906,-67.3133,-61.1945,-57.0350,-63.6272,-66.0364,-75.0054,-57.8535,-60.1125,-74.4934,-75.3529,-68.8528,-75.6857,-78.9540,-78.8578,-70.2660,-72.1196,-75.8069,-70.7346,-61.6015,-73.3638,-67.5196,-72.0492,-77.5276,-65.4001,-75.8781,-67.3108,-72.2773,-72.8178,-76.7802,-69.6367,-76.0989,-76.1051,-76.1576,-77.6076,-76.0369,-70.2807,-66.1422,-66.3966,-76.6207
45109.0000000,-40.8431,-48.7868,-67.2681,-60.1877,-65.2120,-74.9341,-76.8952,-59.0080,-71.1821,-76.8946,-63.4801,-77.5185,-76.6209,-77.1356,-64.6104,-69.6139,-76.2650,-76.9757,-73.4932,-63.8480,-67.4817,-51.1898,-64.1086,-63.1367,-65.8875,-75.7716,-62.1369,-49.8750,-67.2234,-53.7564,-55.2922,-48.8746,-49.4732,-63.7584,-60.5849,-63.1901,-71.2656,-68.7726,-50.6912,-79.9282,-64.0227,-74.5874,-55.5053,-63.5720,-72.7070,-76.2213,-73.7992,-71.2656,-67.1667,-60.1119,-71.7853,-71.7844,-74.5566,-73.3090,-57.5440,-46.6786,-52.1748,-50.8679,-70.4246,-77.5988,-78.4470,-77.8403,-45.9440,-46.2860,-54.7010,-50.3686,-69.0609,-62.8082,-70.3084,-76.2449,-74.7278,-59.0589,-54.4459,-79.8274,-68.8272,-74.3769,-76.7165,-61.5178,-54.2103,-57.0768,-78.4946,-80.0642,-80.0849,-76.9941,-57.2349,-66.4098,-68.2244,-61.8932,-66.3877,-76.9021,-65.9908,-69.3265,-72.8795,-67.1772,-66.1550,-70.9216,-77.5445,-79.0810,-76.7686,-78.3359,-76.2070,-77.6750,-71.5351,-66.0893,-67.9743,-70.8190,-74.5533,-60.1236,-56.2702,-66.3416,-75.1733,-73.9696,-69.5960,-73.9982,-75.6717,-69.6989,-66.1090,-75.2340,-65.5406,-68.4940,-71.2403,-76.7403,-62.2797,-75.7107,-55.9206,-67.6108,-79.2061,-79.9400,-81.1712,-67.8123,-67.0238,-69.5258,-67.1211,-64.3254,-66.9660,-67.5237,-70.3696,-74.8003,-75.9452,-72.8416,-58.6199,-71.6930,-67.7159,-81.9117,-78.8387,-63.6555,-66.4614,-70.9092,-64.6461,-60.3887,-67.1673,-69.6505,-78.8630,-61.2988,-63.6354,-78.4067,-79.3250,-72.6882,-79.7364,-83.1546,-83.1357,-74.3956,-76.3514,-80.1986,-75.0255,-65.6937,-77.8220,-71.8914,-76.6220,-82.3184,-69.8941,-80.6592,-71.8983,-77.0488,-77.6729,-81.7711,-74.4762,-81.1389,-81.1762,-81.2476,-82.7505,-81.1540,-75.2602,-71.0220,-71.2899,-81.7873
45109.0416667,-35.9772,-43.8718,-62.2380,-55.1661,-60.1773,-69.8388,-71.7666,-53.9412,-66.2332,-71.9325,-58.5947,-72.5955,-71.7030,-72.2341,-59.4667,-64.4452,-71.0828,-71.8055,-68.3405,-58.7485,-62.4176,-46.2161,-59.1147,-58.1914,-60.9799,-70.9013,-57.3696,-45.2903,-62.6627,-49.3044,-50.9325,-44.6343,-45.3463,-59.6653,-56.5836,-59.2435,-67.3546,-64.9278,-46.9532,-76.1282,-60.2914,-70.8350,-51.8379,-59.8916,-69.0158,-72.5406,-70.1359,-67.6174,-63.5534,-56.5212,-68.1466,-68.1338,-70.8816,-69.6271,-53.9064,-43.0712,-48.5361,-47.2282,-66.7142,-73.8468,-74.6782,-74.0592,-42.2668,-42.6001,-50.9716,-46.6447,-65.2600,-58.9918,-66.3657,-72.2500,-70.7380,-55.1489,-50.5779,-75.8976,-64.9548,-70.5351,-72.9382,-57.8726,-50.6620,-53.5750,-74.9568,-76.5626,-76.6133,-73.5580,-53.8865,-63.0613,-64.9067,-58.6331,-63.1430,-73.6414,-62.7924,-66.1291,-69.6714,-63.9772,-62.9384,-67.6568,-74.2138,-75.7261,-73.3837,-74.8967,-72.7216,-74.1156,-67.8254,-62.3432,-64.1668,-66.9508,-70.6193,-56.1994,-52.2697,-62.2302,-70.9690,-69.7207,-65.3497,-69.7230,-71.3786,-65.4187,-61.8323,-70.9182,-61.2608,-64.2178,-66.9338,-72.4103,-58.0009,-71.3857,-51.6949,-63.3709,-74.9477,-75.7066,-76.9491,-63.6611,-62.8932,-65.4080,-63.0375,-60.2812,-62.9491,-63.5367,-66.4082,-70.8555,-72.0154,-68.9461,-54.8039,-67.8692,-63.9307,-78.0955,-75.0586,-59.9563,-62.7783,-67.2339,-61.0193,-56.7982,-63.5827,-66.0963,-75.3095,-57.8548,-60.2008,-74.9338,-75.8748,-69.2834,-76.3249,-79.7245,-79.7618,-71.1073,-73.0887,-76.9764,-71.8551,-62.5958,-74.7422,-68.9089,-73.7569,-79.5327,-67.2065,-77.8964,-69.1992,-74.3723,-75.0435,-79.1520,-71.9090,-78.5720,-78.6332,-78.7232,-80.2351,-78.6559,-72.7945,-68.5818,-68.8560,-79.3249
45109.0833333,-37.5220,-45.5654,-64.3000,-57.0561,-62.1721,-72.0256,-73.9639,-55.6808,-68.4142,-74.1959,-60.5442,-74.8278,-73.8968,-74.4343,-61.2732,-66.3345,-73.1035,-73.8326,-70.2821,-60.4693,-64.2305,-47.6805,-60.8654,-59.9371,-62.8049,-72.9815,-59.1870,-47.0330,-64.8541,-51.2408,-52.9637,-46.5946,-47.4110,-62.1119,-59.0335,-61.8136,-70.1753,-67.7588,-49.4419,-79.3020,-63.2556,-74.0585,-54.6715,-62.9256,-72.2797,-75.9265,-73.4810,-70.9095,-66.8698,-59.6808,-71.5544,-71.5341,-74.3323,-73.0425,-56.9730,-45.8920,-51.4671,-50.1215,-70.0373,-77.3140,-78.1564,-77.5166,-45.0186,-45.3466,-53.8862,-49.4502,-68.4651,-62.0536,-69.4602,-75.4122,-73.8417,-57.9062,-53.2324,-79.0808,-67.8987,-73.6132,-76.0906,-60.7373,-53.4112,-56.4439,-78.3227,-80.0016,-80.0842,-76.9875,-56.9723,-66.3822,-68.3048,-61.9296,-66.5722,-77.3273,-66.2704,-69.7043,-73.3486,-67.5553,-66.5099,-71.3363,-78.0297,-79.5660,-77.1740,-78.6991,-76.4480,-77.8234,-71.3658,-65.7116,-67.5164,-70.3087,-74.0053,-59.2635,-55.1565,-65.2284,-74.0732,-72.7186,-68.2185,-72.6583,-74.3197,-68.2055,-64.5142,-73.7743,-63.8885,-66.9151,-69.6622,-75.2409,-60.5012,-74.1617,-54.0375,-65.9648,-77.7900,-78.5691,-79.8384,-66.2779,-65.4959,-68.0698,-65.6552,-62.8510,-65.6005,-66.2211,-69.1815,-73.7505,-74.9513,-71.8336,-57.4035,-70.7893,-66.7826,-81.2719,-78.1881,-62.7818,-65.6854,-70.2548,-63.9253,-59.6307,-66.5940,-69.2042,-78.6521,-60.8558,-63.2696,-78.3345,-79.3179,-72.6001,-79.8107,-83.3034,-83.3706,-74.5576,-76.6099,-80.6195,-75.4085,-65.9768,-78.4396,-72.5478,-77.6371,-83.6875,-71.1699,-82.1559,-73.3107,-78.6373,-79.3646,-83.5822,-76.2032,-83.0325,-83.1158,-83.2238,-84.7832,-83.1844,-77.2087,-72.9162,-73.2061,-83.9168
45109.1250000,-38.6642,-46.8084,-65.8349,-58.4225,-63.5959,-73.6008,-75.5382,-56.8827,-70.0225,-75.8771,-61.9499,-76.4566,-75.4790,-75.9998,-62.5322,-67.6429,-74.5021,-75.2218,-71.5941,-61.5882,-65.4118,-48.5587,-61.9782,-61.0336,-63.9555,-74.3281,-60.3013,-48.1026,-66.2957,-52.4628,-54.2523,-47.8107,-48.7018,-63.7146,-60.6307,-63.5091,-72.0840,-69.6797,-51.0828,-81.5243,-65.3473,-76.3791,-56.6731,-65.1060,-74.6761,-78.4843,-76.0406,-73.4405,-69.4683,-62.1538,-74.2419,-74.2227,-77.0681,-75.7498,-59.3913,-48.1012,-53.7694,-52.3879,-72.6626,-80.0615,-80.9158,-80.2625,-47.1707,-47.4924,-56.1753,-51.6477,-71.0059,-64.4853,-71.9696,-77.9848,-76.3551,-60.1057,-55.3260,-81.6085,-70.2153,-76.0234,-78.5435,-62.9204,-55.4727,-58.5851,-80.8627,-82.5878,-82.6893,-79.5530,-59.2553,-68.8618,-70.8495,-64.3923,-69.1529,-80.1333,-68.9091,-72.4315,-76.1716,-70.3154,-69.2890,-74.2334,-81.0707,-82.6344,-80.2286,-81.7893,-79.4996,-80.8822,-74.3068,-68.5277,-70.3266,-73.1315,-76.8575,-61.8452,-57.5989,-67.7600,-76.6958,-75.2498,-70.6320,-75.1205,-76.7761,-70.5216,-66.7281,-76.1184,-66.0197,-69.0857,-71.8470,-77.4971,-62.4652,-76.3427,-55.8299,-67.9475,-79.9659,-80.7462,-82.0297,-68.2376,-67.4371,-70.0539,-67.5938,-64.7388,-67.5451,-68.1847,-71.2114,-75.8761,-77.1101,-73.9524,-59.2809,-72.9358,-68.8729,-83.6388,-80.5172,-64.8634,-67.8414,-72.5027,-66.0752,-61.7194,-68.8405,-71.5568,-81.2265,-63.1611,-65.6367,-80.9805,-82.0010,-75.1753,-82.5328,-86.1256,-86.2136,-77.2637,-79.3723,-83.4768,-78.1808,-68.5967,-81.3195,-75.3794,-80.6936,-87.0110,-74.3662,-85.6311,-76.6945,-82.1711,-82.9578,-87.2658,-79.7713,-86.7404,-86.8431,-86.9574,-88.5523,-86.9356,-80.8625,-76.4990,-76.8008,-87.7130
45109.1666667,-39.6847,-47.9175,-67.2129,-59.6207,-64.8340,-74.9704,-76.8735,-57.8006,-71.3090,-77.2305,-63.0335,-77.7604,-76.7365,-77.2420,-63.5153,-68.6710,-75.6102,-76.3082,-72.5945,-62.3846,-66.2648,-49.1064,-62.7474,-61.7794,-64.7460,-75.3045,-61.0395,-48.7806,-67.3231,-53.2534,-55.0898,-48.5632,-49.5074,-64.8103,-61.7074,-64.6647,-73.4367,-71.0284,-52.1405,-83.1482,-66.8907,-78.1387,-58.1136,-66.7196,-76.5059,-80.4644,-78.0312,-75.4191,-71.5559,-64.1281,-76.4382,-76.4332,-79.3383,-78.0034,-61.3650,-49.8811,-55.6477,-54.2381,-74.8723,-82.3926,-83.2589,-82.5918,-48.9177,-49.2352,-58.0591,-53.4425,-73.1365,-66.5194,-74.0975,-80.1944,-78.5203,-61.9730,-57.0897,-83.7800,-72.1801,-78.0737,-80.6174,-64.7226,-57.1444,-60.3390,-83.0040,-84.7586,-84.8597,-81.6655,-61.0844,-70.8574,-72.8867,-66.3303,-71.1931,-82.3810,-70.9873,-74.5965,-78.4324,-72.5113,-71.5001,-76.5647,-83.5551,-85.1573,-82.7524,-84.3620,-82.0517,-83.4697,-76.8071,-70.9290,-72.7486,-75.5908,-79.3647,-64.1157,-59.7510,-70.0217,-79.0610,-77.5380,-72.8132,-77.3559,-79.0119,-72.6238,-68.7320,-78.2523,-67.9436,-71.0417,-73.8023,-79.5150,-64.1847,-78.2638,-57.3557,-69.6363,-81.8223,-82.5911,-83.8745,-69.8402,-69.0108,-71.6573,-69.1429,-66.2313,-69.0883,-69.7321,-72.8101,-77.5558,-78.8110,-75.6008,-60.6815,-74.5976,-70.4733,-85.5039,-82.3418,-66.4362,-69.4827,-74.2404,-67.7184,-63.3017,-70.5711,-73.3809,-83.2711,-64.9532,-67.4969,-83.1228,-84.1856,-77.2587,-84.7591,-88.4530,-88.5685,-79.4850,-81.6486,-85.8458,-80.4692,-70.7320,-83.6972,-77.6888,-83.1976,-89.7754,-77.0108,-88.5739,-79.5664,-85.2129,-86.0740,-90.4791,-82.8744,-89.9810,-90.1011,-90.2275,-91.8573,-90.2200,-84.0475,-79.6138,-79.9249,-91.0324
45109.2083333,-41.8006,-50.2005,-69.9839,-62.1198,-67.4158,-77.8041,-79.7039,-59.9961,-74.0087,-80.0422,-65.3872,-80.4782,-79.3856,-79.8645,-65.8099,-71.0575,-78.1406,-78.8137,-74.9693,-64.4321,-68.3891,-50.7217,-64.7295,-63.7121,-66.7422,-77.5816,-62.9089,-50.4737,-69.5656,-55.0970,-56.9764,-50.2659,-51.2452,-66.9865,-63.8076,-66.8624,-75.9171,-73.4629,-54.0637,-85.9639,-69.4909,-81.0742,-60.4988,-69.3644,-79.4600,-83.6083,-81.1517,-78.4886,-74.7490,-67.1217,-79.7889,-79.8015,-82.8040,-81.4415,-64.3455,-52.5449,-58.4831,-57.0305,-78.2596,-85.9929,-86.8904,-86.2114,-51.5836,-51.9011,-60.9681,-56.2123,-76.4699,-69.7072,-77.4776,-83.7211,-81.9761,-64.9338,-59.8906,-87.3101,-75.3689,-81.4065,-83.9998,-67.6353,-59.8275,-63.1258,-86.4166,-88.2176,-88.3240,-85.0419,-63.9750,-74.0240,-76.1066,-69.3626,-74.3633,-85.8727,-74.1590,-77.8714,-81.8285,-75.7657,-74.7548,-79.9900,-87.2046,-88.8559,-86.4303,-88.1091,-85.7569,-87.2310,-80.5231,-74.4806,-76.3412,-79.2591,-83.1346,-67.5221,-63.0251,-73.5457,-82.8139,-81.2163,-76.3321,-80.9822,-82.6581,-76.0662,-72.0376,-81.7946,-71.1607,-74.3317,-77.1424,-82.9842,-67.1868,-81.6215,-60.0653,-72.6312,-85.1077,-85.8555,-87.1443,-72.7085,-71.8304,-74.5229,-71.9099,-68.8903,-71.8092,-72.4500,-75.5980,-80.4631,-81.7463,-78.4386,-63.0914,-77.4072,-73.1636,-88.6179,-85.3683,-69.0285,-72.1674,-77.0587,-70.3577,-65.8236,-73.3187,-76.2495,-86.4591,-67.6688,-70.3035,-86.3786,-87.4934,-80.3862,-88.1193,-91.9914,-92.1260,-82.8047,-85.0549,-89.3888,-83.8639,-73.8632,-87.2180,-81.0756,-86.8174,-93.7151,-80.6723,-92.6998,-83.5215,-89.4094,-90.3679,-94.9218,-87.1283,-94.4585,-94.6030,-94.7366,-96.4193,-94.7470,-88.4093,-83.8545,-84.1794,-95.6064
45109.2500000,-34.5735,-39.2243,-49.9668,-45.8733,-48.8721,-54.5001,-55.6388,-45.3453,-51.9112,-55.3201,-47.6635,-55.9536,-55.5551,-56.0118,-46.4433,-49.5051,-53.5692,-54.1709,-52.2502,-46.8221,-49.1344,-39.7998,-47.4236,-47.0278,-48.7989,-54.7944,-47.0237,-39.7614,-50.0379,-42.4306,-43.6952,-40.3071,-41.1080,-49.7703,-48.2724,-50.0920,-55.0286,-53.8928,-43.6350,-60.8976,-51.2259,-57.5156,-46.5684,-51.4178,-57.0567,-59.7000,-58.6670,-57.4263,-54.6255,-50.6184,-57.5096,-57.6556,-59.4001,-58.7502,-49.6447,-43.4587,-46.7540,-46.0504,-57.3993,-61.5960,-62.0873,-61.7271,-43.1923,-43.4114,-48.3222,-45.8323,-56.6959,-52.6685,-57.4432,-61.0791,-60.2780,-51.2459,-48.6586,-63.6749,-57.3232,-60.6646,-62.2079,-53.4958,-49.3541,-50.9163,-63.4076,-64.3682,-64.4166,-62.6615,-50.5499,-55.9804,-57.1605,-53.6093,-56.3451,-62.5619,-56.3534,-58.4220,-60.5914,-57.4515,-57.0144,-59.9467,-63.9466,-64.8727,-63.5210,-64.5207,-63.3609,-64.2641,-58.7601,-55.5916,-56.6593,-58.2408,-60.3687,-51.3924,-49.1026,-54.9134,-60.0104,-59.2794,-56.7012,-59.2261,-60.1605,-56.6484,-54.4972,-59.7495,-54.0509,-55.6401,-57.1990,-60.3607,-51.9207,-59.7055,-48.2220,-55.0498,-61.8316,-62.3047,-63.0492,-55.2635,-54.8456,-56.3673,-55.0468,-53.4998,-55.1084,-55.5553,-57.3472,-60.0722,-60.8421,-59.1790,-51.0769,-58.7865,-56.6128,-64.9975,-63.3483,-54.6704,-56.4870,-59.1815,-55.6815,-53.3434,-57.5480,-59.5042,-65.3468,-55.6935,-57.2217,-65.9351,-66.6917,-62.9711,-67.2416,-69.0059,-69.2376,-64.3739,-65.4589,-67.8555,-64.9324,-59.6166,-66.8941,-63.7879,-67.3342,-71.0476,-64.4320,-69.8951,-65.3014,-68.7496,-69.4884,-72.0009,-67.8688,-71.8501,-71.9800,-72.0228,-72.9105,-71.9838,-68.5767,-66.1125,-66.2699,-72.3780
45109.2916667,-21.6152,-24.2587,-30.1606,-28.1077,-30.0242,-33.1263,-33.8815,-28.3967,-30.9224,-32.8748,-28.8932,-33.5372,-33.4247,-33.8627,-26.6924,-28.5374,-30.9959,-31.5904,-30.6611,-27.9013,-29.3841,-24.4757,-28.6894,-28.6545,-29.7914,-33.3107,-29.2352,-24.7050,-30.3240,-26.2972,-27.1792,-25.5333,-26.2423,-31.1622,-30.5785,-31.7388,-34.5394,-34.1135,-28.6698,-38.2379,-32.2446,-35.7370,-29.9166,-32.6538,-35.9665,-37.6880,-37.2815,-36.7772,-34.4147,-32.3334,-36.1853,-36.4388,-37.5687,-37.3617,-32.4876,-29.3108,-31.1899,-30.9485,-37.1187,-39.5069,-39.8434,-39.6886,-29.6948,-29.8399,-32.5235,-31.2096,-37.0620,-34.4559,-37.2712,-39.4564,-39.2258,-34.5428,-33.3184,-41.6213,-38.2702,-40.2561,-41.2332,-36.6782,-34.5399,-35.3083,-42.1982,-42.8450,-42.9047,-41.9540,-34.5761,-37.4869,-38.1413,-36.2329,-37.7229,-41.0792,-37.8082,-39.0277,-40.2442,-38.6093,-38.3823,-39.9945,-42.2251,-42.8091,-42.0000,-42.6211,-42.0686,-42.6997,-37.9324,-36.2979,-36.9959,-37.8986,-39.1097,-33.6692,-32.4752,-35.7783,-38.5978,-38.2615,-36.9416,-38.3499,-38.9405,-37.1123,-35.9942,-38.8959,-35.8930,-36.6853,-37.5071,-39.2534,-34.6936,-38.9395,-32.8235,-36.5872,-40.3554,-40.7406,-41.1956,-36.8973,-36.6938,-37.5477,-36.8855,-36.1175,-37.0292,-37.3311,-38.3760,-39.9592,-40.4379,-39.5920,-35.2817,-39.4819,-38.3917,-43.0027,-42.2016,-37.5407,-38.6069,-40.1617,-38.3855,-37.2068,-39.6148,-40.9140,-44.3456,-39.5164,-40.4633,-45.2998,-45.9463,-44.0736,-46.5295,-47.1386,-47.5223,-45.0730,-45.5618,-46.9675,-45.4911,-42.6995,-46.7457,-45.1987,-47.4385,-49.4158,-46.1675,-48.1803,-46.0500,-48.2850,-48.9713,-50.4791,-48.3359,-50.5740,-50.7123,-50.8190,-51.3496,-50.8501,-49.0110,-47.6860,-47.7637,-51.0835
45109.3333333,-8.6479,-10.5189,-14.7705,-13.2750,-14.8933,-17.2296,-17.8571,-13.6984,-14.9388,-16.3725,-13.5608,-16.9675,-16.8194,-17.2042,-10.9555,-12.3241,-14.2188,-14.7282,-14.0519,-11.9845,-13.3003,-9.7505,-12.8144,-12.8758,-13.8804,-16.6361,-13.7980,-10.0758,-14.2690,-11.3400,-12.0905,-11.0323,-11.7389,-15.5010,-15.2952,-16.1496,-18.3248,-18.0978,-14.1168,-21.3528,-16.5825,-19.2835,-15.0416,-17.0965,-19.7280,-21.1375,-20.8461,-20.4918,-18.2139,-16.7083,-19.6232,-19.9320,-20.9072,-20.8913,-17.3184,-15.1138,-16.5252,-16.5125,-21.0957,-22.9990,-23.3624,-23.3259,-15.9937,-16.0933,-18.0929,-17.1398,-21.5044,-19.3418,-21.0997,-22.6717,-22.6367,-19.3153,-18.5507,-24.6982,-22.3335,-23.9577,-24.8044,-21.5542,-20.0438,-20.6393,-25.8820,-26.5930,-26.7441,-26.1018,-20.2230,-22.3436,-22.8339,-21.4283,-22.5104,-24.9770,-22.6847,-23.7045,-24.6478,-23.4536,-23.2011,-24.3158,-25.9147,-26.3967,-25.7154,-26.1497,-25.6958,-26.1802,-21.8504,-20.6860,-21.3071,-22.0714,-22.9570,-18.6197,-17.6737,-20.2008,-22.2622,-22.0118,-21.0897,-22.1740,-22.6727,-21.3909,-20.5935,-22.7564,-20.6622,-21.2507,-21.7991,-23.1332,-19.7777,-22.9340,-18.4978,-21.2817,-24.1474,-24.5707,-24.9513,-21.7434,-21.6030,-22.2260,-21.7570,-21.2288,-21.8637,-22.0483,-22.7944,-24.0225,-24.3805,-23.7411,-20.5458,-23.6083,-22.8173,-26.2350,-25.6670,-22.2086,-23.0331,-24.1974,-22.9355,-22.0923,-23.8753,-24.8487,-27.4136,-24.0006,-24.7366,-28.4087,-29.0692,-27.7968,-29.7115,-30.0210,-30.5445,-28.8918,-29.2314,-30.3301,-29.3481,-27.3853,-30.4411,-29.4470,-31.1782,-32.5277,-30.2400,-31.2002,-29.8165,-31.7614,-32.5229,-33.7965,-32.3109,-34.0689,-34.2695,-34.5063,-34.9986,-34.6808,-33.3466,-32.3957,-32.4594,-34.9655
45109.3750000,1.7999,-3.2479,-15.5432,-10.5228,-14.7540,-21.3664,-22.5399,-9.1086,-17.0910,-20.8060,-11.7072,-21.1367,-20.0992,-20.4629,-10.2839,-13.5425,-18.1523,-18.6767,-16.1360,-9.1191,-12.1609,-0.9344,-9.5229,-8.9376,-11.2589,-18.5226,-9.6025,-1.0175,-13.3241,-3.9644,-5.0336,-0.9770,-2.0001,-12.4864,-11.0372,-13.1830,-19.1008,-17.2885,-4.7357,-25.4753,-14.8444,-22.4659,-9.3268,-14.8980,-21.7540,-24.4504,-22.8786,-21.0751,-18.0504,-13.1885,-21.4637,-21.7675,-24.0051,-23.5006,-12.7381,-5.4207,-8.9921,-8.5638,-22.3546,-27.4903,-28.3083,-28.0464,-5.9625,-5.9469,-11.6806,-8.5613,-21.6874,-17.2812,-20.9923,-24.6335,-23.8796,-13.2087,-10.2827,-27.4034,-20.0674,-24.3370,-26.1636,-16.3537,-11.2853,-13.6130,-29.1043,-30.8171,-31.0694,-29.0348,-14.9038,-20.9757,-22.1476,-17.7156,-20.7743,-28.1391,-21.1764,-23.9647,-26.5378,-22.8053,-21.9183,-25.0251,-29.4756,-30.7356,-29.0190,-29.9732,-28.2732,-29.4035,-24.3829,-20.5567,-21.9589,-23.9848,-26.3058,-15.9256,-12.6579,-19.5066,-25.2125,-24.0565,-21.0631,-24.1431,-25.4250,-21.4592,-18.9715,-25.3863,-18.9597,-21.0138,-22.3592,-26.1047,-15.8728,-25.0492,-11.3444,-19.1953,-27.3364,-28.2208,-29.1295,-19.8515,-19.2901,-20.9307,-19.2939,-17.4777,-19.2067,-19.2680,-21.0467,-24.3267,-25.1502,-22.8329,-12.8681,-21.9137,-19.3740,-29.1432,-26.9952,-16.3646,-18.3755,-21.7922,-17.7533,-14.6973,-19.2834,-20.6506,-26.9392,-15.1949,-16.8847,-27.3890,-28.5627,-24.1770,-29.3178,-31.6116,-32.3333,-26.7552,-28.1791,-30.9368,-27.6832,-21.5388,-30.0863,-26.4870,-30.2302,-34.4505,-26.1966,-33.2396,-27.6366,-32.0369,-33.2030,-36.5238,-31.7176,-36.6531,-36.9735,-37.5950,-38.9710,-38.0561,-34.1729,-31.2521,-31.4066,-38.8423
45109.4166667,10.3743,4.3622,-11.1262,-4.7087,-10.1180,-18.3915,-19.9193,-2.5566,-12.9879,-17.4512,-6.0373,-17.6434,-16.1468,-16.4903,-5.6430,-9.4351,-14.9175,-15.3292,-11.9808,-2.8424,-6.5758,7.6889,-3.0777,-1.9208,-4.8215,-14.4721,-3.3765,6.8298,-8.2031,3.9309,2.3049,7.9368,7.0326,-6.0475,-4.3911,-7.1902,-14.6926,-12.2771,3.6945,-22.1376,-9.8488,-19.2213,-2.4749,-9.0888,-17.9045,-20.6568,-18.2598,-15.6116,-12.0257,-5.8001,-16.1046,-16.4747,-19.2858,-18.7216,-5.3144,3.8679,-0.4224,-0.0974,-17.6652,-24.2289,-25.3058,-24.9634,2.8530,3.1074,-3.8880,0.1023,-16.0803,-10.8346,-14.7361,-19.1659,-18.1319,-4.5293,-0.7522,-21.7569,-12.5856,-17.9857,-20.2616,-8.3047,-1.9926,-5.2572,-24.7563,-27.0226,-27.3936,-24.8807,-7.5333,-14.8896,-16.0430,-10.4126,-14.8309,-23.8584,-15.1295,-18.6623,-22.2503,-17.4649,-16.2056,-19.9491,-25.3891,-26.9905,-24.8463,-25.9552,-23.9288,-25.2750,-20.3011,-15.4597,-17.1995,-19.7603,-22.8289,-9.9199,-5.4294,-13.7169,-20.5752,-18.9160,-15.0463,-18.8831,-20.5098,-15.6116,-12.4513,-20.5382,-12.6810,-15.4360,-17.2003,-21.8968,-9.4317,-20.7565,-3.4886,-13.5105,-23.3614,-24.3378,-25.3391,-13.6938,-12.9447,-14.9432,-12.9099,-10.7337,-13.2464,-13.0523,-14.9755,-18.9605,-19.8903,-17.0573,-4.2790,-15.7681,-12.4885,-24.5565,-22.1023,-8.5984,-10.8664,-15.1139,-10.0462,-6.0875,-11.8494,-12.8598,-19.9825,-4.9336,-6.8232,-19.8891,-21.2903,-15.6661,-21.9980,-25.0707,-26.0670,-19.2847,-21.3889,-24.6510,-20.4713,-12.6750,-23.1696,-18.5451,-22.9271,-28.1359,-17.4586,-26.8324,-19.4444,-24.8167,-26.2154,-30.4119,-24.3147,-30.4923,-30.9201,-31.8904,-33.7325,-32.6851,-27.9444,-24.3260,-24.5295,-33.9098
45109.4583333,5.2820,0.4259,-13.6873,-8.2581,-13.1079,-20.6048,-21.6080,-4.3353,-13.3778,-17.3454,-5.8330,-16.9812,-15.7096,-16.0816,-6.4702,-9.8811,-14.9437,-15.3077,-12.1376,-3.4777,-7.0007,6.4308,-3.8539,-2.6162,-5.3732,-14.5098,-4.2097,5.8479,-8.4761,2.9045,1.2729,6.7200,6.0163,-5.7014,-4.6377,-7.5842,-14.8199,-13.3909,1.7324,-22.3091,-10.7388,-19.4194,-3.5644,-9.5220,-17.8263,-20.2908,-17.9035,-15.3494,-11.4480,-5.3930,-14.9299,-15.2018,-17.8086,-17.3160,-4.4555,4.3578,0.0188,0.5490,-16.2221,-22.6790,-23.9615,-23.8424,2.1061,2.4394,-3.8531,-0.3242,-15.8898,-11.0545,-13.5840,-17.3655,-16.3590,-3.5486,0.4521,-19.0797,-10.3256,-15.5782,-17.8810,-6.9873,-1.1235,-4.0797,-22.6108,-25.0941,-25.6801,-23.5186,-7.3022,-14.2424,-16.1175,-10.6293,-14.5180,-22.7911,-14.6993,-18.1672,-21.7148,-17.4326,-16.2945,-19.7623,-24.7716,-26.2852,-24.1784,-25.1373,-23.1724,-24.4009,-20.2758,-15.6785,-17.2925,-19.6867,-22.5636,-10.6751,-6.1372,-13.5328,-19.6814,-17.9011,-14.5346,-18.0222,-19.4532,-14.8224,-11.5327,-19.1639,-11.9991,-14.6771,-16.3683,-20.8110,-9.2615,-19.9163,-4.3819,-13.5740,-22.7882,-23.8003,-24.7790,-13.8712,-13.1343,-14.6402,-12.2302,-9.8468,-12.1894,-13.0074,-15.4814,-19.0101,-19.7269,-16.9807,-5.3535,-15.7947,-12.5364,-23.6249,-21.2803,-8.8250,-10.7704,-14.6386,-9.3178,-5.6417,-10.6969,-12.1744,-18.6025,-3.5131,-5.0295,-17.1352,-18.3924,-13.5616,-19.2240,-21.8733,-22.8825,-16.6812,-18.8010,-22.0234,-18.1962,-11.2453,-21.2870,-16.7603,-20.4560,-24.9717,-14.7974,-23.3684,-16.3440,-21.2799,-22.6825,-26.7278,-21.0686,-26.9240,-27.4138,-28.5116,-30.3852,-29.5284,-25.2414,-22.3686,-22.8086,-31.4631
45109.5000000,13.2957,6.7394,-11.9622,-4.5589,-10.5711,-20.4104,-21.5678,1.4205,-10.8835,-15.9177,-1.3255,-15.2159,-12.9259,-12.9521,-1.4285,-5.8933,-12.4884,-12.8512,-8.6293,2.2009,-2.1511,15.9701,2.5268,4.3528,0.9897,-10.6836,3.2090,16.4837,-2.3176,12.9065,10.6423,18.0676,17.2307,0.9746,3.0382,-0.3585,-9.6380,-7.5494,12.4040,-19.4414,-5.0572,-16.5932,4.3224,-3.5189,-14.2215,-17.2604,-14.0278,-11.4181,-6.8283,1.2990,-11.0872,-11.0474,-14.1064,-13.1471,4.1054,16.5537,11.5134,12.5993,-9.4412,-17.8217,-19.4452,-19.3062,15.0444,15.3751,6.9074,11.4776,-9.0039,-3.1667,-7.3833,-12.4744,-11.0279,4.9302,10.8507,-14.0397,-2.1882,-8.6808,-11.3883,3.2946,11.1723,7.2228,-17.1469,-20.2354,-20.9140,-17.9874,2.7961,-6.4720,-9.1349,-2.2185,-7.7615,-19.0022,-8.3074,-12.7443,-17.2200,-11.3048,-9.7405,-14.3401,-21.0122,-22.9744,-20.3060,-21.6197,-19.0381,-20.5893,-16.9582,-10.7762,-12.7473,-15.7648,-19.4753,-4.2920,1.5160,-8.2683,-16.3555,-13.8740,-9.3089,-13.8786,-15.7019,-9.4830,-4.9833,-14.8615,-5.0462,-8.3919,-10.4776,-16.2617,-0.8934,-15.0318,5.2385,-7.2359,-19.4480,-20.6303,-21.8440,-7.4159,-6.4138,-8.7046,-5.2093,-1.5853,-4.8391,-5.3802,-8.4917,-13.2965,-14.4017,-10.9260,4.1984,-9.9136,-5.7338,-20.5005,-17.3027,-0.7729,-3.3042,-8.2736,-0.9384,4.2251,-2.5580,-3.7347,-12.3244,7.7853,5.8196,-10.1208,-11.5289,-5.0204,-12.5043,-16.1746,-17.0496,-8.4241,-11.1330,-15.8255,-11.0830,-1.7184,-14.8301,-8.5441,-12.9645,-18.7944,-5.1830,-17.2078,-7.9165,-13.7995,-15.0879,-20.1893,-12.5233,-20.1639,-20.7184,-22.0424,-24.4322,-23.2483,-17.5127,-13.7274,-14.4098,-26.0945
45109.5416667,19.7044,11.9643,-5.4854,1.7119,-3.8193,-12.9093,-13.7019,8.8024,-1.9869,-6.5241,7.4338,-5.5089,-3.0941,-2.9569,8.1069,4.0555,-2.0250,-2.2293,1.8846,12.2040,7.9625,25.1853,12.4295,14.2242,10.9418,-0.1095,14.1009,26.8899,8.8977,23.2992,22.4691,29.5350,28.9636,13.0861,14.5188,10.8887,1.7589,3.4010,22.2912,-8.0504,5.1396,-5.8090,13.9191,5.3132,-4.5412,-6.5385,-3.0842,-0.5729,3.9653,11.6731,-0.1055,-0.0940,-2.9726,-2.0686,13.9051,26.3163,22.1481,23.8499,3.0530,-4.8190,-6.3091,-6.1387,26.3385,26.7297,18.8488,22.4082,3.1345,8.6357,5.2751,0.5342,1.7767,16.3720,20.7352,-1.9558,9.2167,3.3929,1.3697,16.6317,23.9399,19.8866,-3.5780,-6.8334,-7.6301,-4.9482,13.4966,4.2092,2.0606,8.2312,3.5015,-6.7367,3.5116,-0.8231,-5.3004,0.0619,1.4776,-2.8965,-9.1933,-11.1265,-8.4990,-9.6802,-7.1848,-8.6933,-5.4685,0.1870,-1.9130,-4.9364,-8.5343,5.7450,11.0969,2.1609,-5.2033,-2.6289,1.6797,-2.6350,-4.3760,1.4595,5.1214,-4.2049,5.1151,2.1166,0.4823,-4.8277,9.9018,-3.2930,16.7571,4.6625,-7.2034,-8.6192,-9.9302,3.6897,5.1787,2.8076,5.9796,9.2882,6.0022,5.4402,3.3577,-1.4338,-2.6134,0.5909,14.8536,1.4460,5.3613,-8.6289,-5.6841,9.9376,7.4774,2.6368,9.5349,13.7260,7.5020,7.0778,-0.3038,19.4823,17.2917,2.3172,1.1992,7.4528,0.5498,-2.7307,-3.5705,4.6042,2.0527,-2.4756,1.8446,10.5461,-2.0318,3.9279,0.1871,-4.7942,8.4459,-2.7196,6.1406,0.6605,-0.3991,-5.2454,1.5184,-5.4095,-5.7061,-7.0455,-9.3647,-8.2753,-2.9028,0.5485,-0.1753,-11.3551
45109.5833333,1.3186,-7.5680,-28.9998,-20.0542,-26.3566,-37.7820,-39.2614,-12.9532,-26.3849,-31.9426,-14.6168,-30.3449,-27.5791,-27.1937,-13.6784,-18.5910,-25.8231,-25.9279,-20.9528,-8.3281,-12.9565,8.0431,-7.4456,-6.2501,-9.6304,-22.1411,-4.4426,10.8247,-10.7728,6.6860,5.9691,14.8904,14.7434,-2.9107,-1.1017,-4.6984,-16.4361,-14.9490,7.4067,-29.4880,-13.9066,-27.3274,-3.5364,-14.0626,-26.1416,-29.7855,-25.9539,-22.6906,-17.7136,-8.9478,-22.8942,-22.4407,-25.6242,-24.2389,-4.3296,10.3516,4.9013,7.0630,-17.8321,-27.1502,-28.6996,-28.2809,11.4114,11.9980,2.4883,8.1483,-15.7502,-9.6523,-14.8303,-20.5816,-18.7231,-0.4594,4.8457,-24.1116,-10.8865,-17.7243,-20.0206,-0.8204,8.5492,3.1697,-24.3216,-27.3401,-27.8653,-24.4123,-2.2410,-13.9436,-17.0753,-10.1576,-16.3639,-29.2869,-16.6704,-21.4964,-26.4697,-19.6651,-18.0238,-23.4186,-31.1323,-33.2734,-30.2294,-31.7995,-28.8561,-30.5533,-27.2871,-20.2802,-22.5610,-26.0635,-30.4704,-13.4843,-7.6509,-18.8649,-28.2507,-25.3367,-19.8633,-24.9932,-26.8951,-19.1774,-14.7099,-25.9646,-14.3722,-17.3189,-20.1997,-26.9433,-9.2075,-25.3312,-1.3452,-15.1511,-28.9182,-30.0889,-31.5279,-14.6356,-13.6332,-15.8994,-12.2264,-8.2294,-12.0855,-12.9211,-16.3620,-21.6708,-22.8611,-18.8399,-1.4340,-17.6758,-12.9457,-30.1474,-26.5713,-7.8091,-10.4034,-16.2385,-8.0911,-3.1161,-11.1007,-12.4799,-21.8401,2.3188,-0.1365,-18.0949,-19.1464,-11.2618,-19.6185,-23.8489,-24.3433,-14.0436,-17.0405,-22.2721,-16.6860,-5.9019,-21.1879,-14.1027,-18.9851,-25.1959,-8.9710,-23.0006,-11.7981,-18.1378,-19.1750,-24.8178,-16.5686,-25.1145,-25.4976,-26.7207,-29.2964,-27.8370,-21.1421,-16.6890,-17.4481,-30.8943
45109.6250000,0.9243,-8.1343,-29.7701,-20.8050,-26.8726,-38.2565,-39.6603,-13.7214,-27.2223,-33.0482,-15.8270,-31.6592,-29.0238,-28.5871,-14.8489,-19.5920,-26.5830,-26.4820,-21.4260,-8.7059,-13.1282,7.9564,-7.4228,-6.2098,-9.6430,-22.0986,-4.3497,11.1964,-9.2449,8.0146,7.4749,16.4392,16.8038,0.1463,3.9812,0.9702,-10.3948,-8.9068,13.0669,-24.2657,-9.5499,-23.3923,-0.4210,-11.2280,-23.6977,-28.1652,-24.9041,-21.9173,-17.2889,-8.4856,-22.8440,-22.7005,-25.9127,-24.4014,-4.4145,10.7551,5.7020,8.2215,-16.3165,-25.4392,-26.8653,-26.3912,13.2874,13.8549,4.3121,10.1705,-12.5089,-6.6883,-12.9244,-19.0655,-17.2349,2.5426,8.7170,-21.6858,-8.7179,-16.0616,-18.8334,0.3393,9.7510,4.4726,-22.9301,-25.9141,-26.4145,-22.8942,-0.5304,-11.9678,-14.7836,-7.6481,-13.7404,-26.7077,-14.2226,-19.2345,-24.4123,-17.8754,-15.9957,-21.8480,-29.8645,-32.0460,-29.0612,-30.6801,-27.7712,-29.4436,-26.3313,-19.0083,-21.4716,-25.0393,-29.4665,-12.4438,-6.7070,-18.0528,-27.6888,-25.0643,-19.6409,-24.8162,-26.7276,-18.9286,-14.3411,-25.3602,-12.6604,-15.3274,-17.8975,-24.5010,-6.7942,-23.1195,0.4738,-13.9009,-28.0183,-29.2159,-30.6234,-13.6068,-12.3781,-14.5009,-10.5140,-6.3392,-9.9750,-10.7311,-14.3877,-19.9945,-21.3937,-17.5107,0.3044,-14.9571,-9.5918,-26.9158,-23.4889,-5.0043,-7.8261,-13.6944,-5.5571,0.0671,-7.7844,-10.4559,-20.7508,2.5745,0.6743,-17.2313,-18.1533,-10.1493,-18.4260,-22.6873,-22.9183,-11.7886,-14.8371,-20.0439,-14.4132,-3.5791,-18.7597,-11.1335,-16.6417,-23.1925,-7.0977,-21.3387,-9.8719,-15.8258,-16.3171,-21.9740,-13.6449,-22.1244,-22.4909,-23.6351,-26.1558,-24.6630,-17.9382,-13.4372,-14.1618,-27.5495
45109.6666667,-2.6054,-10.8178,-33.8366,-24.2963,-30.5238,-42.7578,-44.5477,-17.8750,-32.5596,-38.8898,-19.6364,-36.9562,-34.8366,-34.6714,-20.1601,-25.3752,-32.7988,-32.6636,-27.3485,-13.8322,-17.3055,4.7107,-11.6178,-10.2420,-12.7648,-25.9102,-7.6245,8.3534,-13.6814,4.7861,3.8454,13.8117,14.6547,-3.0548,1.3110,-1.6559,-12.9554,-10.5552,13.1319,-25.7011,-9.7194,-24.1767,-0.3703,-11.6882,-24.9541,-30.5298,-27.7331,-24.8571,-20.5690,-11.6074,-26.7202,-26.6535,-30.1970,-28.6895,-7.9313,7.8509,2.2916,4.9338,-20.7393,-30.2182,-31.5436,-30.8870,11.1204,11.6500,0.8958,7.2972,-16.5908,-9.2188,-15.9018,-22.6416,-20.3346,-0.4348,6.6135,-24.7282,-10.7743,-18.3228,-21.5251,-1.5129,7.8618,2.5864,-26.1779,-29.2286,-29.7864,-26.1280,-2.4538,-14.6635,-17.6312,-10.0382,-16.3878,-30.1187,-15.7978,-21.0970,-26.6616,-19.9792,-18.2302,-24.4590,-33.0625,-35.3243,-32.4116,-34.3898,-31.5627,-33.4635,-30.3541,-23.0438,-25.2955,-28.7861,-33.3837,-15.2932,-9.5707,-21.7737,-32.2641,-29.7479,-23.6530,-29.1689,-31.2155,-23.0178,-18.2300,-29.8845,-16.5117,-19.4109,-22.2673,-29.1098,-9.5994,-26.6424,-0.5764,-15.8655,-31.0525,-32.4341,-34.1475,-16.5770,-15.0485,-18.0470,-14.1169,-9.7640,-13.3029,-13.8796,-17.5194,-23.2389,-24.6354,-20.4828,-1.4216,-18.3498,-12.7679,-30.8646,-26.9138,-7.1190,-10.1229,-16.0408,-7.3250,-1.3041,-9.3112,-11.7472,-23.4140,0.2743,-2.6058,-21.1344,-22.2787,-13.4612,-22.4569,-27.3605,-27.4453,-16.0441,-18.8555,-23.8912,-17.5386,-5.2245,-21.2860,-13.3839,-19.4290,-26.7103,-9.8064,-25.4763,-13.4456,-19.5527,-19.7461,-25.2283,-16.1903,-25.1068,-25.4874,-26.4959,-29.0579,-27.4364,-20.2724,-15.3997,-16.1135,-30.2009
45109.7083333,-1.8607,-9.6536,-31.3729,-21.0578,-25.4537,-37.2299,-39.4951,-15.5368,-29.7068,-36.0983,-18.0294,-34.2605,-32.2229,-32.0589,-18.1062,-23.2682,-30.4772,-30.4963,-25.5965,-12.3088,-15.4329,5.2879,-10.0687,-8.5695,-10.9189,-22.9730,-5.6284,9.6681,-10.7540,6.6326,5.9461,14.8912,15.3923,-1.2413,3.1372,0.5033,-9.5017,-7.1930,15.0080,-21.4936,-5.9661,-19.4040,3.3563,-7.1492,-19.5602,-25.0011,-22.6330,-20.0765,-16.1766,-7.8799,-22.4275,-22.7388,-26.3855,-25.0829,-5.5618,8.8931,3.3390,5.8674,-17.8058,-26.7828,-28.0550,-27.4654,12.0919,12.3656,2.4447,8.3318,-14.5256,-7.3787,-13.7980,-19.9107,-17.6115,1.5420,8.1540,-21.6433,-8.3318,-15.2303,-18.0006,1.0492,10.0000,5.3285,-21.6974,-24.4531,-24.9628,-21.5275,0.9582,-10.6859,-13.5606,-6.4510,-12.5409,-25.6736,-12.2231,-17.0084,-22.0495,-15.6426,-14.2131,-20.2764,-28.6110,-30.7599,-28.1277,-30.1497,-27.6178,-29.5311,-26.3128,-19.5054,-21.4441,-25.1501,-29.8141,-12.6797,-7.4683,-19.0769,-29.1824,-27.0062,-21.2814,-26.4756,-28.3548,-20.6272,-15.7912,-26.7248,-14.1109,-16.8996,-19.7452,-26.2379,-7.8727,-23.9621,0.6960,-13.3053,-27.2815,-28.2912,-29.7690,-13.0828,-11.7008,-14.6727,-11.2751,-7.3647,-10.7626,-11.4532,-14.9543,-20.3789,-21.7247,-17.7995,0.1996,-15.1346,-9.8157,-27.0895,-23.4511,-4.5428,-7.5043,-13.0983,-4.9955,0.6839,-6.8861,-9.0070,-19.7672,2.5901,-0.2477,-17.9668,-19.0301,-10.7067,-19.0874,-24.2895,-24.4841,-13.5846,-16.4974,-21.5037,-15.4446,-3.7401,-18.5687,-10.8735,-16.3668,-23.3271,-7.5450,-22.3968,-11.2579,-17.0473,-17.4261,-22.4946,-13.6925,-21.8771,-22.0152,-22.7068,-24.9659,-23.3293,-16.4653,-11.7493,-12.3711,-25.6442
45109.7500000,-3.4805,-9.7935,-27.7282,-19.0563,-22.2934,-31.7559,-33.0923,-13.2502,-24.3313,-29.7694,-15.2454,-29.0102,-27.6850,-27.6290,-15.0985,-19.5201,-25.5461,-25.5379,-21.5151,-10.7543,-13.3827,3.9456,-8.4325,-6.9556,-8.9323,-18.5917,-4.1113,8.7246,-8.2726,6.0175,5.5156,13.1017,13.6838,-0.0190,3.7681,1.6926,-6.1846,-3.8126,14.7310,-15.2946,-1.9915,-13.0924,5.8757,-2.7842,-13.0631,-18.0046,-16.3114,-14.2402,-10.8835,-3.9657,-16.0729,-16.4884,-19.7213,-18.7633,-2.8288,8.7478,3.8027,5.6764,-13.9793,-21.3340,-22.2719,-21.7045,11.0996,11.4479,3.1861,8.1133,-10.7292,-4.6948,-10.9725,-16.2648,-14.3044,1.9318,7.4229,-17.4414,-6.2402,-11.7483,-13.9700,1.9072,9.5253,6.1696,-15.9634,-18.0529,-18.4296,-15.5879,3.3866,-6.3386,-8.7355,-2.8644,-7.9718,-19.0427,-8.1635,-12.1230,-16.3160,-11.1661,-10.3181,-15.2948,-22.3783,-24.1199,-22.0319,-23.8955,-21.8116,-23.5063,-20.1561,-14.7164,-16.4782,-19.4510,-23.3750,-8.9779,-5.1692,-15.2514,-24.1028,-22.6610,-17.9667,-22.2925,-23.8355,-17.4908,-13.5304,-22.5423,-12.0733,-14.3315,-16.7757,-21.9816,-6.8146,-20.0765,0.6660,-10.4980,-22.0892,-22.8262,-24.0806,-10.3379,-9.2841,-11.4943,-8.6977,-5.5023,-8.1234,-8.6731,-11.5758,-16.1294,-17.3564,-14.2614,0.4155,-12.3825,-8.0308,-22.3482,-19.1985,-3.5406,-6.0197,-10.4272,-3.6875,0.9809,-5.3994,-7.3546,-16.3100,2.3680,0.2045,-14.4740,-15.0098,-8.0015,-14.9203,-19.4633,-19.5779,-10.6034,-12.8600,-16.9146,-11.8134,-2.2715,-14.8074,-8.7677,-13.4129,-19.1440,-6.2383,-18.2891,-9.1354,-13.8193,-14.1962,-18.4056,-11.0677,-17.8463,-17.9204,-18.2375,-19.9595,-18.5018,-12.7075,-8.6381,-9.0691,-19.9803
45109.7916667,-3.1887,-8.9517,-23.9503,-17.1427,-20.1229,-27.9456,-28.9474,-12.4816,-20.8463,-25.2064,-13.1649,-24.4633,-23.3525,-23.3818,-12.0193,-15.8679,-20.9915,-20.9805,-17.7109,-9.0287,-11.3865,2.8474,-7.5219,-6.1213,-7.8449,-15.6682,-3.6647,7.4200,-6.4565,5.4232,4.9501,11.1556,11.5866,0.2433,3.4891,1.8071,-4.6005,-2.3329,13.1728,-11.3413,0.4675,-8.4977,7.3871,0.3843,-7.9966,-12.0771,-10.8225,-9.2250,-6.3749,-0.7260,-10.8301,-11.1973,-13.9409,-13.1974,-0.1380,9.0983,4.6780,6.0157,-10.2786,-16.3765,-17.1497,-16.6914,10.3191,10.4021,3.5189,7.4894,-7.9651,-2.8219,-8.5947,-13.2355,-11.6609,1.8179,6.2477,-14.3955,-5.0683,-9.4430,-11.1148,2.0021,8.4055,5.9893,-12.1641,-13.6661,-13.8067,-11.3205,4.9166,-2.9840,-4.8463,0.1144,-4.1172,-13.2701,-4.4675,-7.7939,-11.2857,-6.9623,-6.5162,-10.9135,-16.9559,-18.4417,-16.7695,-18.4325,-16.8941,-18.4079,-15.1704,-10.7785,-12.3984,-14.8577,-18.1297,-5.9639,-2.9460,-11.5217,-19.1192,-18.2540,-14.5344,-18.2211,-19.6005,-14.4887,-11.3235,-18.7888,-10.2805,-12.2289,-14.3162,-18.6369,-6.1393,-17.0904,0.1498,-9.0413,-18.4160,-18.7129,-19.6214,-8.1896,-7.3553,-9.2733,-7.0466,-4.4544,-6.5100,-6.8539,-9.1343,-12.8071,-13.7771,-11.1453,0.8703,-9.8949,-6.4566,-18.3707,-15.7947,-2.9606,-5.1605,-8.6894,-3.1780,0.6365,-4.7071,-6.3909,-13.8554,1.4520,-0.2721,-12.4343,-12.8656,-7.0384,-12.7149,-16.1638,-16.0871,-8.6127,-10.4819,-13.7427,-9.4531,-1.5739,-11.7930,-6.9455,-11.1807,-16.0143,-5.6212,-15.3626,-7.8988,-11.8865,-12.0725,-15.4618,-9.3244,-14.9232,-14.9914,-15.1519,-16.4991,-15.2225,-10.3571,-6.8952,-7.1836,-16.1150
45109.8333333,-13.6329,-19.7091,-34.0409,-28.4701,-31.9523,-39.3204,-40.5210,-25.9025,-33.2526,-37.2477,-26.3350,-36.6001,-35.4822,-35.4091,-24.0085,-27.5022,-32.2263,-32.4298,-29.5259,-21.7637,-24.1744,-11.3275,-20.9340,-19.8185,-21.5329,-28.7152,-17.8206,-7.4548,-20.1424,-9.2843,-9.7892,-4.2037,-3.8752,-14.2829,-11.3381,-12.8522,-18.6214,-16.3486,-2.1110,-24.3945,-13.1175,-21.1446,-6.4389,-12.6469,-19.9444,-23.0175,-21.5636,-19.9939,-17.1961,-12.0086,-21.2551,-21.6610,-24.2180,-23.5776,-11.6854,-3.5444,-7.8739,-6.8973,-21.9242,-27.5370,-28.2553,-27.8427,-3.2972,-3.4426,-9.8267,-6.3618,-20.5106,-15.7076,-21.0887,-25.4471,-24.1300,-11.8639,-8.0036,-26.9899,-18.4582,-22.4962,-24.0001,-12.0829,-6.2358,-8.3969,-24.8953,-26.1176,-26.1164,-23.7268,-8.6438,-15.7239,-17.2362,-12.5022,-16.1211,-24.3308,-16.2061,-19.1104,-22.2203,-18.3021,-17.8853,-21.9380,-27.4437,-28.8176,-27.2701,-28.8026,-27.4909,-28.9964,-25.5020,-21.6531,-23.3857,-25.7680,-28.8380,-17.6329,-14.9072,-22.8459,-29.8267,-29.0964,-25.8015,-29.2390,-30.5787,-26.0149,-23.2424,-30.2478,-22.6957,-24.6692,-26.6906,-30.7872,-19.4838,-29.5909,-14.0228,-22.5421,-31.0714,-31.3751,-32.1092,-21.5546,-20.7444,-22.4376,-20.3622,-17.9949,-19.8061,-20.0151,-22.0149,-25.2986,-26.1045,-23.6466,-12.6312,-22.5124,-19.3885,-30.2518,-27.8643,-16.1387,-18.2512,-21.6304,-16.7294,-13.3591,-18.3728,-19.9544,-26.7313,-12.8379,-14.4559,-25.6755,-26.1638,-20.8959,-26.1147,-28.9601,-28.8007,-21.9511,-23.5737,-26.4661,-22.5081,-15.3170,-24.6222,-20.0833,-23.9385,-28.3718,-19.0496,-27.8473,-21.2154,-25.1057,-25.3946,-28.4754,-22.8052,-27.8776,-27.8871,-27.9864,-29.1742,-27.9550,-23.4552,-20.2520,-20.4862,-28.6130
45109.8750000,-46.6490,-54.9813,-74.3923,-67.0705,-72.1786,-82.3571,-84.4650,-65.7461,-77.7229,-83.3701,-68.9229,-83.0042,-81.5997,-81.5622,-66.9966,-71.6780,-77.9973,-78.1991,-74.2532,-63.7877,-67.1465,-49.9058,-63.0451,-61.7033,-64.2179,-74.1000,-59.6147,-46.6683,-64.2625,-49.8784,-50.8925,-43.6685,-43.6043,-57.8982,-54.1105,-56.3550,-64.3552,-61.3606,-42.2161,-72.2831,-57.0219,-67.8183,-47.8487,-56.1024,-65.5078,-68.9762,-66.4494,-63.8847,-60.4267,-53.1866,-65.4267,-65.6220,-68.7380,-67.6471,-51.4288,-40.3877,-46.2985,-45.0471,-65.4859,-73.0550,-74.0436,-73.5096,-40.4300,-40.7914,-49.5458,-45.0114,-64.3699,-58.1620,-65.3663,-71.1694,-69.3586,-52.8425,-47.7777,-73.6453,-62.1126,-67.6426,-69.7765,-53.7896,-46.0321,-49.0906,-71.3315,-72.9473,-72.9459,-69.7148,-49.7300,-59.2608,-61.1719,-54.6332,-59.3615,-70.3220,-59.0771,-62.6862,-66.5644,-60.8894,-60.0389,-65.2175,-72.3393,-74.0369,-71.8504,-73.6908,-71.6970,-73.4737,-68.8472,-63.4644,-65.6704,-68.8516,-72.9360,-58.3148,-54.5685,-65.1701,-74.4512,-73.2693,-68.7275,-73.3050,-75.0415,-68.8291,-65.0822,-74.5373,-64.4035,-67.3623,-70.2125,-75.8652,-60.7515,-74.5762,-53.7560,-65.5720,-77.3133,-77.8233,-78.8976,-64.8186,-63.7946,-66.1431,-63.3840,-60.2187,-62.7078,-62.9863,-65.6453,-69.9855,-71.0003,-67.5828,-52.6136,-66.0159,-61.7479,-76.3807,-73.0870,-57.2151,-60.0264,-64.5786,-57.9814,-53.4772,-60.3823,-62.7017,-71.9594,-53.2810,-55.5400,-70.7477,-71.4830,-64.4385,-71.5921,-75.5472,-75.3386,-66.0983,-68.2935,-72.2082,-66.8109,-57.0842,-69.6521,-63.4819,-68.4650,-74.5977,-61.8757,-74.1508,-65.2502,-70.7117,-71.3763,-75.6268,-68.0403,-74.9490,-74.9788,-75.0742,-76.6527,-75.0141,-68.9190,-64.5553,-64.8607,-75.8150
45109.9166667,-53.5926,-62.0873,-81.7391,-74.4101,-79.7035,-90.0421,-92.2857,-73.7769,-86.6477,-92.6987,-78.4798,-93.0885,-91.9811,-92.2080,-77.0674,-81.9513,-88.4628,-88.7423,-84.7810,-74.2283,-77.6628,-60.2527,-73.5657,-72.2387,-74.8202,-84.8533,-70.2496,-57.2460,-75.1403,-60.6958,-61.8875,-54.7447,-54.8843,-69.4938,-65.7783,-68.1532,-76.3192,-73.3455,-54.0332,-84.4578,-68.6930,-79.6088,-59.3888,-67.6915,-77.0623,-80.3379,-77.5938,-74.8499,-71.1210,-63.7082,-75.9830,-76.0212,-79.0037,-77.7723,-61.2672,-49.9704,-55.8713,-54.5840,-75.2607,-82.9041,-83.9049,-83.3710,-49.9441,-50.3657,-59.2727,-54.7664,-74.4823,-68.3213,-76.0598,-82.1032,-80.3486,-63.6969,-58.6320,-84.9194,-73.2769,-78.9281,-81.1644,-65.0414,-57.2329,-60.3059,-82.7832,-84.3984,-84.3833,-81.1025,-60.7950,-70.4128,-72.3191,-65.6819,-70.4389,-81.5080,-70.0878,-73.6590,-77.4770,-71.5856,-70.5957,-75.7013,-82.7734,-84.4356,-82.1337,-83.8889,-81.7681,-83.4559,-78.2567,-72.7406,-74.9211,-78.1088,-82.2071,-67.4384,-63.6764,-74.5193,-83.9964,-82.8904,-78.3388,-83.0020,-84.7907,-78.5332,-74.7782,-84.3665,-74.1539,-77.2087,-80.1053,-85.8584,-70.6286,-84.6908,-63.7680,-75.9029,-87.9460,-88.5817,-89.7678,-75.6312,-74.6841,-77.1614,-74.4644,-71.3423,-73.9209,-74.2685,-77.0030,-81.4134,-82.4440,-78.9793,-63.8190,-77.3579,-73.0134,-87.7840,-84.4141,-68.3204,-71.1256,-75.7043,-69.0111,-64.4396,-71.4169,-73.8208,-83.2997,-64.5592,-66.9001,-82.3200,-83.1145,-76.0171,-83.2818,-87.2241,-87.0523,-77.7375,-79.9062,-83.8777,-78.4106,-68.5664,-81.2617,-75.0007,-80.0171,-86.2021,-73.2998,-85.5787,-76.6225,-82.2640,-83.0936,-87.4620,-79.8504,-86.8907,-86.9628,-87.0661,-88.6642,-87.0044,-80.8289,-76.3955,-76.6903,-87.7443
45109.9583333,-54.9497,-63.6141,-83.6879,-76.1347,-81.5817,-92.1618,-94.4415,-75.4835,-89.1605,-95.4804,-81.0827,-96.3036,-95.4137,-95.9233,-80.4682,-85.6828,-92.5795,-93.0464,-89.0878,-78.3794,-81.9944,-64.1882,-77.9081,-76.6004,-79.3016,-89.6469,-74.7034,-61.4827,-79.9226,-65.1439,-66.4392,-59.1923,-59.4528,-74.5507,-70.8363,-73.3787,-81.8647,-78.9109,-59.1808,-90.4740,-74.0882,-85.3295,-64.5979,-73.1305,-82.7198,-86.0480,-83.1603,-80.2631,-76.2930,-68.6229,-81.1467,-81.0716,-84.0071,-82.6414,-65.6214,-53.8864,-59.8211,-58.4213,-79.5837,-87.3564,-88.3247,-87.7260,-53.3748,-53.7840,-62.9062,-58.2783,-78.5442,-72.2537,-80.4659,-86.8314,-85.1308,-68.1381,-63.0408,-90.1825,-78.2607,-84.1257,-86.5000,-70.0051,-62.0369,-65.1955,-88.2689,-89.9362,-89.9341,-86.5788,-65.7045,-75.5823,-77.5313,-70.7039,-75.5663,-86.9175,-75.1655,-78.7874,-82.6585,-76.5477,-75.4738,-80.6386,-87.8032,-89.4637,-87.0306,-88.7371,-86.4594,-88.0686,-82.2825,-76.5163,-78.6592,-81.8544,-85.9849,-70.7914,-66.8365,-77.9235,-87.6270,-86.4952,-81.8367,-86.6363,-88.4902,-82.0868,-78.2693,-88.1438,-77.7136,-80.9381,-83.9535,-89.9003,-74.3154,-88.7957,-67.3937,-79.9411,-92.3871,-93.1121,-94.3935,-79.9661,-79.0646,-81.6960,-79.0188,-75.9024,-78.6375,-79.0995,-82.0084,-86.6215,-87.7373,-84.2413,-68.7308,-82.6719,-78.2335,-93.4080,-89.9509,-73.4335,-76.2999,-80.9820,-74.0935,-69.3814,-76.5119,-78.9385,-88.6661,-69.4875,-71.9223,-87.7764,-88.6443,-81.3989,-88.9021,-92.9292,-92.7994,-83.2798,-85.4826,-89.5865,-83.9813,-73.8899,-86.9387,-80.5270,-85.6756,-92.0404,-78.7636,-91.2540,-82.0454,-87.8738,-88.8117,-93.3428,-85.5836,-92.8631,-92.9882,-93.1212,-94.7855,-93.1047,-86.7842,-82.2440,-82.5554,-93.9082
