File Created:,Sun Jul 28 14:40:00 2024
Heat Source Version:,9.0.0b26
Simulation Name:,WFK23
User Text:,Westfork Kickapoo
Output:,Solar Radiation Flux blocked by Land Cover (watts/square meter)
""
Datetime,STREAM_KM,LC_T1_S1,LC_T1_S2,LC_T1_S3,LC_T1_S4,LC_T1_S5,LC_T2_S1,LC_T2_S2,LC_T2_S3,LC_T2_S4,LC_T2_S5,LC_T3_S1,LC_T3_S2,LC_T3_S3,LC_T3_S4,LC_T3_S5,LC_T4_S1,LC_T4_S2,LC_T4_S3,LC_T4_S4,LC_T4_S5,LC_T5_S1,LC_T5_S2,LC_T5_S3,LC_T5_S4,LC_T5_S5,LC_T6_S1,LC_T6_S2,LC_T6_S3,LC_T6_S4,LC_T6_S5,LC_T7_S1,LC_T7_S2,LC_T7_S3,LC_T7_S4,LC_T7_S5,LC_T8_S1,LC_T8_S2,LC_T8_S3,LC_T8_S4,LC_T8_S5,Diffuse_Blocked
45108.9583333,23.500,0.0000,0.0000,0.0000,0.0000,0.0000,1.2118,2.4087,2.5342,3.8682,5.9117,2.4461,13.0453,10.6994,11.4244,0.4197,23.4402,0.0000,0.0000,0.0000,0.0000,0.0000,0.0000,0.0000,0.0000,0.0000,20.7091,1.3023,0.5771,0.0000,0.0000,0.0000,0.0003,0.0006,0.0019,0.0061,0.0000,0.0000,0.0000,0.0000,0.0000,56.7694
45108.9583333,23.400,0.0000,0.0000,0.0000,0.0000,0.0000,0.9009,1.5136,3.5118,4.9789,8.4502,5.4492,17.4563,1.8564,9.2163,2.6248,0.0000,0.0000,0.0000,0.0000,0.0000,0.0000,0.0000,0.0000,0.0000,0.0000,0.0000,7.1125,6.1291,3.2803,1.6238,0.0000,0.0000,0.0000,0.0000,0.0000,0.0000,0.0000,0.0000,0.0000,0.0000,47.9995
45108.9583333,23.300,0.0000,0.0000,0.0000,0.0000,0.0000,0.0000,0.0000,2.7671,4.8913,2.3777,0.0000,0.0000,0.0000,0.0000,0.0000,0.0000,0.0000,0.0000,0.0000,0.0000,0.0000,0.0000,0.0000,0.0000,0.0000,0.5848,0.3060,0.0000,0.0000,0.0000,0.0000,0.0000,0.0000,0.0000,0.0000,0.0000,0.0000,0.0000,0.0000,0.0000,18.4254
45108.9583333,23.200,0.0000,0.0000,0.0000,0.0000,0.0000,7.0210,7.3328,0.0000,0.0000,0.0000,0.0000,0.0000,0.0000,0.0000,0.0000,0.0000,0.0000,0.0000,0.0000,0.0000,0.0000,0.0000,0.0000,0.0000,0.0000,3.2825,0.6312,0.3089,0.1616,0.0538,0.0001,0.0002,0.0004,0.0012,0.0070,0.0000,0.0000,0.0000,0.0000,0.0000,30.5892
45108.9583333,23.100,0.0000,0.0000,0.0000,0.0000,0.0000,0.0000,0.0000,0.0000,0.0000,0.5045,0.0000,0.0000,0.0000,0.0000,0.0000,0.0000,0.0000,0.0000,0.0000,0.0000,0.0000,0.0000,0.0000,0.0000,0.0000,12.9095,1.3737,0.6214,0.0000,0.0000,0.0000,0.0000,0.0000,0.0000,0.0000,0.0000,0.0000,0.0000,0.0000,0.0000,24.1998
45108.9583333,23.000,0.0000,0.0000,0.0000,0.0000,0.0000,0.0988,0.0000,0.0000,0.0000,0.0000,0.0000,0.0000,0.0000,0.0000,0.0000,0.0000,0.0000,0.0000,0.0000,0.0000,0.0000,0.0000,0.0000,0.0000,0.0000,0.2223,0.0000,0.0000,0.0000,0.0000,0.0000,0.0000,0.0000,0.0000,0.0000,0.0000,0.0000,0.0000,0.0000,0.0000,5.9286
45108.9583333,22.900,0.0000,0.0000,0.0000,0.0000,0.0000,0.0000,0.0000,0.0000,0.0000,0.0000,0.0000,0.0000,0.0000,0.0000,0.0000,0.0000,0.0000,0.0000,0.0000,0.0000,0.0000,0.0000,0.0000,0.0000,0.0000,0.0496,0.0000,0.0000,0.0000,0.0000,0.0000,0.0000,0.0000,0.0000,0.0000,0.0000,0.0000,0.0000,0.0000,0.0000,4.3404
45108.9583333,22.800,0.0000,0.0000,0.0000,0.0000,0.0000,4.1086,13.2316,0.0000,0.0000,0.0000,32.2006,0.5474,0.0000,0.0000,0.0000,0.0000,0.0000,0.0000,0.0000,0.0000,28.8502,0.1246,0.0000,0.0000,0.0000,1.9592,2.4241,5.9715,5.6124,4.9723,0.0000,0.0000,0.0000,0.0000,0.0000,0.0000,0.0000,0.0000,0.0000,0.0000,36.1535
45108.9583333,22.700,0.0000,0.0000,0.0000,0.0000,0.0000,0.0000,0.0000,0.0000,0.0000,0.0000,0.0000,0.0000,0.0000,0.0000,0.0000,0.0000,0.0000,0.0000,0.0000,0.0000,0.0000,0.0000,0.0000,0.0000,0.0000,0.0000,0.0000,0.0000,2.8404,1.9170,0.0000,0.0000,0.0000,0.0000,0.0000,0.0000,0.0000,0.0000,0.0000,0.0000,11.9232
45108.9583333,22.600,0.0000,0.0000,0.0000,0.0000,0.0000,0.0350,0.0000,0.0000,0.0000,0.0000,0.0000,0.0000,0.0000,0.0000,0.0000,0.0000,0.0000,0.0000,0.0000,0.0000,0.0000,0.0000,0.0000,0.0000,0.0000,0.0182,0.0000,0.0000,0.0000,0.0000,0.0000,0.0000,0.0000,0.0000,0.0047,0.0000,0.0000,0.0000,0.0000,0.0000,2.7491
45108.9583333,22.500,0.0138,0.0596,0.0000,0.0000,0.0000,0.1438,0.0000,0.0000,0.0000,0.0000,0.0000,0.0000,0.0000,0.0000,0.0000,0.0000,0.0000,0.0000,0.0000,0.0000,0.0000,0.0000,0.0000,0.0000,0.0000,19.2890,0.0000,0.0000,0.0000,0.0000,0.0175,0.0280,0.0587,0.0000,0.0000,0.0000,0.0000,0.0000,0.0000,0.0000,23.0411
45108.9583333,22.400,0.0722,0.0098,0.0025,0.0027,0.0002,0.0109,0.0000,0.0000,0.0000,0.0000,0.0000,0.0000,0.0000,0.0000,0.0000,0.0000,0.0000,0.0000,0.0000,0.0000,0.0000,0.0000,0.0000,0.0000,0.0000,0.0000,0.0000,0.0000,0.0000,0.0000,0.0000,0.0000,0.0000,0.0000,0.0000,0.0000,0.0000,0.0000,0.0000,0.0000,2.9274
45108.9583333,22.300,0.0749,0.0033,0.0000,0.0000,0.0000,0.0021,0.0000,0.0000,0.0000,0.0725,0.0000,0.0000,0.0000,0.0000,0.0000,0.0000,0.0000,0.0000,0.0000,0.0000,0.0000,0.0000,0.0000,0.0000,0.0000,0.0000,0.0000,0.0000,0.0000,0.0000,0.0000,0.0000,0.0000,0.0000,0.0000,0.0000,0.0000,0.0000,0.0000,0.0000,7.4207
45108.9583333,22.200,0.0001,0.0014,0.0108,0.0009,0.0916,0.0631,0.0000,0.0000,0.0000,0.0000,0.0000,0.0000,0.0000,0.0000,0.0000,0.0000,0.0000,0.0000,0.0000,0.0000,0.0000,0.0000,0.0000,0.0000,0.0000,0.0000,0.0000,0.0000,0.0000,0.0000,0.0000,0.0000,0.0000,0.0000,0.0000,0.0000,0.0000,0.0000,0.0000,0.0000,5.9419
45108.9583333,22.100,0.0011,0.0029,0.0077,0.0204,0.0698,3.1923,0.8977,0.1035,0.1664,0.0915,0.0000,0.0000,0.0000,0.0000,0.0000,0.0000,0.0000,0.0000,0.0000,0.0000,0.0000,0.0000,0.0000,0.0000,0.0000,0.0000,0.0000,0.0000,0.0000,0.0000,0.0000,0.0000,0.0000,0.0000,0.0000,0.0000,0.0000,0.0000,0.0000,0.0000,23.0926
45108.9583333,22.000,0.0006,0.0017,0.0111,0.0213,0.0610,0.0140,0.0214,0.0004,0.2479,0.1552,0.0000,0.0000,0.0000,0.0000,0.0000,0.0000,0.0000,0.0000,0.0000,0.0000,0.0000,0.0000,0.0000,0.0000,0.0000,0.0000,0.0000,0.0000,0.0000,0.0000,0.0000,0.0000,0.0000,0.0000,0.0000,0.0000,0.0000,0.0000,0.0000,0.0000,16.3343
45108.9583333,21.900,0.0000,0.0000,0.0000,0.0000,0.0000,0.0000,0.0000,0.0000,0.1147,0.1357,0.0000,0.0000,0.0000,0.0000,0.0000,0.0000,0.0000,0.0000,0.0000,0.0000,0.0000,0.0000,0.0000,0.0000,0.0000,0.0000,0.0000,0.0000,0.0000,0.0000,0.0000,0.0000,0.0000,0.0000,0.0000,0.0000,0.0000,0.0000,0.0000,0.0000,4.5314
45108.9583333,21.800,0.0000,0.0000,0.0000,0.0000,0.0000,0.0000,0.0000,0.0000,0.0000,0.0000,0.0000,0.0000,0.0000,0.0000,0.0000,0.0000,0.0000,0.0000,0.0000,0.0000,0.0000,0.0000,0.0000,0.0000,0.0000,0.0000,1.1240,0.0000,0.6788,0.5367,0.0000,0.0000,0.0000,0.0000,0.0000,0.0000,0.0000,0.0000,0.0000,0.0000,4.1912
45108.9583333,21.700,0.0000,0.0000,0.0000,0.0000,0.0000,0.0000,0.7463,0.0000,0.0000,0.0000,0.0000,0.0000,0.0000,0.0000,0.0000,0.0000,0.0000,0.0000,0.0000,0.0000,0.0000,0.0000,0.0000,0.0000,0.0000,0.0336,0.0000,0.0000,0.0000,1.9331,0.0086,0.0000,0.0000,0.0000,0.0000,0.0000,0.0000,0.0000,0.0000,0.0000,9.3127
45108.9583333,21.600,0.0000,0.0000,0.0000,0.0000,0.0000,0.0000,11.1581,4.7885,0.9670,0.4721,0.0000,7.3490,0.0000,0.0000,0.0000,0.0000,0.0000,0.0000,0.0000,0.0000,0.0000,0.0000,0.0000,0.0000,0.0000,0.0157,5.7883,1.2006,3.1284,2.3634,0.0000,0.0000,0.0066,0.0105,0.0169,0.0000,0.0000,0.0000,0.0000,0.0000,30.2916
45108.9583333,21.500,0.0000,0.0000,0.0000,0.0000,0.0000,19.1687,0.0000,0.4594,0.0000,0.0000,0.0000,0.0000,0.0000,0.0000,0.0000,0.0000,0.0000,0.0000,0.0000,0.0000,0.0000,0.0000,0.0000,0.0000,0.0000,3.9687,3.1488,6.9344,3.6957,4.2559,0.0018,0.0012,0.0081,0.0404,0.0235,0.0000,0.0000,0.0000,0.0000,0.0000,33.1546
45108.9583333,21.400,0.0000,0.0000,0.0000,0.0000,0.0000,4.3522,2.3877,0.9159,6.9573,5.4994,13.1864,19.0896,0.0000,0.0000,0.0000,22.1134,0.0000,0.0000,0.0000,0.0000,10.7711,18.1703,0.0000,0.0000,0.0000,4.5248,2.0095,6.6659,6.5506,2.3587,0.0000,0.0026,0.0058,0.0183,0.0120,0.0000,0.0000,0.0000,0.0000,0.0000,59.6545
45108.9583333,21.300,0.0000,0.0000,0.0000,0.0000,0.0000,11.0883,7.5776,2.8555,0.6897,0.5776,35.3131,0.0000,0.0000,0.0000,0.0000,0.0000,0.0000,0.0000,0.0000,0.0000,26.8729,0.0000,0.0000,0.0000,0.0000,12.6572,7.0187,1.1213,0.4318,0.2818,0.0004,0.0012,0.0037,0.0118,0.0000,0.0000,0.0000,0.0000,0.0000,0.0000,54.5900
45108.9583333,21.200,0.0028,0.0004,0.0069,0.0218,0.0689,0.0122,3.5316,8.2759,6.2340,0.2709,24.1806,6.4127,2.7702,0.0000,0.0000,22.0421,0.0000,0.0000,0.0000,0.0000,0.0000,0.0000,0.0000,0.0000,0.0000,11.3361,4.4659,0.8193,1.1582,3.5792,0.0000,0.0000,0.0000,0.0000,0.0000,0.0000,0.0000,0.0000,0.0000,0.0000,46.4467
45108.9583333,21.100,0.0000,0.0022,0.0069,0.0220,0.0695,16.7434,4.1194,0.0034,0.0000,0.5968,11.0458,0.0000,0.0000,0.0000,0.0000,0.0000,0.0000,0.0000,0.0000,0.0000,26.1722,0.0000,0.0000,0.0000,0.0000,8.2138,7.4549,0.6373,1.8834,4.0632,0.0000,0.0000,0.0000,0.0000,0.0000,0.0000,0.0000,0.0000,0.0000,0.0000,44.6549
45108.9583333,21.000,0.0000,0.0000,0.0000,0.0211,0.0668,0.0000,2.5345,0.2664,1.1325,0.9355,0.0000,0.0000,0.0000,0.0000,0.0000,0.0000,0.0000,0.0000,0.0000,0.0000,0.0000,0.0000,0.0000,0.0000,0.0000,0.0000,3.0445,1.0229,0.5479,0.4151,0.0000,0.0000,0.0000,0.0000,0.0000,0.0000,0.0000,0.0000,0.0000,0.0000,23.5671
45108.9583333,20.900,0.0057,0.0008,0.0000,0.0183,0.0579,0.0240,0.0000,0.0000,0.3587,0.0000,0.0000,0.0000,0.0000,0.0000,0.0000,4.5476,17.0945,0.0000,0.0000,0.0000,1.9889,4.4940,6.0108,11.4512,7.9628,0.3527,2.3355,3.2484,4.5267,6.3197,0.0005,0.0007,0.0025,0.0094,0.0236,0.0000,0.0000,0.0000,0.0000,0.0000,36.7442
45108.9583333,20.800,0.0070,0.0432,0.0000,0.0000,0.0000,9.0579,0.0000,0.0000,0.0000,0.0000,34.8642,0.0000,0.0000,0.0000,0.0000,15.3334,9.7148,0.0000,0.0000,0.0000,6.1000,18.0727,9.9977,0.0000,0.0000,2.0158,2.1379,3.6318,6.1974,7.4347,0.0084,0.0072,0.0104,0.0203,0.0325,0.0000,0.0000,0.0000,0.0000,0.0000,57.6006
45108.9583333,20.700,0.0260,0.0157,0.0000,0.0000,0.0000,0.0000,0.0000,0.0000,0.0000,0.0000,0.0000,0.0000,0.0000,0.0000,0.0000,0.0000,0.0000,0.0000,0.0000,0.0000,0.0000,0.0000,10.9272,3.6369,0.0000,0.0000,0.0000,0.0000,6.2396,4.5481,0.0000,0.0000,0.0000,0.0000,0.0000,0.0000,0.0000,0.0000,0.0000,0.0000,22.5486
45108.9583333,20.600,0.0288,0.0279,0.0000,0.0000,0.0000,5.6226,9.4103,0.0000,0.0000,0.0000,14.7389,16.9689,0.9714,0.0000,0.0000,21.5873,0.0000,0.0000,0.0000,0.0000,12.5897,13.0886,0.1181,0.0000,3.6374,1.2577,2.1136,4.6356,3.7124,8.6360,0.0000,0.0000,0.0000,0.0000,0.0000,0.0000,0.0000,0.0000,0.0000,0.0000,48.1363
45108.9583333,20.500,0.0010,0.0033,0.0163,0.0715,0.0000,0.0005,5.8449,2.5580,0.3140,0.2177,0.0000,0.0000,1.4450,0.0000,0.0000,21.5961,0.0000,0.0000,0.0000,0.0000,20.0540,0.1482,9.2550,0.0928,0.0000,0.0000,4.9153,5.3376,2.2068,3.2115,0.0000,0.0000,0.0000,0.0000,0.0000,0.0000,0.0000,0.0000,0.0000,0.0000,46.7703
45108.9583333,20.400,0.0010,0.0000,0.0067,0.0211,0.0667,5.5554,9.3121,0.0000,0.3103,0.0000,9.6345,20.6263,1.3699,1.1283,0.0000,8.1849,16.7305,0.0000,0.0000,0.0000,4.5807,11.8375,8.5401,4.1477,2.8675,0.9970,3.1149,6.0291,3.3662,2.4377,0.0000,0.0000,0.0000,0.0000,0.0000,0.0000,0.0000,0.0000,0.0000,0.0000,51.0571
45108.9583333,20.300,0.0068,0.0744,0.0000,0.0068,0.0000,0.0000,0.0000,0.0000,0.0000,0.0000,23.7553,0.0000,0.9713,0.0000,0.0000,21.7402,0.0000,0.0000,0.0000,0.0000,11.9761,14.8608,2.5631,0.0000,0.0000,1.4115,2.4027,5.9410,5.5998,3.7495,0.0000,0.0000,0.0000,0.0000,0.0000,0.0000,0.0000,0.0000,0.0000,0.0000,48.1762
45108.9583333,20.200,0.0000,0.0027,0.0019,0.0185,0.0812,0.0000,0.0000,0.0000,0.0000,1.8252,0.0000,7.1558,0.0000,0.0000,0.0000,0.0000,0.0000,0.0000,0.0000,0.0000,0.0000,15.7369,1.8193,0.0000,0.0000,0.0000,6.7626,3.7124,4.4802,3.1536,0.0000,0.0000,0.0000,0.0000,0.0000,0.0000,0.0000,0.0000,0.0000,0.0000,28.5571
45108.9583333,20.100,0.0025,0.0054,0.0170,0.0539,0.0293,0.9710,0.0830,0.0369,0.0000,0.0000,0.0000,0.0000,0.0000,0.0000,0.0000,0.0000,0.0000,0.0000,0.0000,0.0000,0.0000,15.7937,1.3470,0.0000,0.0000,0.0000,0.0000,6.7401,4.6737,2.9798,0.0000,0.0000,0.0000,0.0000,0.0000,0.0000,0.0000,0.0000,0.0000,0.0000,32.7185
45108.9583333,20.000,0.0005,0.0058,0.0120,0.0443,0.0451,0.0106,2.3475,1.0479,0.0000,0.0000,0.0000,0.0000,0.0000,0.0000,0.0000,0.0000,0.0000,0.0000,0.0000,0.0000,0.0000,4.4473,0.0000,0.0000,0.0000,0.0000,8.8904,3.6656,1.6292,3.2209,0.0000,0.0000,0.0000,0.0000,0.0000,0.0000,0.0000,0.0000,0.0000,0.0000,27.2685
45108.9583333,19.900,0.0012,0.0031,0.0120,0.0454,0.0435,0.0076,0.0938,0.0000,0.0000,0.0000,0.0000,0.0000,0.0000,0.0000,0.0000,0.0000,0.0000,0.0000,0.0000,0.0000,0.0000,0.0000,0.0000,0.0000,0.0000,0.0000,0.0000,3.5557,1.7834,1.0141,0.0000,0.0000,0.0000,0.0000,0.0000,0.0000,0.0000,0.0000,0.0000,0.0000,15.5953
45108.9583333,19.800,0.0005,0.0055,0.0095,0.0498,0.0360,0.0000,9.3036,4.1595,0.0000,0.0000,0.0000,0.0000,0.0000,0.0000,0.0000,0.0000,0.0000,0.0000,0.0000,0.0000,0.0000,0.0000,0.0000,0.0000,0.0000,0.0000,0.0000,0.0000,0.0000,0.0000,0.0000,0.0000,0.0000,0.0000,0.0000,0.0000,0.0000,0.0000,0.0000,0.0000,21.1942
45108.9583333,19.700,0.0174,0.0358,0.0050,0.0037,0.0000,1.7819,3.0201,7.4792,5.1192,3.5704,14.8392,16.3648,1.4491,0.0000,0.0000,21.5362,0.0000,0.0000,0.0000,0.0000,13.0894,14.6992,1.1144,0.0000,0.0000,4.4666,7.6190,2.0631,1.0037,0.8403,0.0000,0.0000,0.0000,0.0000,0.0000,0.0000,0.0000,0.0000,0.0000,0.0000,55.2975
45108.9583333,19.600,0.0707,0.0051,0.0000,0.0000,0.0000,0.0000,0.0000,0.0000,0.0000,0.0000,0.0000,0.0000,0.0000,0.0000,0.0000,0.0000,0.0000,0.0000,0.0000,0.0000,0.0000,0.0000,0.0000,0.0000,0.0000,0.0000,0.0000,0.0000,0.0000,0.0000,0.0000,0.0000,0.0000,0.0000,0.0000,0.0000,0.0000,0.0000,0.0000,0.0000,2.5882
45108.9583333,19.500,0.0000,0.0043,0.0071,0.0248,0.0707,0.6164,0.2015,0.0283,0.1536,3.8990,0.0000,0.0000,0.0000,0.0000,0.0000,0.0000,0.0000,0.0000,0.0000,0.0000,0.0000,0.0000,0.0000,0.0000,0.0000,1.3207,0.3549,0.0000,0.0000,0.0000,0.0019,0.0031,0.0235,0.0000,0.0000,0.0000,0.0000,0.0000,0.0000,0.0000,27.0646
45108.9583333,19.400,0.0042,0.0000,0.0000,0.0000,0.0000,0.1664,0.0000,0.0000,0.0000,0.0000,0.0000,0.0000,0.0000,0.0000,0.0000,0.0000,0.0000,0.0000,0.0000,0.0000,0.0000,0.0000,0.0000,0.0000,0.0000,0.0000,0.0000,0.0000,0.0000,0.0000,0.0000,0.0000,0.0000,0.0000,0.0000,0.0000,0.0000,0.0000,0.0000,0.0000,7.5464
45108.9583333,19.300,0.0071,0.0102,0.0148,0.0215,0.0311,0.7887,1.2920,2.9148,5.5297,11.8106,3.7574,16.3705,4.1724,8.3506,3.8874,21.7264,0.0000,0.0000,0.0000,0.0000,21.0947,0.0000,0.0000,0.0000,0.0000,0.0000,0.0000,0.0000,0.0000,0.0000,0.0000,0.0000,0.0000,0.0000,0.0000,0.0000,0.0000,0.0000,0.0000,0.0000,44.6053
45108.9583333,19.200,0.0138,0.0107,0.0110,0.0159,0.0231,1.3727,4.8146,3.7714,2.7136,9.9071,15.6406,16.7247,1.0612,2.8613,0.0000,21.5270,0.0000,0.0000,0.0000,0.0000,0.0000,0.0000,0.0000,0.0000,0.0000,0.0000,0.0000,0.0000,0.0000,0.0000,0.0000,0.0000,0.0000,0.0000,0.0000,0.0000,0.0000,0.0000,0.0000,0.0000,30.0357
45108.9583333,19.100,0.0000,0.0000,0.0000,0.0000,0.0147,0.0000,0.0000,0.0347,3.1902,0.2642,0.0000,0.0000,0.0000,0.0000,0.0000,0.0000,0.0000,0.0000,0.0000,0.0000,0.0000,0.0000,0.0000,0.0000,0.0000,0.0000,0.0000,0.0000,0.0000,0.0000,0.0000,0.0000,0.0000,0.0000,0.0000,0.0000,0.0000,0.0000,0.0000,0.0000,11.2667
45108.9583333,19.000,0.0000,0.0000,0.0000,0.0000,0.0000,0.0000,0.0000,0.0000,0.0000,0.0000,0.0000,0.0000,0.0000,0.0000,0.0000,0.0000,0.0000,0.0000,0.0000,0.0000,0.0000,0.0000,0.0000,0.0000,0.0000,0.0000,0.0000,0.0000,0.0000,0.0000,0.0000,0.0000,0.0000,0.0000,0.0000,0.0000,0.0000,0.0000,0.0000,0.0000,5.6264
45108.9583333,18.900,0.0000,0.0000,0.0000,0.0000,0.0000,0.0000,0.0000,0.0000,0.0000,0.0000,0.0000,0.0000,0.0000,0.0000,0.0000,0.0000,0.0000,0.0000,0.0000,0.0000,0.0000,0.0000,0.0000,0.0000,0.0000,0.0000,0.0000,0.0000,0.0000,0.0000,0.0000,0.0000,0.0000,0.0000,0.0000,0.0000,0.0000,0.0000,0.0000,0.0000,10.1102
45108.9583333,18.800,0.0000,0.0000,0.0000,0.0000,0.0000,1.8599,6.8676,4.7211,0.1579,0.3589,0.0000,7.5103,0.0000,0.0000,0.0000,0.0000,0.0000,0.0000,0.0000,0.0000,0.0000,0.0000,0.0000,0.0000,0.0000,0.0000,0.0000,0.0000,0.0000,0.0000,0.0000,0.0009,0.0000,0.0000,0.0000,0.0000,0.0000,0.0000,0.0000,0.0000,13.9774
45108.9583333,18.700,0.0000,0.0000,0.0000,0.0000,0.0000,0.0000,0.0000,0.0000,0.0000,0.0000,0.0000,0.0000,0.0000,0.0000,0.0000,0.0000,0.0000,0.0000,0.0000,0.0000,0.0000,0.0000,0.0000,0.0000,0.0000,0.0000,0.0000,0.4004,3.1617,2.1369,0.0261,0.0111,0.0198,0.0287,0.0000,0.0000,0.0000,0.0000,0.0000,0.0000,17.4846
45108.9583333,18.600,0.0000,0.0000,0.0000,0.0000,0.0000,2.0287,3.4508,8.1301,3.9579,2.7393,5.0254,16.3428,10.1554,4.1190,0.0000,21.8540,0.0000,0.0000,0.0000,0.0000,0.0000,7.2541,0.0000,0.0000,0.0000,0.0000,0.0000,0.0000,0.0000,0.0000,0.0698,0.0000,0.0000,0.0000,0.0000,0.0000,0.0000,0.0000,0.0000,0.0000,31.6133
45108.9583333,18.500,0.0000,0.0000,0.0000,0.0000,0.0000,0.0000,0.0000,0.0000,0.0000,0.0000,0.0000,0.0000,0.0000,0.0000,0.0000,0.0000,0.0000,0.0000,0.0000,0.0000,0.0000,0.0000,0.0000,0.0000,0.0000,0.0000,0.0000,0.0000,0.0000,0.0000,0.0367,0.0392,0.0088,0.0000,0.0000,0.0000,0.0000,0.0000,0.0000,0.0000,9.7178
45108.9583333,18.400,0.0057,0.0218,0.0000,0.0000,0.0000,0.0000,0.0000,0.0000,0.0000,0.0000,0.0000,0.0000,0.0000,0.0000,0.0000,0.0000,0.0000,0.0000,0.0000,0.0000,0.0000,0.0000,0.0000,0.0000,0.0000,0.0000,0.0000,0.0000,0.0000,1.1039,0.0059,0.0082,0.0026,0.0235,0.0492,0.0000,0.0000,0.0000,0.0000,0.0000,10.7994
45108.9583333,18.300,0.0093,0.0000,0.0000,0.0000,0.0000,0.0000,0.0000,0.0000,0.0000,0.0000,0.0000,0.0000,0.0000,0.0000,0.0000,0.0000,0.0000,0.0000,0.0000,0.0000,0.0000,0.0000,0.0000,0.0000,0.0000,0.0000,0.0000,0.0000,0.0000,0.0000,0.0113,0.0272,0.0073,0.0021,0.0000,0.0000,0.0000,0.0000,0.0000,0.0000,6.4042
45108.9583333,18.200,0.0000,0.0000,0.0000,0.0000,0.0000,0.0000,0.0000,0.0000,0.0000,0.0000,0.0000,0.0000,0.0000,0.0000,0.0000,0.0000,0.0000,0.0000,0.0000,0.0000,0.0000,0.0000,0.0000,0.0000,0.0000,0.0000,0.0000,0.0000,0.2106,0.0000,0.0000,0.0112,0.0062,0.0227,0.0476,0.0000,0.0000,0.0000,0.0000,0.0000,8.2829
45108.9583333,18.100,0.0000,0.0000,0.0000,0.0000,0.0000,1.2872,0.0000,0.0000,0.0000,0.0000,34.0214,0.0000,0.0000,0.0000,0.0000,22.5037,0.0000,0.0000,0.0000,0.0000,30.7073,0.0000,0.0000,0.0000,0.0000,10.1715,4.7263,3.1070,0.1731,0.0590,0.0032,0.0081,0.0209,0.0206,0.0330,0.0000,0.0000,0.0000,0.0000,0.0000,36.3113
45108.9583333,18.000,0.0000,0.0000,0.0000,0.0000,0.0000,9.3616,0.0000,0.0000,0.0000,0.0000,14.4887,17.9419,0.0000,0.0000,0.0000,22.0760,0.0000,0.0000,0.0000,0.0000,9.7537,14.0438,6.4349,0.0000,0.0000,1.8149,3.0054,6.5223,8.3277,0.0029,0.0054,0.0078,0.0113,0.0164,0.0238,0.0000,0.0000,0.0000,0.0000,0.0000,60.4465
45108.9583333,17.900,0.0000,0.0000,0.0000,0.0000,0.0000,13.7751,7.4069,0.0000,0.0000,0.0000,31.1920,1.8805,0.0000,0.0000,0.0000,22.3435,0.0000,0.0000,0.0000,0.0000,24.8427,2.4520,3.4006,0.0000,0.0000,2.3877,6.6741,8.7723,2.0718,0.0000,0.0025,0.0024,0.0072,0.0150,0.0316,0.0000,0.0000,0.0000,0.0000,0.0000,50.9434
45108.9583333,17.800,0.0000,0.0000,0.0000,0.0000,0.0000,0.0000,0.0000,0.0000,0.0000,0.0000,0.0000,0.0000,0.0000,0.0000,0.0000,21.9043,0.0000,0.0000,0.0000,0.0000,11.3727,16.1155,4.1211,0.0000,0.0000,1.9948,5.7040,7.3547,5.2971,0.0000,0.0000,0.0000,0.0000,0.0000,0.0000,0.0000,0.0000,0.0000,0.0000,0.0000,42.2839
45108.9583333,17.700,0.0000,0.0000,0.0000,0.0000,0.0000,0.0000,3.5060,0.0000,0.4479,0.0000,0.0000,0.0000,0.0000,0.0000,0.0000,0.0000,0.0000,0.0000,0.0000,0.0000,0.0000,0.0000,0.0000,0.0000,0.0000,0.0000,0.0000,0.0000,0.0000,3.7059,0.0000,0.0000,0.0000,0.0000,0.0000,0.0000,0.0000,0.0000,0.0000,0.0000,14.8254
45108.9583333,17.600,0.0281,0.0000,0.0000,0.0000,0.0000,0.0000,0.0000,0.0000,0.0000,0.0000,0.0000,0.0000,0.0000,0.0000,0.0000,0.0000,0.0000,0.0000,0.0000,0.0000,0.0000,0.0000,0.0000,0.0000,0.0000,0.0000,0.0000,0.0000,0.0000,0.0000,0.0000,0.0000,0.0000,0.0000,0.0000,0.0000,0.0000,0.0000,0.0000,0.0000,1.4129
45108.9583333,17.500,0.0000,0.0000,0.0000,0.0000,0.0000,0.0000,0.0000,0.0000,0.0000,0.0000,0.0000,0.0000,0.0000,0.0000,0.0000,0.0000,0.0000,0.0000,0.0000,0.0000,0.0000,0.0000,0.0000,0.0000,0.0000,0.0000,0.0000,0.0000,0.0000,0.0000,0.0000,0.0000,0.0000,0.0000,0.0000,0.0000,0.0000,0.0000,0.0000,0.0000,0.3832
45108.9583333,17.400,0.0000,0.0000,0.0000,0.0000,0.0000,0.0000,0.0000,0.0000,0.0000,0.0000,0.0000,0.0000,0.0000,0.0000,0.0000,0.0000,0.0000,0.0000,0.0000,0.0000,0.0000,0.0000,0.0000,0.0000,0.0000,0.0000,0.0000,0.0000,0.0000,0.0000,0.0000,0.0000,0.0000,0.0000,0.0000,0.0000,0.0000,0.0000,0.0000,0.0000,0.7828
45108.9583333,17.300,0.0089,0.0107,0.0155,0.0224,0.0000,1.2799,2.4286,3.7196,7.9642,6.7276,9.5783,18.2269,7.0262,1.7334,0.0000,22.0590,0.0000,0.0000,0.0000,0.0000,19.2721,9.0622,1.6944,0.0000,0.0000,3.9389,10.3466,0.0000,0.0000,3.0775,0.0000,0.0000,0.0000,0.0000,0.0000,0.0000,0.0000,0.0000,0.0000,0.0000,60.4758
45108.9583333,17.200,0.0000,0.0304,0.0214,0.0404,0.0000,1.6257,3.1342,8.6401,7.8921,0.4888,3.9750,16.8742,12.2688,3.0036,0.0000,4.8510,18.8936,0.0000,0.0000,0.0000,4.5296,17.0822,9.8831,0.0000,0.0000,2.9257,4.8421,9.9777,0.0000,0.0000,0.0000,0.0000,0.0000,0.0000,0.0000,0.0000,0.0000,0.0000,0.0000,0.0000,64.3637
45108.9583333,17.100,0.0013,0.0027,0.0000,0.0000,0.0045,0.0476,0.0000,0.0000,5.0627,4.6106,15.4462,15.7737,0.0000,0.0000,4.2030,23.0294,0.0000,0.0000,0.0000,0.0000,7.6636,13.1852,10.5178,1.3642,0.0000,0.0752,0.0000,0.0000,0.0000,3.5228,0.0078,0.0203,0.0169,0.0272,0.0000,0.0000,0.0000,0.0000,0.0000,0.0000,44.9574
45108.9583333,17.000,0.0000,0.0000,0.0000,0.0000,0.0000,3.1031,0.6440,4.0152,6.5152,4.8838,0.0000,0.0000,13.6479,8.3397,2.7342,0.0000,0.0000,0.0000,0.0000,0.0000,17.8229,10.1934,0.9275,0.0000,0.0000,0.6548,9.4304,5.7522,2.1984,0.9260,0.0083,0.0065,0.0116,0.0206,0.0283,0.0000,0.0000,0.0000,0.0000,0.0000,51.1281
45108.9583333,16.900,0.0000,0.0000,0.0000,0.0000,0.0000,0.0000,0.0000,0.0000,0.1440,0.0000,0.0000,0.0000,0.0000,0.0000,0.0000,0.0000,0.0000,0.0000,0.0000,0.0000,18.6781,0.0000,0.0000,0.0000,0.0000,0.0000,0.0000,0.0000,0.0327,0.0000,0.0000,0.0000,0.0000,0.0000,0.0000,0.0000,0.0000,0.0000,0.0000,0.0000,17.9053
45108.9583333,16.800,0.0000,0.0000,0.0000,0.0000,0.0000,0.0000,0.0000,0.0000,0.8906,0.2675,0.0000,0.0000,0.0000,0.0000,0.0000,0.0000,0.0000,0.0000,0.0000,0.0000,0.0000,0.0000,0.0000,0.0000,0.0000,0.0000,0.0000,0.0000,3.6819,0.0000,0.0000,0.0000,0.0195,0.0312,0.0000,0.0000,0.0000,0.0000,0.0000,0.0000,26.1256
45108.9583333,16.700,0.0000,0.0000,0.0000,0.0000,0.0000,0.0000,0.0000,0.0000,0.0000,0.0000,0.0000,0.0000,1.2025,0.0000,0.0000,0.0000,0.0000,0.0000,0.0000,0.0000,0.0000,0.0000,0.0000,0.0000,0.0000,0.0000,0.0000,0.0000,0.0000,0.0000,0.0560,0.0000,0.0000,0.0000,0.0000,0.0000,0.0000,0.0000,0.0000,0.0000,15.9965
45108.9583333,16.600,0.0000,0.0000,0.0000,0.0000,0.0000,0.0000,0.0000,0.0000,2.9166,2.0332,0.0000,0.0000,0.0000,0.0000,0.0000,0.0000,0.0000,0.0000,0.0000,0.0000,0.0000,0.0000,0.0000,0.0000,0.0000,0.0000,0.0000,0.0000,0.0000,0.0000,0.0227,0.0081,0.0000,0.0000,0.0000,0.0000,0.0000,0.0000,0.0000,0.0000,7.5335
45108.9583333,16.500,0.0000,0.0000,0.0000,0.0000,0.0000,0.0000,0.0000,0.0000,0.0000,0.0000,0.0000,0.0000,0.0000,0.0000,0.0000,0.0000,0.0000,0.0000,0.0000,0.0000,0.0000,0.0000,0.0000,0.0000,0.0000,0.0006,0.0000,0.3063,0.1102,7.9750,0.0000,0.0000,0.0000,0.0000,0.0000,0.0000,0.0000,0.0000,0.0000,0.0000,10.4901
45108.9583333,16.400,0.0005,0.0014,0.0000,0.0025,0.0037,4.6762,11.1190,4.2673,2.5989,0.0000,20.6643,0.6847,0.0000,0.0000,0.0000,0.0000,0.0000,0.0000,0.0000,0.0000,24.0982,0.0000,0.0000,0.0000,0.0000,0.0000,0.0827,0.0000,0.2209,0.0115,0.0000,0.0000,0.0000,0.0000,0.0000,0.0000,0.0000,0.0000,0.0000,0.0000,42.2040
45108.9583333,16.300,0.0157,0.0000,0.0000,0.0000,0.0000,11.2211,0.0000,0.0000,0.0000,0.0000,24.0197,9.0955,0.0000,0.0000,0.0000,0.0000,0.0000,0.0000,0.0000,0.0000,27.9409,0.0000,0.0000,0.0000,0.0000,10.0252,10.3130,0.0000,0.0000,0.0000,0.0000,0.0000,0.0000,0.0000,0.0000,0.0000,0.0000,0.0000,0.0000,0.0000,51.2635
45108.9583333,16.200,0.0407,0.0000,0.0000,0.0000,0.0000,0.1905,0.0000,0.0000,0.0000,0.0000,0.0000,0.0000,0.0000,0.0000,0.0000,0.0000,0.0000,0.0000,0.0000,0.0000,0.0000,0.0000,0.0000,0.0000,0.0000,0.0000,0.0000,0.0000,0.0000,0.0000,0.0000,0.0000,0.0000,0.0000,0.0000,0.0000,0.0000,0.0000,0.0000,0.0000,4.2446
45108.9583333,16.100,0.0373,0.0158,0.0000,0.0000,0.0000,0.1594,9.3936,0.0000,0.0000,0.0000,5.7411,17.8310,9.1249,0.0000,0.0000,5.8905,15.7222,0.0000,0.0000,0.0000,0.0000,0.0000,0.0000,0.0000,0.0000,0.0000,0.0000,0.0000,0.0000,0.0000,0.0000,0.0000,0.0000,0.0000,0.0000,0.0000,0.0000,0.0000,0.0000,0.0000,23.7570
45108.9583333,16.000,0.0581,0.0000,0.0000,0.0000,0.0000,0.0000,0.0000,0.0000,0.0000,0.0000,0.0000,0.0000,0.0000,0.0000,0.0000,0.0000,0.0000,0.0000,0.0000,0.0000,0.0000,0.0000,0.0000,0.0000,0.0000,0.0000,0.0000,0.0000,0.0000,0.0000,0.0000,0.0000,0.0000,0.0000,0.0000,0.0000,0.0000,0.0000,0.0000,0.0000,14.0556
45108.9583333,15.900,0.0144,0.0508,0.0207,0.0000,0.0000,0.3279,0.0180,0.0000,0.0000,0.0000,0.0000,0.0000,0.0000,0.0000,0.0000,0.0000,0.0000,0.0000,0.0000,0.0000,0.0000,0.0000,0.0000,0.0000,0.0000,0.0000,0.0000,0.0000,0.0000,0.0000,0.0000,0.0000,0.0000,0.0000,0.0000,0.0000,0.0000,0.0000,0.0000,0.0000,9.8951
45108.9583333,15.800,0.0000,0.0075,0.0000,0.0000,0.0000,0.0000,0.0000,2.0468,1.1846,0.0000,0.0000,0.0000,0.0000,0.0000,0.0000,21.5279,0.0000,0.0000,0.0000,0.0000,12.2493,15.3712,1.5712,0.0000,0.0000,1.4676,2.5057,6.4752,4.5198,3.8220,0.0000,0.0000,0.0000,0.0000,0.0000,0.0000,0.0000,0.0000,0.0000,0.0000,38.8454
45108.9583333,15.700,0.0048,0.0086,0.0118,0.0190,0.0554,2.6806,10.0844,4.7336,2.3142,1.7125,31.4997,1.5673,0.0000,0.0000,0.0000,21.8468,0.0000,0.0000,0.0000,0.0000,28.8265,0.0000,0.0000,0.0000,0.0000,11.8118,0.0000,0.0000,0.0000,0.0000,0.0000,0.0000,0.0000,0.0000,0.0000,0.0000,0.0000,0.0000,0.0000,0.0000,53.6031
45108.9583333,15.600,0.0049,0.0102,0.0214,0.0000,0.0449,10.7218,0.0000,4.9266,2.4021,1.7157,30.4054,3.1912,0.0000,0.0000,0.0000,22.5693,0.0000,0.0000,0.0000,0.0000,0.0000,0.0000,0.0000,0.0000,0.0000,0.0000,0.0000,0.0000,0.0000,0.0000,0.0000,0.0000,0.0000,0.0000,0.0000,0.0000,0.0000,0.0000,0.0000,0.0000,44.1717
45108.9583333,15.500,0.0000,0.0000,0.0000,0.0182,0.0466,0.0000,0.0000,0.0000,1.3571,0.4128,0.0000,0.0000,0.0000,0.0000,0.0000,0.0000,0.0000,0.0000,0.0000,0.0000,0.0000,0.0000,0.0000,0.0000,0.0000,0.0000,0.0000,0.0000,0.0000,0.0000,0.0000,0.0000,0.0000,0.0000,0.0000,0.0000,0.0000,0.0000,0.0000,0.0000,6.7704
45108.9583333,15.400,0.0000,0.0000,0.0000,0.0590,0.0000,0.0000,0.0000,0.0000,0.0000,0.0000,0.0000,0.0000,0.0000,0.0000,0.0000,0.0000,0.0000,0.0000,0.0000,0.0000,0.0000,0.0000,0.0000,0.0000,0.0000,0.0000,0.0000,0.0000,0.0000,0.0000,0.0000,0.0000,0.0000,0.0000,0.0000,0.0000,0.0000,0.0000,0.0000,0.0000,3.7467
45108.9583333,15.300,0.0431,0.0000,0.0000,0.0000,0.0000,0.0435,0.0000,0.0000,0.0000,0.0000,0.0000,0.0000,0.0000,0.0000,0.0000,0.0000,0.0000,0.0000,0.0000,0.0000,0.0000,0.0000,0.0000,0.0000,0.0000,0.0000,0.0000,0.0000,0.0000,0.0000,0.0000,0.0000,0.0000,0.0000,0.0000,0.0000,0.0000,0.0000,0.0000,0.0000,2.8066
45108.9583333,15.200,0.0122,0.0000,0.0099,0.0158,0.0253,0.0000,0.0000,0.0000,0.0000,0.8086,0.0000,0.0000,0.0000,0.0000,0.0000,0.0000,0.0000,0.0000,0.0000,0.0000,0.0000,0.0000,0.0000,0.0000,0.0000,0.0000,0.0000,0.0000,0.0000,0.0000,0.0000,0.0000,0.0000,0.0000,0.0000,0.0000,0.0000,0.0000,0.0000,0.0000,9.2515
45108.9583333,15.100,0.0000,0.0212,0.0128,0.0205,0.0424,2.5928,1.2774,3.7752,5.3920,10.0609,2.4883,10.7481,0.0000,0.0000,0.0000,17.6017,0.0000,0.0000,0.0000,0.0000,0.0000,0.0000,0.0000,0.0000,0.0000,1.9047,0.0000,0.0000,0.0000,0.0000,0.0000,0.0000,0.0000,0.0000,0.0000,0.0000,0.0000,0.0000,0.0000,0.0000,41.4277
45108.9583333,15.000,0.0079,0.0114,0.0165,0.0239,0.0346,2.4474,4.3085,2.6085,6.1243,4.7949,14.0321,14.5910,4.6162,0.0000,0.0000,0.0000,0.0000,0.0000,0.0000,0.0000,0.0000,0.0000,0.0000,0.0000,0.0000,0.0000,0.0000,0.0000,0.0000,0.0000,0.0000,0.0000,0.0000,0.0000,0.0000,0.0000,0.0000,0.0000,0.0000,0.0000,26.9360
45108.9583333,14.900,0.0050,0.0105,0.0221,0.0254,0.0406,1.7910,5.8073,5.2164,8.2086,1.1027,0.0000,0.0000,0.0000,0.0000,0.0000,0.0000,0.0000,0.0000,0.0000,0.0000,0.0000,0.0000,0.0000,0.0000,0.0000,0.0000,0.0000,0.0000,0.0000,0.0000,0.0000,0.0000,0.0000,0.0000,0.0000,0.0000,0.0000,0.0000,0.0000,0.0000,23.2722
45108.9583333,14.800,0.0000,0.0087,0.0145,0.0140,0.0224,1.3477,0.2838,5.2620,8.4114,6.5882,0.0000,23.6675,0.0000,2.9877,0.0000,0.0000,0.0000,0.0000,0.0000,0.0000,0.0000,0.0000,0.0000,0.0000,0.0000,0.6204,0.0000,0.0000,0.0000,0.0000,0.0643,0.0000,0.0000,0.0000,0.0000,0.0000,0.0000,0.0000,0.0000,0.0000,34.4364
45108.9583333,14.700,0.0000,0.0000,0.0000,0.0000,0.0000,4.6253,0.0637,1.3053,0.0826,0.2403,0.0000,0.0000,0.0000,0.0000,0.0000,0.0000,0.0000,0.0000,0.0000,0.0000,0.0000,0.0000,0.0000,0.0000,0.0000,0.0000,0.0000,0.0000,0.0000,0.0000,0.0765,0.0000,0.0000,0.0000,0.0000,0.0000,0.0000,0.0000,0.0000,0.0000,24.5776
45108.9583333,14.600,0.0000,0.0000,0.0000,0.0000,0.0000,0.0000,0.0000,0.0000,0.0000,0.0000,0.0000,0.0000,0.0000,0.0000,0.0000,0.0000,0.0000,0.0000,0.0000,0.0000,0.0000,0.0000,0.0000,0.0000,0.0000,0.0000,0.0000,0.0000,0.0000,0.8821,0.0149,0.0000,0.0000,0.0187,0.0393,0.0000,0.0000,0.0000,0.0000,0.0000,5.7630
45108.9583333,14.500,0.0000,0.0000,0.0000,0.0000,0.0000,0.0000,0.0000,0.0000,0.0000,0.0000,0.0000,0.0000,0.0000,0.0000,0.0000,0.0000,0.0000,0.0000,0.0000,0.0000,0.0000,0.2493,0.0000,0.0000,0.0000,1.7793,3.0183,7.3644,4.5792,3.1184,0.0098,0.0142,0.0206,0.0000,0.0000,0.0000,0.0000,0.0000,0.0000,0.0000,25.7958
45108.9583333,14.400,0.0000,0.0000,0.0000,0.0000,0.0000,0.0000,0.0000,0.0000,0.0000,0.0000,0.0000,0.0000,0.0000,0.0000,0.0000,0.0000,0.0000,0.0000,0.0000,0.0000,0.0000,0.0000,0.0000,0.0000,0.0000,0.4265,0.0000,0.0000,0.0000,0.0000,0.0001,0.0009,0.0075,0.0597,0.0000,0.0000,0.0000,0.0000,0.0000,0.0000,19.4045
45108.9583333,14.300,0.0000,0.0000,0.0000,0.0000,0.0000,0.0000,0.0000,0.0000,0.0000,2.7255,0.0000,0.0000,0.0000,0.0000,0.0000,0.0000,0.0000,0.0000,0.0000,0.0000,0.0000,0.0000,0.0000,0.0000,0.0000,0.0000,0.0000,0.0000,0.0000,0.0000,0.0000,0.0000,0.0000,0.0000,0.0000,0.0000,0.0000,0.0000,0.0000,0.0000,11.0300
45108.9583333,14.200,0.0000,0.0000,0.0000,0.0000,0.0000,0.0000,0.0000,0.0000,0.0000,0.0000,0.0000,0.0000,0.0000,0.0000,0.0000,0.0000,0.0000,0.0000,0.0000,0.0000,0.0000,0.0000,0.0000,0.0000,0.0000,1.9380,0.1483,0.0782,0.0000,0.0000,0.0000,0.0056,0.0239,0.0022,0.0000,0.0000,0.0000,0.0000,0.0000,0.0000,23.4209
45108.9583333,14.100,0.0000,0.0000,0.0000,0.0000,0.0000,0.0000,0.0000,0.0000,0.0000,0.0000,0.0000,0.0000,0.0000,0.0000,0.0000,0.0000,0.0000,0.0000,0.0000,0.0000,21.1446,0.0000,0.0000,0.0000,0.0000,13.2346,3.2738,2.5014,1.5494,0.0000,0.0007,0.0015,0.0032,0.0068,0.0000,0.0000,0.0000,0.0000,0.0000,0.0000,27.2416
45108.9583333,14.000,0.0094,0.0365,0.0163,0.0000,0.0000,0.7299,0.0085,0.0000,0.0000,0.0000,0.0000,0.0000,0.0000,0.0000,0.0000,0.0000,0.0000,0.0000,0.0000,0.0000,0.0000,0.0000,0.0000,0.0000,0.0000,0.2814,0.0121,1.3992,0.0000,0.0000,0.0001,0.0007,0.0019,0.0061,0.0194,0.0000,0.0000,0.0000,0.0000,0.0000,17.2185
45108.9583333,13.900,0.0000,0.0000,0.0000,0.0000,0.0000,0.0000,0.0000,0.0000,0.0000,0.0000,0.0000,0.0000,0.0000,0.0000,0.0000,0.0000,0.0000,0.0000,0.0000,0.0000,0.0000,0.0000,0.0000,0.0000,0.0000,0.3437,0.0000,0.0000,0.0000,0.0000,0.0078,0.0228,0.0000,0.0000,0.0000,0.0000,0.0000,0.0000,0.0000,0.0000,6.8375
45108.9583333,13.800,0.0000,0.0000,0.0000,0.0000,0.0000,0.0000,0.0000,0.0000,0.0000,0.0000,0.0000,0.0000,0.0000,0.0000,0.0000,0.0000,0.0000,0.0000,0.0000,0.0000,0.0000,0.0000,0.0000,0.0000,0.0000,0.0000,0.0000,0.0000,0.0000,0.0000,0.0000,0.0000,0.0000,0.0000,0.0000,0.0000,0.0000,0.0000,0.0000,0.0000,3.0617
45108.9583333,13.700,0.0000,0.0000,0.0000,0.0000,0.0000,0.1197,0.0000,0.0000,0.1409,0.0000,0.0000,0.0000,0.0000,0.0000,0.0000,0.0000,0.0000,0.0000,0.0000,0.0000,0.0000,0.0000,0.0000,0.0000,0.0000,0.0000,0.0000,0.0000,0.0000,0.0000,0.0000,0.0059,0.0000,0.0000,0.0000,0.0000,0.0000,0.0000,0.0000,0.0000,7.1113
45108.9583333,13.600,0.0000,0.0000,0.0000,0.0000,0.0000,0.0000,0.0000,0.0000,0.0000,0.0000,0.0000,0.0000,0.0000,0.0000,0.0000,0.0000,0.0000,0.0000,0.0000,0.0000,0.0000,0.0000,0.0000,0.0000,0.0000,0.0628,0.0000,0.0000,0.0000,0.0000,0.0557,0.0000,0.0000,0.0000,0.0000,0.0000,0.0000,0.0000,0.0000,0.0000,3.9559
45108.9583333,13.500,0.0000,0.0000,0.0000,0.0000,0.0000,0.0000,0.0000,2.3940,1.0555,0.7638,0.0000,0.0000,0.0000,0.0000,0.0000,0.0000,0.0000,0.0000,0.0000,0.0000,0.0000,0.0000,0.0000,0.0000,0.0000,0.0000,0.0000,2.1867,1.1916,0.5325,0.0000,0.0000,0.0000,0.0000,0.0199,0.0000,0.0000,0.0000,0.0000,0.0000,10.3478
45108.9583333,13.400,0.0000,0.0000,0.0000,0.0000,0.0000,0.0000,0.0000,0.0000,1.2382,0.7900,0.0000,0.0000,0.0000,0.0000,0.0000,0.0000,0.0000,0.0000,0.0000,0.0000,0.0000,0.0000,0.0000,0.0000,0.0000,0.0000,0.0000,0.0000,0.0000,0.0000,0.0000,0.0000,0.0000,0.0000,0.0000,0.0000,0.0000,0.0000,0.0000,0.0000,6.9665
45108.9583333,13.300,0.0000,0.0000,0.0000,0.0000,0.0000,0.0000,0.0000,0.0000,0.0000,0.0000,0.0000,0.0000,0.0000,0.0000,0.0000,0.0000,0.0000,0.0000,0.0000,0.0000,0.0000,0.0000,0.0000,0.0000,0.0000,0.0000,2.3701,1.1153,0.4244,0.2567,0.0000,0.0000,0.0000,0.0000,0.0000,0.0000,0.0000,0.0000,0.0000,0.0000,11.9698
45108.9583333,13.200,0.0000,0.0000,0.0000,0.0000,0.0000,0.0000,0.0000,0.0000,0.0000,0.0000,0.0000,0.0000,0.0000,0.0000,0.0000,0.0000,0.0000,0.0000,0.0000,0.0000,0.0000,10.2797,0.0000,0.0000,0.0000,0.0000,0.0000,0.0000,3.8260,0.0000,0.0000,0.0000,0.0000,0.0000,0.0000,0.0000,0.0000,0.0000,0.0000,0.0000,21.9237
45108.9583333,13.100,0.0000,0.0000,0.0000,0.0188,0.0334,0.0000,0.0000,0.0000,0.0000,0.0000,0.0000,0.0000,0.0000,0.0000,0.0000,0.0000,0.0000,0.0000,0.0000,0.0000,0.0000,0.0000,0.0000,0.0000,0.0000,0.0000,0.0000,2.4700,2.0309,3.6935,0.0000,0.0000,0.0000,0.0000,0.0000,0.0000,0.0000,0.0000,0.0000,0.0000,17.8530
45108.9583333,13.000,0.0030,0.0937,0.0061,0.0000,0.0000,0.0000,0.2840,0.0000,0.0000,0.0000,0.0000,0.0000,0.0000,0.0000,0.0000,0.0000,0.0000,0.0000,0.0000,0.0000,0.0000,0.0000,0.0000,0.0000,0.0000,0.0000,0.0000,0.0000,0.0000,0.0000,0.0000,0.0000,0.0000,0.0000,0.0000,0.0000,0.0000,0.0000,0.0000,0.0000,13.4418
45108.9583333,12.900,0.0130,0.0020,0.0002,0.0216,0.0647,0.0084,0.0000,2.4754,1.2004,0.8266,0.0000,0.0000,0.0000,0.0000,0.0000,0.0000,0.0000,0.0000,0.0000,0.0000,0.0000,0.0000,0.0000,0.0000,0.0000,0.0000,0.0000,0.0000,0.0000,0.0000,0.0000,0.0000,0.0000,0.0000,0.0000,0.0000,0.0000,0.0000,0.0000,0.0000,6.3312
45108.9583333,12.800,0.0236,0.0112,0.0149,0.0199,0.0265,0.0000,4.9409,7.4101,0.6500,0.4333,0.0000,0.0000,0.0000,0.0000,0.0000,0.0000,0.0000,0.0000,0.0000,0.0000,0.0000,0.0000,0.0000,0.0000,0.0000,0.0000,0.0000,0.0000,0.0000,0.0000,0.0000,0.0000,0.0000,0.0000,0.0000,0.0000,0.0000,0.0000,0.0000,0.0000,28.5277
45108.9583333,12.700,0.0114,0.0152,0.0203,0.0270,0.0003,2.9372,4.4162,6.6561,0.0000,3.5578,18.0951,0.0000,0.0000,0.0000,0.0000,0.0000,0.0000,0.0000,0.0000,0.0000,0.0000,0.0000,0.0000,0.0000,0.0000,0.0000,0.0000,0.0000,0.0000,0.0000,0.0000,0.0000,0.0000,0.0000,0.0000,0.0000,0.0000,0.0000,0.0000,0.0000,38.7267
45108.9583333,12.600,0.0000,0.0130,0.0188,0.0203,0.0270,0.0000,0.0000,0.0000,0.0000,0.0000,0.0000,0.0000,0.0000,0.0000,0.0000,0.0000,0.0000,0.0000,0.0000,0.0000,0.0000,0.0000,0.0000,0.0000,0.0000,0.0000,0.0000,0.0000,0.0000,0.0000,0.0000,0.0000,0.0000,0.0000,0.0000,0.0000,0.0000,0.0000,0.0000,0.0000,22.0337
45108.9583333,12.500,0.0697,0.0101,0.0000,0.0000,0.0000,0.0000,0.0000,0.0000,0.0000,0.0000,0.0000,0.0000,0.0000,0.0000,0.0000,0.0000,0.0000,0.0000,0.0000,0.0000,0.0000,0.0000,0.0000,0.0000,0.0000,0.0000,0.0000,0.0000,0.0000,0.0000,0.0163,0.0000,0.0000,0.0000,0.0000,0.0000,0.0000,0.0000,0.0000,0.0000,6.8096
45108.9583333,12.400,0.0036,0.0000,0.0000,0.0000,0.0000,0.0000,0.0000,0.0000,0.2568,0.0000,0.0000,0.0000,0.0000,0.3420,0.0000,0.0000,0.0000,0.0000,0.0000,0.0000,0.0000,0.0000,0.0000,0.0000,0.0000,0.0000,0.0000,0.0000,0.0000,0.0000,0.0000,0.0000,0.0000,0.0000,0.0000,0.0000,0.0000,0.0000,0.0000,0.0000,9.7917
45108.9583333,12.300,0.0256,0.0017,0.0162,0.0235,0.0254,0.0529,0.0000,0.0000,0.0000,5.2822,0.0000,0.0000,0.0000,0.0000,0.0000,0.0000,0.0000,0.0000,0.0000,0.0000,0.0000,0.0000,0.0000,0.0000,0.0000,0.0000,0.0000,0.0000,6.7154,5.1071,0.0000,0.0000,0.0000,0.0000,0.0000,0.0000,0.0000,0.0000,0.0000,0.0000,17.6819
45108.9583333,12.200,0.0125,0.0520,0.0180,0.0066,0.0000,0.7010,0.0056,0.0000,0.0000,0.0000,0.0000,0.0000,0.0000,0.0000,0.0000,0.0000,0.0000,0.0000,0.0000,0.0000,0.0000,0.0000,0.0000,0.0000,0.0000,0.0000,0.0000,0.0000,0.0000,0.0000,0.0117,0.0167,0.0095,0.0000,0.0000,0.0000,0.0000,0.0000,0.0000,0.0000,11.0496
45108.9583333,12.100,0.0000,0.0000,0.0000,0.0000,0.0697,0.0000,0.0000,0.0000,0.0000,0.0000,0.0000,0.0000,0.0000,0.0000,0.0000,0.0000,0.0000,0.0000,0.0000,0.0000,0.0000,0.0000,0.0000,0.0000,0.0000,0.0000,0.0000,0.0000,0.0000,0.0000,0.0694,0.0179,0.0006,0.0000,0.0000,0.0000,0.0000,0.0000,0.0000,0.0000,8.5365
45108.9583333,12.000,0.0438,0.0229,0.0000,0.0000,0.0000,0.0000,0.0000,0.0000,0.0000,0.0000,0.0000,0.0000,0.0000,0.0000,0.0000,0.0000,0.0000,0.0000,0.0000,0.0000,0.0000,3.1819,8.3257,0.3173,0.0000,0.0000,0.0000,3.4955,6.7131,5.0404,0.0616,0.0256,0.0085,0.0013,0.0000,0.0000,0.0000,0.0000,0.0000,0.0000,18.5189
45108.9583333,11.900,0.0286,0.0000,0.0000,0.0000,0.0000,0.0219,0.0000,0.0000,0.0000,5.3577,32.9735,0.0000,0.0000,0.0000,0.0000,21.7648,0.0000,0.0000,0.0000,0.0000,0.0000,0.0000,0.0000,0.0000,0.0000,0.0000,0.0062,0.0239,5.4071,4.6541,0.0000,0.0006,0.0382,0.0381,0.0279,0.0000,0.0000,0.0000,0.0000,0.0000,28.5577
45108.9583333,11.800,0.0000,0.0000,0.0000,0.0000,0.0000,0.0125,0.0000,0.0000,1.2259,0.8342,0.0000,0.0000,0.0000,0.0000,0.0000,0.0000,0.0000,0.0000,0.0000,0.0000,0.0000,0.0000,0.0000,0.0000,0.0000,0.0000,0.0000,0.0000,0.0000,0.8094,0.0000,0.0000,0.0064,0.0000,0.0000,0.0000,0.0000,0.0000,0.0000,0.0000,9.9470
45108.9583333,11.700,0.0000,0.0000,0.0000,0.0000,0.0000,0.0000,0.0000,0.0000,0.0000,0.0000,0.0000,0.0000,0.0000,0.0000,0.0000,21.6672,0.0000,0.0000,0.0000,0.0000,29.1419,0.0000,0.0000,0.0000,0.0000,8.4445,7.3738,2.5996,1.2780,0.8084,0.0044,0.0000,0.0000,0.0131,0.0337,0.0000,0.0000,0.0000,0.0000,0.0000,29.8465
45108.9583333,11.600,0.0000,0.0076,0.0000,0.0000,0.0000,0.0000,0.0000,0.0000,0.0000,0.0000,0.0000,0.0000,0.0000,0.0000,0.0000,0.0000,0.0000,0.0000,0.0000,0.0000,28.5066,0.5065,0.0000,0.0000,0.0000,2.3490,7.8974,5.6473,2.8113,1.9535,0.0000,0.0033,0.0070,0.0000,0.0148,0.0000,0.0000,0.0000,0.0000,0.0000,23.3926
45108.9583333,11.500,0.0479,0.0115,0.0000,0.0000,0.0000,0.1098,0.0083,3.3269,1.5610,1.2205,0.0000,0.0000,0.0000,0.0000,0.0000,0.0000,0.0000,0.0000,0.0000,0.0000,0.0000,0.0000,0.0000,0.0000,0.0000,0.8697,0.0000,0.0000,0.0000,0.0000,0.0000,0.0000,0.0000,0.0000,0.0000,0.0000,0.0000,0.0000,0.0000,0.0000,17.4849
45108.9583333,11.400,0.0000,0.0000,0.0000,0.0000,0.0000,0.0000,0.0000,0.0000,0.0000,0.0000,0.0000,0.0000,0.0000,0.0000,0.0000,0.0000,0.0000,0.0000,0.0000,0.0000,0.0000,0.0000,0.0000,0.0000,0.0000,0.0000,0.3690,0.1685,0.9945,0.9392,0.0022,0.0000,0.0055,0.0142,0.0181,0.0000,0.0000,0.0000,0.0000,0.0000,8.2541
45108.9583333,11.300,0.0011,0.0027,0.0049,0.0104,0.0218,14.3088,2.8816,2.2393,1.1508,0.7771,0.0000,0.0000,0.0000,0.0000,0.0000,0.0000,0.0000,0.0000,0.0000,0.0000,10.1374,0.0000,0.0000,0.0000,0.0000,16.1420,4.1427,0.0000,0.0000,0.0000,0.0008,0.0037,0.0103,0.0000,0.0511,0.0000,0.0000,0.0000,0.0000,0.0000,41.1720
45108.9583333,11.200,0.0000,0.0000,0.0000,0.0000,0.0000,0.0000,0.0000,0.0000,0.0000,0.0000,0.0000,0.0000,0.0000,0.0000,0.0000,0.0000,0.0000,0.0000,0.0000,0.0000,0.0000,0.0000,0.0000,0.0000,0.0000,0.0000,0.0000,0.0000,0.0000,0.0000,0.0000,0.0000,0.0000,0.0000,0.0000,0.0000,0.0000,0.0000,0.0000,0.0000,11.6476
45108.9583333,11.100,0.0000,0.0000,0.0000,0.0000,0.0000,3.6596,3.0890,9.5048,5.9565,0.1776,0.0000,2.5124,0.0000,0.0000,0.0000,21.4436,0.0000,0.0000,0.0000,0.0000,0.0000,1.3139,0.0000,0.0000,0.0000,14.8031,0.9576,0.6196,0.0000,0.0000,0.0113,0.0236,0.0495,0.0000,0.0000,0.0000,0.0000,0.0000,0.0000,0.0000,50.5437
45108.9583333,11.000,0.0000,0.0020,0.0000,0.0041,0.0086,0.0000,0.0000,2.4928,1.1066,2.6871,0.0000,0.0000,0.0000,0.0000,0.0000,0.0000,0.0000,0.0000,0.0000,0.0000,0.0000,0.0000,0.0000,0.0000,0.0000,0.0000,0.0000,0.0000,2.0275,1.6044,0.0000,0.0000,0.0000,0.0000,0.0000,0.0000,0.0000,0.0000,0.0000,0.0000,28.1585
45108.9583333,10.900,0.0000,0.0000,0.0000,0.0000,0.0000,0.0000,0.0000,0.0000,0.0000,0.0000,0.0000,0.0000,0.0000,0.0000,0.0000,0.0000,0.0000,0.0000,0.0000,0.0000,0.0000,0.0000,0.0000,0.0000,0.0000,0.0000,0.0000,0.0000,0.0000,0.0000,0.0000,0.0000,0.0000,0.0000,0.0000,0.0000,0.0000,0.0000,0.0000,0.0000,6.7231
45108.9583333,10.800,0.0000,0.0000,0.0000,0.0000,0.0000,0.0000,0.0000,0.0000,0.0000,0.0000,0.0000,0.0000,0.0000,0.0000,0.0000,0.0000,0.0000,0.0000,0.0000,0.0000,0.0000,0.0000,0.0000,0.0000,0.0000,0.0000,0.3100,0.0231,0.4205,0.4375,0.0000,0.0000,0.0000,0.0000,0.0000,0.0000,0.0000,0.0000,0.0000,0.0000,5.3594
45108.9583333,10.700,0.0000,0.0000,0.0000,0.0000,0.0000,0.0000,0.0000,0.0000,0.0000,0.0000,0.0000,0.0000,0.0000,0.0000,0.0000,0.0000,0.0000,0.0000,0.0000,0.0000,0.0000,0.0000,0.0000,0.0000,0.0000,0.0000,0.0000,0.0000,0.0000,0.0000,0.0000,0.0000,0.0000,0.0000,0.0000,0.0000,0.0000,0.0000,0.0000,0.0000,3.2946
45108.9583333,10.600,0.0030,0.0000,0.0000,0.0000,0.0000,0.1117,0.0000,0.0000,0.0000,0.0000,0.0000,0.6835,0.0000,0.0000,0.0000,0.0000,0.0000,0.0000,0.0000,0.0000,17.8198,6.0719,0.8990,0.0000,0.0000,2.8847,5.0077,5.6265,2.9605,1.9756,0.0211,0.0000,0.0000,0.0000,0.0000,0.0000,0.0000,0.0000,0.0000,0.0000,35.7089
45108.9583333,10.500,0.0420,0.0148,0.0000,0.0000,0.0000,0.0000,0.0000,0.0000,0.0000,0.0000,0.0000,0.0000,0.0000,0.0000,0.0000,21.5978,0.0000,0.0000,0.0000,0.0000,0.0000,5.7789,1.3395,0.0000,0.0000,0.0000,2.9618,7.2857,4.6752,3.1970,0.0000,0.0000,0.0000,0.0144,0.0281,0.0000,0.0000,0.0000,0.0000,0.0000,30.7814
45108.9583333,10.400,0.0151,0.0564,0.0022,0.0118,0.0037,0.0000,0.0000,0.0000,0.0000,0.0000,0.0000,0.0000,8.5177,0.1675,0.0000,0.0000,0.0000,0.0000,0.0000,0.0000,26.0018,0.0000,0.0000,0.0000,0.0000,0.0000,0.0000,1.2111,1.7314,1.3505,0.0000,0.0000,0.0000,0.0000,0.0000,0.0000,0.0000,0.0000,0.0000,0.0000,26.1255
45108.9583333,10.300,0.0000,0.0000,0.0000,0.0000,0.0000,0.0000,0.0000,0.0000,0.0000,0.0000,23.8352,3.6407,5.9256,0.0000,0.0000,21.7132,0.0000,0.0000,0.0000,0.0000,11.3914,10.5634,10.0227,0.0000,0.0000,0.0000,3.1757,7.5658,5.4943,1.3683,0.0000,0.0000,0.0000,0.0000,0.0000,0.0000,0.0000,0.0000,0.0000,0.0000,30.0288
45108.9583333,10.200,0.0000,0.0000,0.0000,0.0228,0.0366,0.0000,0.0000,0.0000,0.0000,0.0000,23.2500,9.8989,0.0000,0.0000,0.0000,21.4986,0.0000,0.0000,0.0000,0.0000,9.0415,17.4404,3.8141,0.0000,0.0000,0.0000,2.7917,6.8012,5.0049,3.4454,0.0000,0.0000,0.0000,0.0000,0.0000,0.0000,0.0000,0.0000,0.0000,0.0000,34.6884
45108.9583333,10.100,0.0001,0.0103,0.0000,0.0208,0.0301,0.0000,0.7688,2.4473,0.0000,3.6042,0.6670,8.0585,0.0000,0.0000,0.0000,0.0000,0.0000,0.0000,0.0000,0.0000,0.0000,0.0000,0.0000,0.0000,0.0000,0.0000,0.0000,0.0000,0.0000,0.0000,0.0000,0.0000,0.0000,0.0000,0.0000,0.0000,0.0000,0.0000,0.0000,0.0000,28.9626
45108.9583333,10.000,0.0093,0.0194,0.0000,0.0581,0.0000,10.1185,7.0438,0.0000,3.8424,0.0000,0.0000,0.0000,0.0000,0.0000,0.0000,0.0000,0.0000,0.0000,0.0000,0.0000,0.0000,0.0000,0.0000,0.0000,0.0000,0.0000,0.0000,0.0000,0.0000,0.0000,0.0000,0.0000,0.0000,0.0000,0.0000,0.0000,0.0000,0.0000,0.0000,0.0000,28.8094
45108.9583333,9.900,0.0114,0.0502,0.0054,0.0003,0.0268,18.3861,1.9771,0.1961,0.0000,0.0000,0.0000,0.0000,0.0000,0.0000,0.0000,21.5264,0.0000,0.0000,0.0000,0.0000,0.0000,0.0000,0.0000,0.0000,0.0000,0.0000,0.0000,0.0000,0.0000,0.0000,0.0000,0.0000,0.0000,0.0000,0.0000,0.0000,0.0000,0.0000,0.0000,0.0000,24.7595
45108.9583333,9.800,0.0000,0.0000,0.0126,0.0225,0.0400,0.0000,0.0000,0.0000,0.0000,0.7432,0.0000,0.0000,1.0853,0.0000,0.0000,0.0000,0.0000,0.0000,0.0000,0.0000,0.0000,0.0000,1.1088,0.0000,0.0000,0.0000,0.0000,0.0000,0.0000,0.0000,0.0000,0.0000,0.0000,0.0000,0.0000,0.0000,0.0000,0.0000,0.0000,0.0000,17.6918
45108.9583333,9.700,0.0204,0.0428,0.0000,0.0000,0.0000,0.0000,0.0000,0.0000,0.0000,0.0000,0.0000,0.0000,0.0000,0.0000,0.0000,0.0000,0.0000,0.0000,0.0000,0.0000,0.0000,0.0000,0.0000,0.0000,0.0000,0.0000,0.0000,0.0000,0.0000,0.0000,0.0109,0.0321,0.0000,0.0000,0.0000,0.0000,0.0000,0.0000,0.0000,0.0000,16.0879
45108.9583333,9.600,0.0049,0.0156,0.0106,0.0153,0.0222,0.1057,0.0571,0.0000,3.8886,2.8603,0.0000,0.0000,0.0000,0.0000,0.0000,0.0000,0.0000,0.0000,0.0000,0.0000,0.0000,0.0000,0.0000,0.0000,0.0000,0.0281,0.0000,0.0000,0.5646,0.4131,0.0457,0.0037,0.0298,0.0000,0.0000,0.0000,0.0000,0.0000,0.0000,0.0000,23.9551
45108.9583333,9.500,0.0008,0.0013,0.0073,0.0103,0.0217,2.2148,9.0535,6.0907,3.5003,0.9240,0.0000,0.0000,0.0000,0.0000,0.0000,0.0000,0.0000,0.0000,0.0000,0.0000,0.0000,0.0000,8.8305,0.8498,0.0000,1.5552,2.3146,3.4550,6.6810,5.1626,0.0070,0.0093,0.0124,0.0166,0.0221,0.0000,0.0000,0.0000,0.0000,0.0000,49.7132
45108.9583333,9.400,0.0000,0.0000,0.0000,0.0000,0.0000,0.0000,0.0000,0.0009,1.4315,3.3253,0.0000,0.0000,0.0000,0.0000,0.0000,0.0000,0.0000,0.0000,0.0000,0.0000,28.9203,0.0000,0.0000,0.0000,0.0000,0.0000,5.8182,1.7546,3.6688,0.0000,0.0000,0.0053,0.0094,0.0236,0.0495,0.0000,0.0000,0.0000,0.0000,0.0000,28.7737
45108.9583333,9.300,0.0000,0.0000,0.0000,0.0000,0.0000,0.0000,0.0000,0.0000,1.0685,1.1748,0.0000,0.0000,0.0000,0.0000,0.0000,0.0000,0.0000,0.0000,0.0000,0.0000,28.9169,0.0000,0.0000,0.0000,0.0000,9.1937,7.0271,2.1401,1.0144,0.9365,0.0044,0.0078,0.0139,0.0247,0.0439,0.0000,0.0000,0.0000,0.0000,0.0000,34.6751
45108.9583333,9.200,0.0000,0.0000,0.0000,0.0000,0.0000,0.0000,0.0000,0.0000,0.0000,0.0000,0.0000,0.0000,0.0000,0.0000,0.0000,0.0000,0.0000,0.0000,0.0000,0.0000,0.0000,0.0000,0.0000,0.0000,0.0000,0.0000,0.0000,0.0000,0.0000,0.0000,0.0005,0.0111,0.0144,0.0008,0.0000,0.0000,0.0000,0.0000,0.0000,0.0000,6.1897
45108.9583333,9.100,0.0000,0.0000,0.0000,0.0000,0.0000,0.0000,4.6179,1.3300,0.2651,0.0000,0.0000,0.0000,0.0000,0.0000,0.0000,0.0000,0.0000,0.0000,0.0000,0.0000,0.0000,0.0000,0.0000,0.0000,0.0000,0.0000,0.0000,0.0000,0.0000,0.0000,0.0000,0.0004,0.0365,0.0084,0.0182,0.0000,0.0000,0.0000,0.0000,0.0000,12.4369
45108.9583333,9.000,0.0000,0.0000,0.0000,0.0000,0.0000,0.5146,10.2054,5.0576,1.8577,1.0798,0.0000,0.0000,0.0000,0.0000,0.0000,0.0000,0.0000,0.0000,0.0000,0.0000,0.0000,0.0000,0.0000,0.0000,0.0000,8.9101,2.1173,0.5536,0.5164,0.3374,0.0017,0.0028,0.0075,0.0200,0.0532,0.0000,0.0000,0.0000,0.0000,0.0000,39.8100
45108.9583333,8.900,0.0000,0.0000,0.0000,0.0000,0.0000,0.4280,0.0000,0.0000,0.0000,0.0000,0.0000,0.0000,0.0000,0.0000,0.0000,0.0000,0.0000,0.0000,0.0000,0.0000,30.3527,1.0296,0.0000,0.0000,0.0000,7.3553,3.8077,3.8892,4.4044,0.1892,0.0028,0.0031,0.0065,0.0137,0.0435,0.0000,0.0000,0.0000,0.0000,0.0000,36.0145
45108.9583333,8.800,0.0000,0.0000,0.0000,0.0000,0.0000,0.4128,0.0447,0.0000,0.0000,1.0155,0.0000,0.0000,0.0000,0.0000,0.0000,0.0000,0.0000,0.0000,0.0000,0.0000,0.0000,0.0000,0.0000,0.0000,0.0000,1.6558,0.3338,0.0470,0.1548,0.0478,0.0015,0.0024,0.0061,0.0110,0.0232,0.0000,0.0000,0.0000,0.0000,0.0000,27.3209
45108.9583333,8.700,0.0000,0.0000,0.0000,0.0111,0.0234,0.0000,0.0000,0.0000,1.5942,0.0000,31.9902,0.6853,0.0000,0.0000,0.0000,21.5174,0.0000,0.0000,0.0000,0.0000,27.3004,1.8874,0.0000,0.0000,0.0000,2.5807,8.3330,8.9968,0.0127,0.3535,0.0000,0.0000,0.0000,0.0000,0.0000,0.0000,0.0000,0.0000,0.0000,0.0000,41.1610
45108.9583333,8.600,0.0018,0.0046,0.0082,0.0173,0.0363,9.2502,8.1362,3.3706,0.0000,0.4989,32.8218,0.0000,0.0000,0.0000,0.0000,21.5878,0.0000,0.0000,0.0000,0.0000,29.0513,0.0000,0.0000,0.0000,0.0000,7.7063,6.6267,6.0370,0.0000,0.0000,0.0000,0.0000,0.0000,0.0000,0.0000,0.0000,0.0000,0.0000,0.0000,0.0000,51.1381
45108.9583333,8.500,0.0042,0.0000,0.0070,0.0148,0.0310,0.0000,2.3240,0.2280,1.0575,0.8574,20.4250,0.0000,0.0000,0.0000,0.0000,0.0000,0.0000,0.0000,0.0000,0.0000,18.8442,0.0000,0.0000,0.0000,0.0000,16.4996,3.2321,0.0000,0.0000,0.0000,0.0000,0.0000,0.0000,0.0000,0.0000,0.0000,0.0000,0.0000,0.0000,0.0000,35.9615
45108.9583333,8.400,0.0012,0.0026,0.0083,0.0134,0.0281,16.9038,1.7589,0.0000,0.1874,0.0000,0.0000,0.0000,0.0000,0.0000,0.0000,0.0000,0.0000,0.0000,0.0000,0.0000,0.0000,0.0000,0.0000,0.0000,0.0000,14.0746,0.0000,0.0000,1.1097,0.8623,0.0000,0.0000,0.0000,0.0000,0.0000,0.0000,0.0000,0.0000,0.0000,0.0000,32.6712
45108.9583333,8.300,0.0000,0.0000,0.0000,0.0000,0.0000,21.1051,0.0000,0.0000,0.0000,0.0000,2.7524,0.0000,0.0000,0.0000,0.0000,0.0000,0.0000,0.0000,0.0000,0.0000,0.0000,0.0000,0.0000,0.0000,0.0000,0.0000,0.0000,0.0000,0.0000,0.0540,0.0000,0.0000,0.0000,0.0000,0.0000,0.0000,0.0000,0.0000,0.0000,0.0000,15.8724
45108.9583333,8.200,0.0045,0.0000,0.0161,0.0337,0.0000,9.4672,0.0000,2.3577,1.0763,0.7603,25.4182,7.1222,0.0000,0.0000,0.0000,21.4550,0.0000,0.0000,0.0000,0.0000,21.2927,0.0000,0.0000,0.0000,0.0000,3.7367,6.4456,3.8474,1.6971,1.3028,0.0000,0.0000,0.0000,0.0000,0.0000,0.0000,0.0000,0.0000,0.0000,0.0000,58.0048
45108.9583333,8.100,0.0033,0.0070,0.0148,0.0310,0.0000,4.0411,10.9417,4.4749,2.6864,0.0000,32.7315,0.0000,0.0000,0.0000,0.0000,21.5958,0.0000,0.0000,0.0000,0.0000,0.0000,0.0000,0.0000,0.0000,0.0000,0.0000,0.0000,0.0000,1.0072,0.8933,0.0000,0.0000,0.0039,0.0070,0.0252,0.0000,0.0000,0.0000,0.0000,0.0000,39.3554
45108.9583333,8.000,0.0310,0.0000,0.0000,0.0000,0.0000,0.2951,0.0000,0.0000,0.0000,0.0000,0.0000,0.0000,0.0000,0.0000,0.0000,0.0000,0.0000,0.0000,0.0000,0.0000,0.0000,0.0000,0.0000,0.0000,0.0000,0.0000,3.2332,2.3537,1.0499,0.9236,0.0147,0.0378,0.0000,0.0000,0.0000,0.0000,0.0000,0.0000,0.0000,0.0000,15.9658
45108.9583333,7.900,0.0000,0.0000,0.0000,0.0044,0.0000,0.0000,0.0000,0.0000,0.0000,0.0000,0.0000,0.0000,0.0000,0.0000,0.0000,0.0000,0.0000,0.0000,0.0000,0.0000,0.0000,0.0000,0.0000,0.0000,0.0000,8.7947,0.0000,0.0000,0.0000,0.8642,0.0000,0.0000,0.0000,0.0000,0.0588,0.0000,0.0000,0.0000,0.0000,0.0000,17.6077
45108.9583333,7.800,0.0000,0.0000,0.0000,0.0000,0.0000,21.3447,0.0300,0.0000,0.0000,0.0000,0.0000,0.0000,0.0000,0.0000,0.0000,0.0000,0.0000,0.0000,0.0000,0.0000,0.0000,0.0000,0.0000,0.0000,0.0000,0.0000,3.9025,8.5244,2.8375,1.9182,0.0000,0.0260,0.0387,0.0000,0.0000,0.0000,0.0000,0.0000,0.0000,0.0000,29.2831
45108.9583333,7.700,0.0000,0.0000,0.0000,0.0000,0.0000,0.0000,0.0000,0.0000,0.0000,0.0000,0.0000,0.0000,0.0000,0.0000,0.0000,0.0000,0.0000,0.0000,0.0000,0.0000,0.0000,0.0000,0.0000,0.0000,0.0000,0.0000,4.0012,0.5764,1.8009,1.3488,0.0040,0.0010,0.0098,0.0250,0.0642,0.0000,0.0000,0.0000,0.0000,0.0000,15.6462
45108.9583333,7.600,0.0000,0.0000,0.0000,0.0000,0.0000,0.0000,0.0000,0.0000,0.0000,0.0000,0.0000,0.0000,0.0000,0.0000,0.0000,0.0000,0.0000,0.0000,0.0000,0.0000,0.0000,0.0000,0.0000,0.0000,0.0000,0.0000,0.0000,0.0000,0.0000,0.0000,0.0000,0.0000,0.0000,0.0000,0.0000,0.0000,0.0000,0.0000,0.0000,0.0000,7.4734
45108.9583333,7.500,0.0000,0.0000,0.0000,0.0000,0.0000,0.0000,0.0000,0.0000,0.0000,0.0000,0.0000,0.0000,0.0000,0.0000,0.0000,0.0000,0.0000,0.0000,0.0000,0.0000,0.0000,0.0000,0.0000,0.0000,0.0000,0.0000,0.0000,0.0000,0.0000,0.0000,0.0552,0.0018,0.0155,0.0000,0.0000,0.0000,0.0000,0.0000,0.0000,0.0000,8.1451
45108.9583333,7.400,0.0000,0.0000,0.0000,0.0000,0.0000,0.0000,0.0000,0.0000,0.0000,1.9456,0.0000,0.0000,0.0000,0.0000,0.0000,0.0000,0.0000,0.0000,0.0000,0.0000,0.0000,15.2175,1.4453,0.0000,0.0000,0.0000,5.4108,1.7049,0.0000,0.0000,0.0161,0.0000,0.0060,0.0058,0.0012,0.0000,0.0000,0.0000,0.0000,0.0000,23.9404
45108.9583333,7.300,0.0000,0.0000,0.0000,0.0000,0.0000,0.0000,0.0000,0.0000,2.3025,0.7507,0.0000,0.0000,0.0000,0.0000,0.0000,0.0000,0.0000,0.0000,0.0000,0.0000,0.0000,0.0000,0.0000,0.0000,0.0000,0.0000,0.0000,0.0000,2.7487,1.9766,0.0000,0.0000,0.0000,0.0000,0.0000,0.0000,0.0000,0.0000,0.0000,0.0000,20.2644
45108.9583333,7.200,0.0000,0.0000,0.0000,0.0000,0.0000,13.1906,2.1433,0.0000,1.1672,5.2774,0.0000,0.0000,8.5945,0.2531,0.0000,0.0000,0.0000,0.0000,0.0000,0.0000,0.0000,0.0000,0.0000,0.0000,0.0000,0.0000,0.0000,0.0000,0.0000,0.0000,0.0000,0.0000,0.0000,0.0000,0.0000,0.0000,0.0000,0.0000,0.0000,0.0000,15.4245
45108.9583333,7.100,0.0000,0.0018,0.0150,0.0201,0.0267,0.0000,0.0000,4.7818,8.6796,0.0000,0.0000,0.0000,8.5523,0.0000,0.0000,0.0000,0.0000,0.0000,0.0000,0.0000,0.0000,0.0000,0.0000,0.0000,0.0000,0.0000,0.0000,0.0000,0.0000,0.0000,0.0000,0.0000,0.0025,0.0000,0.0000,0.0000,0.0000,0.0000,0.0000,0.0000,21.8205
45108.9583333,7.000,0.0086,0.0124,0.0180,0.0453,0.0000,5.5934,9.3620,0.0000,0.0000,0.0000,0.0000,0.0000,0.0000,0.0000,0.0000,0.0000,0.0000,0.0000,0.0000,0.0000,0.0000,0.6362,0.0000,0.0000,0.0000,2.4753,8.8629,5.0020,2.1648,2.0544,0.0000,0.0000,0.0000,0.0000,0.0000,0.0000,0.0000,0.0000,0.0000,0.0000,41.6932
45108.9583333,6.900,0.0000,0.0000,0.0139,0.0292,0.0434,0.0000,7.1393,2.3316,1.0721,0.7292,0.0000,0.0000,0.0000,0.0000,0.0000,0.0000,0.0000,0.0000,0.0000,0.0000,0.0000,0.0000,0.0000,0.0000,0.0000,0.0000,0.0000,0.0000,0.9542,0.0000,0.0000,0.0000,0.0000,0.0309,0.0000,0.0000,0.0000,0.0000,0.0000,0.0000,21.1628
45108.9583333,6.800,0.0009,0.0039,0.0173,0.0759,0.0000,0.0000,0.0000,0.0000,0.4558,0.0000,0.0000,0.0000,0.0000,0.0000,0.0000,0.0000,0.0000,0.0000,0.0000,0.0000,13.1619,14.7036,0.9991,0.0000,0.0000,0.0000,4.2627,9.4009,2.3557,0.0000,0.0065,0.0206,0.0473,0.0000,0.0000,0.0000,0.0000,0.0000,0.0000,0.0000,32.2073
45108.9583333,6.700,0.0000,0.0031,0.0092,0.0236,0.0605,0.0000,0.0000,0.0000,0.0000,0.7295,0.0000,0.0000,0.0000,0.0000,0.0000,0.0000,0.0000,0.0000,0.0000,0.0000,0.0000,0.0000,0.0000,0.0000,0.0000,0.0000,0.0000,0.0000,1.7477,1.3159,0.0000,0.0000,0.0000,0.0000,0.0000,0.0000,0.0000,0.0000,0.0000,0.0000,20.0340
45108.9583333,6.600,0.0000,0.0000,0.0000,0.0000,0.0000,0.0000,0.0000,0.0000,0.0000,0.0000,0.0000,0.0000,0.0000,0.0000,0.0000,0.0000,0.0000,0.0000,0.0000,0.0000,0.0000,0.0000,0.0000,0.0000,0.0000,0.0000,0.0000,0.0000,0.0000,0.0000,0.0000,0.0000,0.0000,0.0000,0.0000,0.0000,0.0000,0.0000,0.0000,0.0000,7.4346
45108.9583333,6.500,0.0255,0.0535,0.0000,0.0000,0.0000,16.6924,0.0000,0.0000,0.0000,0.0000,0.0000,0.0000,0.0000,0.0000,0.0000,0.0000,0.0000,0.0000,0.0000,0.0000,0.0000,0.0000,0.0000,0.0000,0.0000,15.9262,0.0000,0.0000,0.0000,0.0000,0.0000,0.0000,0.0000,0.0000,0.0000,0.0000,0.0000,0.0000,0.0000,0.0000,30.6276
45108.9583333,6.400,0.0569,0.0000,0.0000,0.0000,0.0000,0.0000,0.0000,0.0000,0.0000,0.0000,0.0000,0.0000,0.0000,0.0000,0.0000,0.0000,0.0000,0.0000,0.0000,0.0000,0.0000,0.0000,0.0000,0.0000,0.0000,0.0000,0.0000,0.0000,0.0000,0.1464,0.0000,0.0000,0.0000,0.0000,0.0000,0.0000,0.0000,0.0000,0.0000,0.0000,6.0285
45108.9583333,6.300,0.0043,0.0111,0.0200,0.0599,0.0000,14.8029,4.9998,0.8353,0.4448,0.0000,9.5980,0.0000,0.0000,0.0000,0.0000,0.0000,0.0000,0.0000,0.0000,0.0000,0.0000,0.0000,0.0000,0.0000,0.0000,0.0000,0.0000,0.0000,0.0000,0.0000,0.0000,0.0000,0.0000,0.0000,0.0000,0.0000,0.0000,0.0000,0.0000,0.0000,28.3657
45108.9583333,6.200,0.0000,0.0000,0.0151,0.0000,0.0751,0.0000,0.0000,0.0000,0.0000,0.0000,0.0000,0.0000,0.0000,0.0000,0.0000,0.0000,0.0000,0.0000,0.0000,0.0000,0.0000,0.0000,0.0000,0.0000,0.0000,0.0000,0.0000,0.0000,2.7498,1.8255,0.0000,0.0000,0.0000,0.0000,0.0000,0.0000,0.0000,0.0000,0.0000,0.0000,12.6721
45108.9583333,6.100,0.0000,0.0000,0.0000,0.0000,0.0000,0.0000,0.0000,0.0000,0.0000,0.0000,0.0000,0.0000,0.0000,0.0000,0.0000,0.0000,0.0000,0.0000,0.0000,0.0000,0.0000,0.0000,0.0000,0.0000,0.0000,0.0000,0.0000,0.8674,0.4200,0.2693,0.0000,0.0000,0.0000,0.0000,0.0000,0.0000,0.0000,0.0000,0.0000,0.0000,8.4569
45108.9583333,6.000,0.0000,0.0000,0.0000,0.0000,0.0000,0.0000,0.0000,0.0000,0.0000,0.0000,0.0000,0.0000,0.0000,0.0000,0.0000,0.0000,0.0000,0.0000,0.0000,0.0000,0.0000,0.0000,0.0000,0.0000,0.0000,0.0000,0.0000,0.0000,0.0000,0.0000,0.0000,0.0000,0.0000,0.0000,0.0000,0.0000,0.0000,0.0000,0.0000,0.0000,4.9886
45108.9583333,5.900,0.0049,0.0069,0.0122,0.0217,0.0387,3.2286,11.2736,4.6606,1.0707,0.7281,32.4017,0.0000,0.0000,0.0000,0.0000,0.0000,0.0000,0.0000,0.0000,0.0000,0.0000,0.0000,0.0000,0.0000,0.0000,0.0000,0.0000,0.0000,0.0000,0.0000,0.0000,0.0000,0.0000,0.0000,0.0000,0.0000,0.0000,0.0000,0.0000,0.0000,18.8798
45108.9583333,5.800,0.0072,0.0003,0.0000,0.0216,0.0684,0.0000,0.0000,0.0000,0.0000,0.0000,0.0000,0.0000,0.0000,0.0000,0.0000,0.0000,0.0000,0.0000,0.0000,0.0000,0.0000,0.0000,0.0000,0.0000,0.0000,0.0000,0.0000,0.0000,0.0000,0.0000,0.0000,0.0000,0.0000,0.0000,0.0000,0.0000,0.0000,0.0000,0.0000,0.0000,5.2672
45108.9583333,5.700,0.0722,0.0039,0.0000,0.0000,0.0000,0.0544,0.0000,0.0000,0.0000,0.0000,0.0000,0.0000,0.0000,0.0000,0.0000,0.0000,0.0000,0.0000,0.0000,0.0000,0.0000,0.0000,0.0000,0.0000,0.0000,0.0000,0.0000,0.0000,0.0000,0.0000,0.0000,0.0000,0.0000,0.0000,0.0000,0.0000,0.0000,0.0000,0.0000,0.0000,5.4779
45108.9583333,5.600,0.0019,0.0189,0.0000,0.0000,0.0000,0.0000,0.0000,0.0000,0.0000,0.0000,0.0000,0.0000,0.0000,0.0000,0.0000,0.0000,0.0000,0.0000,0.0000,0.0000,0.0000,0.0000,0.0000,0.0000,0.0000,0.0000,0.0000,0.0000,0.0000,0.0000,0.0000,0.0000,0.0000,0.0000,0.0000,0.0000,0.0000,0.0000,0.0000,0.0000,5.4513
45108.9583333,5.500,0.0000,0.0000,0.0000,0.0000,0.0000,0.0000,0.0000,0.0000,0.0000,0.0000,0.0000,0.0000,0.0000,0.0000,0.0000,0.0000,0.0000,0.0000,0.0000,0.0000,0.0000,0.0000,0.0000,0.0000,0.0000,0.0000,0.0000,0.0000,0.0000,0.0000,0.0000,0.0000,0.0000,0.0000,0.0000,0.0000,0.0000,0.0000,0.0000,0.0000,2.1302
45108.9583333,5.400,0.0000,0.0000,0.0000,0.0000,0.0000,0.0000,0.0000,0.0000,0.0000,0.0000,0.0000,0.0000,0.0000,0.0000,0.0000,0.0000,0.0000,0.0000,0.0000,0.0000,0.0000,0.0000,0.0000,0.0000,0.0000,0.0000,0.0000,0.0000,0.0000,0.0000,0.0514,0.0000,0.0000,0.0000,0.0000,0.0000,0.0000,0.0000,0.0000,0.0000,4.8468
45108.9583333,5.300,0.0447,0.0354,0.0000,0.0000,0.0000,5.6421,0.0000,0.0000,0.0000,0.0000,0.0000,0.0000,0.0000,0.0000,0.0000,0.0000,0.0000,0.0000,0.0000,0.0000,0.0000,0.0000,0.0000,0.0000,0.0000,0.0000,0.0000,0.0000,0.0000,0.0000,0.0297,0.0328,0.0000,0.0000,0.0000,0.0000,0.0000,0.0000,0.0000,0.0000,16.6887
45108.9583333,5.200,0.0457,0.0010,0.0000,0.0000,0.0000,9.0852,7.7516,2.4906,1.2218,0.8387,0.5634,0.0000,0.0000,0.0000,0.0000,0.0000,0.0000,0.0000,0.0000,0.0000,0.0000,0.0000,0.0000,0.0000,0.0000,0.0000,0.0000,0.0000,0.0000,0.0000,0.0000,0.0000,0.0000,0.0000,0.0000,0.0000,0.0000,0.0000,0.0000,0.0000,25.1999
45108.9583333,5.100,0.0042,0.0132,0.0000,0.0212,0.0445,16.1239,3.2087,0.0000,1.2558,1.0743,0.0000,0.0000,0.0000,0.0000,0.0000,0.0000,0.0000,0.0000,0.0000,0.0000,0.0000,0.0000,0.0000,0.0000,0.0000,0.0000,0.0000,0.0000,0.0000,0.0000,0.0575,0.0000,0.0000,0.0000,0.0000,0.0000,0.0000,0.0000,0.0000,0.0000,22.7445
45108.9583333,5.000,0.0000,0.0000,0.0000,0.0000,0.0000,0.0000,0.0000,0.0000,0.0000,0.0000,0.0000,0.0000,0.0000,0.0000,0.0000,0.0000,0.0000,0.0000,0.0000,0.0000,0.0000,0.0000,0.0000,0.0000,0.0000,0.0000,0.0000,0.0000,0.0000,0.0000,0.0000,0.0000,0.0000,0.0000,0.0283,0.0000,0.0000,0.0000,0.0000,0.0000,1.0521
45108.9583333,4.900,0.0000,0.0000,0.0000,0.0000,0.0000,0.0000,0.0000,0.0000,0.0000,0.0000,0.0000,0.0000,0.0000,0.0000,0.0000,0.0000,0.0000,0.0000,0.0000,0.0000,0.0000,0.0000,0.0000,0.0000,0.0000,0.0000,0.0000,0.0000,0.0000,0.0000,0.0000,0.0000,0.0000,0.0000,0.0000,0.0000,0.0000,0.0000,0.0000,0.0000,-0.0384
45108.9583333,4.800,0.0000,0.0037,0.0066,0.0117,0.0209,3.4576,11.2478,4.5064,1.0318,0.6704,32.3398,0.0000,0.0000,0.0000,0.0000,0.0000,0.0000,0.0000,0.0000,0.0000,0.0000,0.0000,0.0000,0.0000,0.0000,0.0000,0.0000,0.0000,0.0000,0.0000,0.0000,0.0000,0.0000,0.0000,0.0000,0.0000,0.0000,0.0000,0.0000,0.0000,18.6269
45108.9583333,4.700,0.0000,0.0000,0.0000,0.0103,0.0327,0.0000,0.0000,0.0000,0.0000,0.0000,0.0000,0.0000,0.0000,0.0000,0.0000,0.0000,0.0000,0.0000,0.0000,0.0000,0.0000,0.0000,0.0000,0.0000,0.0000,0.0000,0.0000,0.0000,0.0000,0.0000,0.0000,0.0000,0.0000,0.0000,0.0000,0.0000,0.0000,0.0000,0.0000,0.0000,3.2127
45108.9583333,4.600,0.0000,0.0000,0.0000,0.0000,0.0000,0.0000,0.0000,0.0000,0.0000,0.0000,0.0000,0.0000,0.0000,0.0000,0.0000,0.0000,0.0000,0.0000,0.0000,0.0000,0.0000,0.0000,0.0000,0.0000,0.0000,0.0000,0.0000,0.0000,0.0000,0.0000,0.0000,0.0000,0.0000,0.0000,0.0000,0.0000,0.0000,0.0000,0.0000,0.0000,0.9745
45108.9583333,4.500,0.0000,0.0000,0.0000,0.0000,0.0000,0.0000,0.0000,0.0000,0.0000,0.0000,0.0000,0.0000,0.0000,0.0000,0.0000,0.0000,0.0000,0.0000,0.0000,0.0000,0.0000,0.0000,0.0000,0.0000,0.0000,0.0000,0.0000,0.0000,0.0000,0.0000,0.0000,0.0000,0.0000,0.0000,0.0000,0.0000,0.0000,0.0000,0.0000,0.0000,-1.1324
45108.9583333,4.400,0.0000,0.0000,0.0000,0.0000,0.0000,0.0000,0.0000,0.0000,0.0000,0.0000,0.0000,0.0000,0.0000,0.0000,0.0000,0.0000,0.0000,0.0000,0.0000,0.0000,0.0000,0.0000,0.0000,0.0000,0.0000,0.0000,0.0000,0.0000,0.0000,0.0000,0.0000,0.0000,0.0000,0.0000,0.0000,0.0000,0.0000,0.0000,0.0000,0.0000,-0.8757
45108.9583333,4.300,0.0000,0.0000,0.0000,0.0000,0.0000,0.0000,0.0000,0.0000,0.0000,0.0000,0.0000,0.0000,0.0000,0.0000,0.0000,0.0000,0.0000,0.0000,0.0000,0.0000,0.0000,0.0000,0.0000,0.0000,0.0000,0.0000,0.0000,0.0000,0.0000,0.0000,0.0000,0.0000,0.0000,0.0000,0.0000,0.0000,0.0000,0.0000,0.0000,0.0000,-0.8754
45108.9583333,4.200,0.0475,0.0000,0.0000,0.0000,0.0000,0.4614,0.0000,0.0000,0.0000,0.0000,0.0000,0.0000,0.0000,0.0000,0.0000,0.0000,0.0000,0.0000,0.0000,0.0000,0.0000,0.0000,0.0000,0.0000,0.0000,0.0000,0.0000,0.0000,0.0000,0.0000,0.0000,0.0000,0.0000,0.0000,0.0000,0.0000,0.0000,0.0000,0.0000,0.0000,4.8452
45108.9583333,4.100,0.0250,0.0000,0.0000,0.0000,0.0000,11.9035,5.6888,1.7518,0.7869,0.4931,0.0000,0.0000,0.0000,0.0000,0.0000,0.0000,0.0000,0.0000,0.0000,0.0000,0.0000,0.0000,0.0000,0.0000,0.0000,0.0000,0.0000,0.0000,0.0000,0.0000,0.0000,0.0000,0.0000,0.0000,0.0000,0.0000,0.0000,0.0000,0.0000,0.0000,20.4366
45108.9583333,4.000,0.0023,0.0074,0.0000,0.0119,0.0250,17.5737,1.2886,0.0000,0.7616,0.4681,0.0000,0.0000,0.0000,0.0000,0.0000,0.0000,0.0000,0.0000,0.0000,0.0000,0.0000,0.0000,0.0000,0.0000,0.0000,0.0000,0.0000,0.0000,0.0000,0.0000,0.0000,0.0000,0.0000,0.0000,0.0000,0.0000,0.0000,0.0000,0.0000,0.0000,16.2383
45108.9583333,3.900,0.0000,0.0000,0.0000,0.0000,0.0000,0.0000,0.0000,0.0000,0.0000,0.0000,0.0000,0.0000,0.0000,0.0000,0.0000,0.0000,0.0000,0.0000,0.0000,0.0000,0.0000,0.0000,0.0000,0.0000,0.0000,0.0000,0.0000,0.0000,0.0000,0.0000,0.0000,0.0000,0.0000,0.0000,0.0000,0.0000,0.0000,0.0000,0.0000,0.0000,-1.9935
45108.9583333,3.800,0.0000,0.0000,0.0000,0.0000,0.0000,0.0000,0.0000,0.0000,0.0000,0.0000,0.0000,0.0000,0.0000,0.0000,0.0000,0.0000,0.0000,0.0000,0.0000,0.0000,0.0000,0.0000,0.0000,0.0000,0.0000,0.0000,0.0000,0.0000,0.0000,0.0000,0.0000,0.0000,0.0000,0.0000,0.0000,0.0000,0.0000,0.0000,0.0000,0.0000,-2.7921
45108.9583333,3.700,0.0000,0.0037,0.0066,0.0117,0.0209,6.8343,8.9703,3.4424,0.6686,0.4062,30.9829,0.0000,0.0000,0.0000,0.0000,0.0000,0.0000,0.0000,0.0000,0.0000,0.0000,0.0000,0.0000,0.0000,0.0000,0.0000,0.0000,0.0000,0.0000,0.0000,0.0000,0.0000,0.0000,0.0000,0.0000,0.0000,0.0000,0.0000,0.0000,0.0000,16.2589
45108.9583333,3.600,0.0000,0.0000,0.0000,0.0062,0.0386,0.0000,0.0000,0.0000,0.0000,0.0000,0.0000,0.0000,0.0000,0.0000,0.0000,0.0000,0.0000,0.0000,0.0000,0.0000,0.0000,0.0000,0.0000,0.0000,0.0000,0.0000,0.0000,0.0000,0.0000,0.0000,0.0000,0.0000,0.0000,0.0000,0.0000,0.0000,0.0000,0.0000,0.0000,0.0000,0.4870
45108.9583333,3.500,0.0000,0.0000,0.0000,0.0000,0.0000,0.0000,0.0000,0.0000,0.0000,0.0000,0.0000,0.0000,0.0000,0.0000,0.0000,0.0000,0.0000,0.0000,0.0000,0.0000,0.0000,0.0000,0.0000,0.0000,0.0000,0.0000,0.0000,0.0000,0.0000,0.0000,0.0000,0.0000,0.0000,0.0000,0.0000,0.0000,0.0000,0.0000,0.0000,0.0000,-3.0068
45108.9583333,3.400,0.0000,0.0000,0.0000,0.0000,0.0000,0.0000,0.0000,0.0000,0.0000,0.0000,0.0000,0.0000,0.0000,0.0000,0.0000,0.0000,0.0000,0.0000,0.0000,0.0000,0.0000,0.0000,0.0000,0.0000,0.0000,0.0000,0.0000,0.0000,0.0000,0.0000,0.0000,0.0000,0.0000,0.0000,0.0000,0.0000,0.0000,0.0000,0.0000,0.0000,-4.1031
45108.9583333,3.300,0.0000,0.0000,0.0000,0.0000,0.0000,0.0000,0.0000,0.0000,0.0000,0.0000,0.0000,0.0000,0.0000,0.0000,0.0000,0.0000,0.0000,0.0000,0.0000,0.0000,0.0000,0.0000,0.0000,0.0000,0.0000,0.0000,0.0000,0.0000,0.0000,0.0000,0.0000,0.0000,0.0000,0.0000,0.0000,0.0000,0.0000,0.0000,0.0000,0.0000,-4.2166
45108.9583333,3.200,0.0000,0.0000,0.0000,0.0000,0.0000,0.0000,0.0000,0.0000,0.0000,0.0000,0.0000,0.0000,0.0000,0.0000,0.0000,0.0000,0.0000,0.0000,0.0000,0.0000,0.0000,0.0000,0.0000,0.0000,0.0000,0.0000,0.0000,0.0000,0.0000,0.0000,0.0000,0.0000,0.0000,0.0000,0.0000,0.0000,0.0000,0.0000,0.0000,0.0000,-4.5417
45108.9583333,3.100,0.0000,0.0000,0.0000,0.0000,0.0000,0.0000,0.0000,0.0000,0.0000,0.0000,0.0000,0.0000,0.0000,0.0000,0.0000,0.0000,0.0000,0.0000,0.0000,0.0000,0.0000,0.0000,0.0000,0.0000,0.0000,0.0000,0.0000,0.0000,0.0000,0.0000,0.0000,0.0000,0.0000,0.0000,0.0000,0.0000,0.0000,0.0000,0.0000,0.0000,-1.3357
45108.9583333,3.000,0.0250,0.0000,0.0000,0.0000,0.0000,13.8603,3.8622,1.1314,0.4780,0.2744,0.0000,0.0000,0.0000,0.0000,0.0000,0.0000,0.0000,0.0000,0.0000,0.0000,0.0000,0.0000,0.0000,0.0000,0.0000,0.0000,0.0000,0.0000,0.0000,0.0000,0.0000,0.0000,0.0000,0.0000,0.0000,0.0000,0.0000,0.0000,0.0000,0.0000,15.2649
45108.9583333,2.900,0.0023,0.0074,0.0000,0.0119,0.0250,9.4733,0.3846,0.0000,0.4586,0.2596,0.0000,0.0000,0.0000,0.0000,0.0000,0.0000,0.0000,0.0000,0.0000,0.0000,0.0000,0.0000,0.0000,0.0000,0.0000,0.0000,0.0000,0.0000,0.0000,0.0000,0.0000,0.0000,0.0000,0.0000,0.0000,0.0000,0.0000,0.0000,0.0000,0.0000,11.0998
45108.9583333,2.800,0.0000,0.0000,0.0000,0.0000,0.0000,0.0000,0.0000,0.0000,0.0000,0.0000,0.0000,0.0000,0.0000,0.0000,0.0000,0.0000,0.0000,0.0000,0.0000,0.0000,0.0000,0.0000,0.0000,0.0000,0.0000,0.0000,0.0000,0.0000,0.0000,0.0000,0.0000,0.0000,0.0000,0.0000,0.0000,0.0000,0.0000,0.0000,0.0000,0.0000,-5.5644
45108.9583333,2.700,0.0000,0.0000,0.0000,0.0000,0.0000,0.0000,0.0000,0.0000,0.0000,0.0000,0.0000,0.0000,0.0000,0.0000,0.0000,0.0000,0.0000,0.0000,0.0000,0.0000,0.0000,0.0000,0.0000,0.0000,0.0000,0.0000,0.0000,0.0000,0.0000,0.0000,0.0000,0.0000,0.0000,0.0000,0.0000,0.0000,0.0000,0.0000,0.0000,0.0000,-6.3715
45108.9583333,2.600,0.0000,0.0037,0.0066,0.0117,0.0209,9.6121,6.8158,2.5319,0.3965,0.2108,29.3546,0.0000,0.0000,0.0000,0.0000,0.0000,0.0000,0.0000,0.0000,0.0000,0.0000,0.0000,0.0000,0.0000,0.0000,0.0000,0.0000,0.0000,0.0000,0.0000,0.0000,0.0000,0.0000,0.0000,0.0000,0.0000,0.0000,0.0000,0.0000,0.0000,12.9597
45108.9583333,2.500,0.0000,0.0000,0.0000,0.0301,0.0000,0.0000,0.0000,0.0000,0.0000,0.0000,0.0000,0.0000,0.0000,0.0000,0.0000,0.0000,0.0000,0.0000,0.0000,0.0000,0.0000,0.0000,0.0000,0.0000,0.0000,0.0000,0.0000,0.0000,0.0000,0.0000,0.0000,0.0000,0.0000,0.0000,0.0000,0.0000,0.0000,0.0000,0.0000,0.0000,-2.9632
45108.9583333,2.400,0.0000,0.0000,0.0000,0.0000,0.0000,0.0000,0.0000,0.0000,0.0000,0.0000,0.0000,0.0000,0.0000,0.0000,0.0000,0.0000,0.0000,0.0000,0.0000,0.0000,0.0000,0.0000,0.0000,0.0000,0.0000,0.0000,0.0000,0.0000,0.0000,0.0000,0.0000,0.0000,0.0000,0.0000,0.0000,0.0000,0.0000,0.0000,0.0000,0.0000,-7.1293
45108.9583333,2.300,0.0000,0.0000,0.0000,0.0000,0.0000,0.0000,0.0000,0.0000,0.0000,0.0000,0.0000,0.0000,0.0000,0.0000,0.0000,0.0000,0.0000,0.0000,0.0000,0.0000,0.0000,0.0000,0.0000,0.0000,0.0000,0.0000,0.0000,0.0000,0.0000,0.0000,0.0000,0.0000,0.0000,0.0000,0.0000,0.0000,0.0000,0.0000,0.0000,0.0000,-7.6589
45108.9583333,2.200,0.0000,0.0000,0.0000,0.0000,0.0000,0.0000,0.0000,0.0000,0.0000,0.0000,0.0000,0.0000,0.0000,0.0000,0.0000,0.0000,0.0000,0.0000,0.0000,0.0000,0.0000,0.0000,0.0000,0.0000,0.0000,0.0000,0.0000,0.0000,0.0000,0.0000,0.0000,0.0000,0.0000,0.0000,0.0000,0.0000,0.0000,0.0000,0.0000,0.0000,-7.7703
45108.9583333,2.100,0.0000,0.0000,0.0000,0.0000,0.0000,0.0000,0.0000,0.0000,0.0000,0.0000,0.0000,0.0000,0.0000,0.0000,0.0000,0.0000,0.0000,0.0000,0.0000,0.0000,0.0000,0.0000,0.0000,0.0000,0.0000,0.0000,0.0000,0.0000,0.0000,0.0000,0.0000,0.0000,0.0000,0.0000,0.0000,0.0000,0.0000,0.0000,0.0000,0.0000,-8.0909
45108.9583333,2.000,0.0000,0.0000,0.0000,0.0000,0.0000,0.0000,0.0000,0.0000,0.0000,0.0000,0.0000,0.0000,0.0000,0.0000,0.0000,0.0000,0.0000,0.0000,0.0000,0.0000,0.0000,0.0000,0.0000,0.0000,0.0000,0.0000,0.0000,0.0000,0.0000,0.0000,0.0000,0.0000,0.0000,0.0000,0.0000,0.0000,0.0000,0.0000,0.0000,0.0000,-5.9661
45108.9583333,1.900,0.0250,0.0000,0.0000,0.0000,0.0000,14.7666,2.4458,0.6186,0.2568,0.1314,0.0000,0.0000,0.0000,0.0000,0.0000,0.0000,0.0000,0.0000,0.0000,0.0000,0.0000,0.0000,0.0000,0.0000,0.0000,0.0000,0.0000,0.0000,0.0000,0.0000,0.0000,0.0000,0.0000,0.0000,0.0000,0.0000,0.0000,0.0000,0.0000,0.0000,9.4695
45108.9583333,1.800,0.0023,0.0074,0.0000,0.0119,0.0250,3.1741,0.0550,0.0000,0.2384,0.1187,0.0000,0.0000,0.0000,0.0000,0.0000,0.0000,0.0000,0.0000,0.0000,0.0000,0.0000,0.0000,0.0000,0.0000,0.0000,0.0000,0.0000,0.0000,0.0000,0.0000,0.0000,0.0000,0.0000,0.0000,0.0000,0.0000,0.0000,0.0000,0.0000,0.0000,4.9052
45108.9583333,1.700,0.0000,0.0000,0.0000,0.0000,0.0000,0.0000,0.0000,0.0000,0.0000,0.0000,0.0000,0.0000,0.0000,0.0000,0.0000,0.0000,0.0000,0.0000,0.0000,0.0000,0.0000,0.0000,0.0000,0.0000,0.0000,0.0000,0.0000,0.0000,0.0000,0.0000,0.0000,0.0000,0.0000,0.0000,0.0000,0.0000,0.0000,0.0000,0.0000,0.0000,-8.5312
45108.9583333,1.600,0.0000,0.0000,0.0000,0.0000,0.0000,0.0000,0.0000,0.0000,0.0000,0.0000,0.0000,0.0000,0.0000,0.0000,0.0000,0.0000,0.0000,0.0000,0.0000,0.0000,0.0000,0.0000,0.0000,0.0000,0.0000,0.0000,0.0000,0.0000,0.0000,0.0000,0.0000,0.0000,0.0000,0.0000,0.0000,0.0000,0.0000,0.0000,0.0000,0.0000,-9.8907
45108.9583333,1.500,0.0000,0.0037,0.0066,0.0117,0.0209,11.6543,4.9291,1.7338,0.2004,0.0900,22.0976,0.0000,0.0000,0.0000,0.0000,0.0000,0.0000,0.0000,0.0000,0.0000,0.0000,0.0000,0.0000,0.0000,0.0000,0.0000,0.0000,0.0000,0.0000,0.0000,0.0000,0.0000,0.0000,0.0000,0.0000,0.0000,0.0000,0.0000,0.0000,0.0000,9.5299
45108.9583333,1.400,0.0000,0.0000,0.0000,0.0000,0.0000,0.0000,0.0000,0.0000,0.0000,0.0000,0.0000,0.0000,0.0000,0.0000,0.0000,0.0000,0.0000,0.0000,0.0000,0.0000,0.0000,0.0000,0.0000,0.0000,0.0000,0.0000,0.0000,0.0000,0.0000,0.0000,0.0000,0.0000,0.0000,0.0000,0.0000,0.0000,0.0000,0.0000,0.0000,0.0000,-6.3796
45108.9583333,1.300,0.0000,0.0000,0.0000,0.0000,0.0000,0.0000,0.0000,0.0000,0.0000,0.0000,0.0000,0.0000,0.0000,0.0000,0.0000,0.0000,0.0000,0.0000,0.0000,0.0000,0.0000,0.0000,0.0000,0.0000,0.0000,0.0000,0.0000,0.0000,0.0000,0.0000,0.0000,0.0000,0.0000,0.0000,0.0000,0.0000,0.0000,0.0000,0.0000,0.0000,-10.6344
45108.9583333,1.200,0.0000,0.0000,0.0000,0.0000,0.0000,0.0000,0.0000,0.0000,0.0000,0.0000,0.0000,0.0000,0.0000,0.0000,0.0000,0.0000,0.0000,0.0000,0.0000,0.0000,0.0000,0.0000,0.0000,0.0000,0.0000,0.0000,0.0000,0.0000,0.0000,0.0000,0.0000,0.0000,0.0000,0.0000,0.0000,0.0000,0.0000,0.0000,0.0000,0.0000,-11.1527
45108.9583333,1.100,0.0000,0.0000,0.0000,0.0000,0.0000,0.0000,0.0000,0.0000,0.0000,0.0000,0.0000,0.0000,0.0000,0.0000,0.0000,0.0000,0.0000,0.0000,0.0000,0.0000,0.0000,0.0000,0.0000,0.0000,0.0000,0.0000,0.0000,0.0000,0.0000,0.0000,0.0000,0.0000,0.0000,0.0000,0.0000,0.0000,0.0000,0.0000,0.0000,0.0000,-11.2609
45108.9583333,1.000,0.0000,0.0000,0.0000,0.0000,0.0000,0.0000,0.0000,0.0000,0.0000,0.0000,0.0000,0.0000,0.0000,0.0000,0.0000,0.0000,0.0000,0.0000,0.0000,0.0000,0.0000,0.0000,0.0000,0.0000,0.0000,0.0000,0.0000,0.0000,0.0000,0.0000,0.0000,0.0000,0.0000,0.0000,0.0000,0.0000,0.0000,0.0000,0.0000,0.0000,-11.5746
45108.9583333,0.900,0.0000,0.0000,0.0000,0.0000,0.0000,0.0000,0.0000,0.0000,0.0000,0.0000,0.0000,0.0000,0.0000,0.0000,0.0000,0.0000,0.0000,0.0000,0.0000,0.0000,0.0000,0.0000,0.0000,0.0000,0.0000,0.0000,0.0000,0.0000,0.0000,0.0000,0.0000,0.0000,0.0000,0.0000,0.0000,0.0000,0.0000,0.0000,0.0000,0.0000,-9.0220
45108.9583333,0.800,0.0250,0.0000,0.0000,0.0000,0.0000,13.2615,1.3289,0.2845,0.1234,0.0296,0.0000,0.0000,0.0000,0.0000,0.0000,0.0000,0.0000,0.0000,0.0000,0.0000,0.0000,0.0000,0.0000,0.0000,0.0000,0.0000,0.0000,0.0000,0.0000,0.0000,0.0000,0.0000,0.0000,0.0000,0.0000,0.0000,0.0000,0.0000,0.0000,0.0000,2.5907
45108.9583333,0.700,0.0104,0.0000,0.0000,0.0136,0.0218,0.2478,0.0000,0.0000,0.1135,0.0223,0.0000,0.0000,0.0000,0.0000,0.0000,0.0000,0.0000,0.0000,0.0000,0.0000,0.0000,0.0000,0.0000,0.0000,0.0000,0.0000,0.0000,0.0000,0.0000,0.0000,0.0000,0.0000,0.0000,0.0000,0.0000,0.0000,0.0000,0.0000,0.0000,0.0000,-2.5955
45108.9583333,0.600,0.0000,0.0000,0.0000,0.0000,0.0000,0.0000,0.0000,0.0000,0.0000,0.0000,0.0000,0.0000,0.0000,0.0000,0.0000,0.0000,0.0000,0.0000,0.0000,0.0000,0.0000,0.0000,0.0000,0.0000,0.0000,0.0000,0.0000,0.0000,0.0000,0.0000,0.0000,0.0000,0.0000,0.0000,0.0000,0.0000,0.0000,0.0000,0.0000,0.0000,-12.0036
45108.9583333,0.500,0.0000,0.0000,0.0000,0.0000,0.0000,0.0000,0.0000,0.0000,0.0000,0.0000,0.0000,0.0000,0.0000,0.0000,0.0000,0.0000,0.0000,0.0000,0.0000,0.0000,0.0000,0.0000,0.0000,0.0000,0.0000,0.0000,0.0000,0.0000,0.0000,0.0000,0.0000,0.0000,0.0000,0.0000,0.0000,0.0000,0.0000,0.0000,0.0000,0.0000,-13.3317
45108.9583333,0.400,0.0000,0.0037,0.0066,0.0117,0.0209,12.8698,3.3190,1.0894,0.0917,0.0000,12.9622,0.0000,0.0000,0.0000,0.0000,0.0000,0.0000,0.0000,0.0000,0.0000,0.0000,0.0000,0.0000,0.0000,0.0000,0.0000,0.0000,0.0000,0.0000,0.0000,0.0000,0.0000,0.0000,0.0000,0.0000,0.0000,0.0000,0.0000,0.0000,0.0000,5.9235
45108.9583333,0.300,0.0000,0.0000,0.0000,0.0000,0.0000,0.0000,0.0000,0.0000,0.0000,0.0000,0.0000,0.0000,0.0000,0.0000,0.0000,0.0000,0.0000,0.0000,0.0000,0.0000,0.0000,0.0000,0.0000,0.0000,0.0000,0.0000,0.0000,0.0000,0.0000,0.0000,0.0000,0.0000,0.0000,0.0000,0.0000,0.0000,0.0000,0.0000,0.0000,0.0000,-9.7524
45108.9583333,0.200,0.0000,0.0000,0.0000,0.0000,0.0000,0.0000,0.0000,0.0000,0.0000,0.0000,0.0000,0.0000,0.0000,0.0000,0.0000,0.0000,0.0000,0.0000,0.0000,0.0000,0.0000,0.0000,0.0000,0.0000,0.0000,0.0000,0.0000,0.0000,0.0000,0.0000,0.0000,0.0000,0.0000,0.0000,0.0000,0.0000,0.0000,0.0000,0.0000,0.0000,-14.0561
45108.9583333,0.100,0.0000,0.0000,0.0000,0.0000,0.0000,0.0000,0.0000,0.0000,0.0000,0.0000,0.0000,0.0000,0.0000,0.0000,0.0000,0.0000,0.0000,0.0000,0.0000,0.0000,0.0000,0.0000,0.0000,0.0000,0.0000,0.0000,0.0000,0.0000,0.0000,0.0000,0.0000,0.0000,0.0000,0.0000,0.0000,0.0000,0.0000,0.0000,0.0000,0.0000,-14.5596
45108.9583333,0.000,0.0000,0.0000,0.0000,0.0000,0.0000,0.0000,0.0000,0.0000,0.0000,0.0000,0.0000,0.0000,0.0000,0.0000,0.0000,0.0000,0.0000,0.0000,0.0000,0.0000,0.0000,0.0000,0.0000,0.0000,0.0000,0.0000,0.0000,0.0000,0.0000,0.0000,0.0000,0.0000,0.0000,0.0000,0.0000,0.0000,0.0000,0.0000,0.0000,0.0000,-14.6636
