File Created:,Thu Jun 27 12:34:33 2024
Heat Source Version:,9.0.0b26
Simulation Name:,WFK23
User Text:,Westfork Kickapoo
Output:,Solar Radiation Flux above the Stream (watts/square meter)
""
Datetime,18.500,18.400,18.300,18.200,18.100,18.000,17.900,17.800,17.700,17.600,17.500,17.400,17.300,17.200,17.100,17.000,16.900,16.800,16.700,16.600,16.500,16.400,16.300,16.200,16.100,16.000,15.900,15.800,15.700,15.600,15.500,15.400,15.300,15.200,15.100,15.000,14.900,14.800,14.700,14.600,14.500,14.400,14.300,14.200,14.100,14.000,13.900,13.800,13.700,13.600,13.500,13.400,13.300,13.200,13.100,13.000,12.900,12.800,12.700,12.600,12.500,12.400,12.300,12.200,12.100,12.000,11.900,11.800,11.700,11.600,11.500,11.400,11.300,11.200,11.100,11.000,10.900,10.800,10.700,10.600,10.500,10.400,10.300,10.200,10.100,10.000,9.900,9.800,9.700,9.600,9.500,9.400,9.300,9.200,9.100,9.000,8.900,8.800,8.700,8.600,8.500,8.400,8.300,8.200,8.100,8.000,7.900,7.800,7.700,7.600,7.500,7.400,7.300,7.200,7.100,7.000,6.900,6.800,6.700,6.600,6.500,6.400,6.300,6.200,6.100,6.000,5.900,5.800,5.700,5.600,5.500,5.400,5.300,5.200,5.100,5.000,4.900,4.800,4.700,4.600,4.500,4.400,4.300,4.200,4.100,4.000,3.900,3.800,3.700,3.600,3.500,3.400,3.300,3.200,3.100,3.000,2.900,2.800,2.700,2.600,2.500,2.400,2.300,2.200,2.100,2.000,1.900,1.800,1.700,1.600,1.500,1.400,1.300,1.200,1.100,1.000,0.900,0.800,0.700,0.600,0.500,0.400,0.300,0.200,0.100,0.000
45108.0000000,0.0000,0.0000,0.0000,0.0000,0.0000,0.0000,0.0000,0.0000,0.0000,0.0000,0.0000,0.0000,0.0000,0.0000,0.0000,0.0000,0.0000,0.0000,0.0000,0.0000,0.0000,0.0000,0.0000,0.0000,0.0000,0.0000,0.0000,0.0000,0.0000,0.0000,0.0000,0.0000,0.0000,0.0000,0.0000,0.0000,0.0000,0.0000,0.0000,0.0000,0.0000,0.0000,0.0000,0.0000,0.0000,0.0000,0.0000,0.0000,0.0000,0.0000,0.0000,0.0000,0.0000,0.0000,0.0000,0.0000,0.0000,0.0000,0.0000,0.0000,0.0000,0.0000,0.0000,0.0000,0.0000,0.0000,0.0000,0.0000,0.0000,0.0000,0.0000,0.0000,0.0000,0.0000,0.0000,0.0000,0.0000,0.0000,0.0000,0.0000,0.0000,0.0000,0.0000,0.0000,0.0000,0.0000,0.0000,0.0000,0.0000,0.0000,0.0000,0.0000,0.0000,0.0000,0.0000,0.0000,0.0000,0.0000,0.0000,0.0000,0.0000,0.0000,0.0000,0.0000,0.0000,0.0000,0.0000,0.0000,0.0000,0.0000,0.0000,0.0000,0.0000,0.0000,0.0000,0.0000,0.0000,0.0000,0.0000,0.0000,0.0000,0.0000,0.0000,0.0000,0.0000,0.0000,0.0000,0.0000,0.0000,0.0000,0.0000,0.0000,0.0000,0.0000,0.0000,0.0000,0.0000,0.0000,0.0000,0.0000,0.0000,0.0000,0.0000,0.0000,0.0000,0.0000,0.0000,0.0000,0.0000,0.0000,0.0000,0.0000,0.0000,0.0000,0.0000,0.0000,0.0000,0.0000,0.0000,0.0000,0.0000,0.0000,0.0000,0.0000,0.0000,0.0000,0.0000,0.0000,0.0000,0.0000,0.0000,0.0000,0.0000,0.0000,0.0000,0.0000,0.0000,0.0000,0.0000,0.0000,0.0000,0.0000,0.0000,0.0000,0.0000,0.0000
45108.0416667,0.0000,0.0000,0.0000,0.0000,0.0000,0.0000,0.0000,0.0000,0.0000,0.0000,0.0000,0.0000,0.0000,0.0000,0.0000,0.0000,0.0000,0.0000,0.0000,0.0000,0.0000,0.0000,0.0000,0.0000,0.0000,0.0000,0.0000,0.0000,0.0000,0.0000,0.0000,0.0000,0.0000,0.0000,0.0000,0.0000,0.0000,0.0000,0.0000,0.0000,0.0000,0.0000,0.0000,0.0000,0.0000,0.0000,0.0000,0.0000,0.0000,0.0000,0.0000,0.0000,0.0000,0.0000,0.0000,0.0000,0.0000,0.0000,0.0000,0.0000,0.0000,0.0000,0.0000,0.0000,0.0000,0.0000,0.0000,0.0000,0.0000,0.0000,0.0000,0.0000,0.0000,0.0000,0.0000,0.0000,0.0000,0.0000,0.0000,0.0000,0.0000,0.0000,0.0000,0.0000,0.0000,0.0000,0.0000,0.0000,0.0000,0.0000,0.0000,0.0000,0.0000,0.0000,0.0000,0.0000,0.0000,0.0000,0.0000,0.0000,0.0000,0.0000,0.0000,0.0000,0.0000,0.0000,0.0000,0.0000,0.0000,0.0000,0.0000,0.0000,0.0000,0.0000,0.0000,0.0000,0.0000,0.0000,0.0000,0.0000,0.0000,0.0000,0.0000,0.0000,0.0000,0.0000,0.0000,0.0000,0.0000,0.0000,0.0000,0.0000,0.0000,0.0000,0.0000,0.0000,0.0000,0.0000,0.0000,0.0000,0.0000,0.0000,0.0000,0.0000,0.0000,0.0000,0.0000,0.0000,0.0000,0.0000,0.0000,0.0000,0.0000,0.0000,0.0000,0.0000,0.0000,0.0000,0.0000,0.0000,0.0000,0.0000,0.0000,0.0000,0.0000,0.0000,0.0000,0.0000,0.0000,0.0000,0.0000,0.0000,0.0000,0.0000,0.0000,0.0000,0.0000,0.0000,0.0000,0.0000,0.0000,0.0000,0.0000,0.0000,0.0000,0.0000
45108.0833333,0.0000,0.0000,0.0000,0.0000,0.0000,0.0000,0.0000,0.0000,0.0000,0.0000,0.0000,0.0000,0.0000,0.0000,0.0000,0.0000,0.0000,0.0000,0.0000,0.0000,0.0000,0.0000,0.0000,0.0000,0.0000,0.0000,0.0000,0.0000,0.0000,0.0000,0.0000,0.0000,0.0000,0.0000,0.0000,0.0000,0.0000,0.0000,0.0000,0.0000,0.0000,0.0000,0.0000,0.0000,0.0000,0.0000,0.0000,0.0000,0.0000,0.0000,0.0000,0.0000,0.0000,0.0000,0.0000,0.0000,0.0000,0.0000,0.0000,0.0000,0.0000,0.0000,0.0000,0.0000,0.0000,0.0000,0.0000,0.0000,0.0000,0.0000,0.0000,0.0000,0.0000,0.0000,0.0000,0.0000,0.0000,0.0000,0.0000,0.0000,0.0000,0.0000,0.0000,0.0000,0.0000,0.0000,0.0000,0.0000,0.0000,0.0000,0.0000,0.0000,0.0000,0.0000,0.0000,0.0000,0.0000,0.0000,0.0000,0.0000,0.0000,0.0000,0.0000,0.0000,0.0000,0.0000,0.0000,0.0000,0.0000,0.0000,0.0000,0.0000,0.0000,0.0000,0.0000,0.0000,0.0000,0.0000,0.0000,0.0000,0.0000,0.0000,0.0000,0.0000,0.0000,0.0000,0.0000,0.0000,0.0000,0.0000,0.0000,0.0000,0.0000,0.0000,0.0000,0.0000,0.0000,0.0000,0.0000,0.0000,0.0000,0.0000,0.0000,0.0000,0.0000,0.0000,0.0000,0.0000,0.0000,0.0000,0.0000,0.0000,0.0000,0.0000,0.0000,0.0000,0.0000,0.0000,0.0000,0.0000,0.0000,0.0000,0.0000,0.0000,0.0000,0.0000,0.0000,0.0000,0.0000,0.0000,0.0000,0.0000,0.0000,0.0000,0.0000,0.0000,0.0000,0.0000,0.0000,0.0000,0.0000,0.0000,0.0000,0.0000,0.0000,0.0000
45108.1250000,0.0000,0.0000,0.0000,0.0000,0.0000,0.0000,0.0000,0.0000,0.0000,0.0000,0.0000,0.0000,0.0000,0.0000,0.0000,0.0000,0.0000,0.0000,0.0000,0.0000,0.0000,0.0000,0.0000,0.0000,0.0000,0.0000,0.0000,0.0000,0.0000,0.0000,0.0000,0.0000,0.0000,0.0000,0.0000,0.0000,0.0000,0.0000,0.0000,0.0000,0.0000,0.0000,0.0000,0.0000,0.0000,0.0000,0.0000,0.0000,0.0000,0.0000,0.0000,0.0000,0.0000,0.0000,0.0000,0.0000,0.0000,0.0000,0.0000,0.0000,0.0000,0.0000,0.0000,0.0000,0.0000,0.0000,0.0000,0.0000,0.0000,0.0000,0.0000,0.0000,0.0000,0.0000,0.0000,0.0000,0.0000,0.0000,0.0000,0.0000,0.0000,0.0000,0.0000,0.0000,0.0000,0.0000,0.0000,0.0000,0.0000,0.0000,0.0000,0.0000,0.0000,0.0000,0.0000,0.0000,0.0000,0.0000,0.0000,0.0000,0.0000,0.0000,0.0000,0.0000,0.0000,0.0000,0.0000,0.0000,0.0000,0.0000,0.0000,0.0000,0.0000,0.0000,0.0000,0.0000,0.0000,0.0000,0.0000,0.0000,0.0000,0.0000,0.0000,0.0000,0.0000,0.0000,0.0000,0.0000,0.0000,0.0000,0.0000,0.0000,0.0000,0.0000,0.0000,0.0000,0.0000,0.0000,0.0000,0.0000,0.0000,0.0000,0.0000,0.0000,0.0000,0.0000,0.0000,0.0000,0.0000,0.0000,0.0000,0.0000,0.0000,0.0000,0.0000,0.0000,0.0000,0.0000,0.0000,0.0000,0.0000,0.0000,0.0000,0.0000,0.0000,0.0000,0.0000,0.0000,0.0000,0.0000,0.0000,0.0000,0.0000,0.0000,0.0000,0.0000,0.0000,0.0000,0.0000,0.0000,0.0000,0.0000,0.0000,0.0000,0.0000,0.0000
45108.1666667,0.0000,0.0000,0.0000,0.0000,0.0000,0.0000,0.0000,0.0000,0.0000,0.0000,0.0000,0.0000,0.0000,0.0000,0.0000,0.0000,0.0000,0.0000,0.0000,0.0000,0.0000,0.0000,0.0000,0.0000,0.0000,0.0000,0.0000,0.0000,0.0000,0.0000,0.0000,0.0000,0.0000,0.0000,0.0000,0.0000,0.0000,0.0000,0.0000,0.0000,0.0000,0.0000,0.0000,0.0000,0.0000,0.0000,0.0000,0.0000,0.0000,0.0000,0.0000,0.0000,0.0000,0.0000,0.0000,0.0000,0.0000,0.0000,0.0000,0.0000,0.0000,0.0000,0.0000,0.0000,0.0000,0.0000,0.0000,0.0000,0.0000,0.0000,0.0000,0.0000,0.0000,0.0000,0.0000,0.0000,0.0000,0.0000,0.0000,0.0000,0.0000,0.0000,0.0000,0.0000,0.0000,0.0000,0.0000,0.0000,0.0000,0.0000,0.0000,0.0000,0.0000,0.0000,0.0000,0.0000,0.0000,0.0000,0.0000,0.0000,0.0000,0.0000,0.0000,0.0000,0.0000,0.0000,0.0000,0.0000,0.0000,0.0000,0.0000,0.0000,0.0000,0.0000,0.0000,0.0000,0.0000,0.0000,0.0000,0.0000,0.0000,0.0000,0.0000,0.0000,0.0000,0.0000,0.0000,0.0000,0.0000,0.0000,0.0000,0.0000,0.0000,0.0000,0.0000,0.0000,0.0000,0.0000,0.0000,0.0000,0.0000,0.0000,0.0000,0.0000,0.0000,0.0000,0.0000,0.0000,0.0000,0.0000,0.0000,0.0000,0.0000,0.0000,0.0000,0.0000,0.0000,0.0000,0.0000,0.0000,0.0000,0.0000,0.0000,0.0000,0.0000,0.0000,0.0000,0.0000,0.0000,0.0000,0.0000,0.0000,0.0000,0.0000,0.0000,0.0000,0.0000,0.0000,0.0000,0.0000,0.0000,0.0000,0.0000,0.0000,0.0000,0.0000
45108.2083333,0.0000,0.0000,0.0000,0.0000,0.0000,0.0000,0.0000,0.0000,0.0000,0.0000,0.0000,0.0000,0.0000,0.0000,0.0000,0.0000,0.0000,0.0000,0.0000,0.0000,0.0000,0.0000,0.0000,0.0000,0.0000,0.0000,0.0000,0.0000,0.0000,0.0000,0.0000,0.0000,0.0000,0.0000,0.0000,0.0000,0.0000,0.0000,0.0000,0.0000,0.0000,0.0000,0.0000,0.0000,0.0000,0.0000,0.0000,0.0000,0.0000,0.0000,0.0000,0.0000,0.0000,0.0000,0.0000,0.0000,0.0000,0.0000,0.0000,0.0000,0.0000,0.0000,0.0000,0.0000,0.0000,0.0000,0.0000,0.0000,0.0000,0.0000,0.0000,0.0000,0.0000,0.0000,0.0000,0.0000,0.0000,0.0000,0.0000,0.0000,0.0000,0.0000,0.0000,0.0000,0.0000,0.0000,0.0000,0.0000,0.0000,0.0000,0.0000,0.0000,0.0000,0.0000,0.0000,0.0000,0.0000,0.0000,0.0000,0.0000,0.0000,0.0000,0.0000,0.0000,0.0000,0.0000,0.0000,0.0000,0.0000,0.0000,0.0000,0.0000,0.0000,0.0000,0.0000,0.0000,0.0000,0.0000,0.0000,0.0000,0.0000,0.0000,0.0000,0.0000,0.0000,0.0000,0.0000,0.0000,0.0000,0.0000,0.0000,0.0000,0.0000,0.0000,0.0000,0.0000,0.0000,0.0000,0.0000,0.0000,0.0000,0.0000,0.0000,0.0000,0.0000,0.0000,0.0000,0.0000,0.0000,0.0000,0.0000,0.0000,0.0000,0.0000,0.0000,0.0000,0.0000,0.0000,0.0000,0.0000,0.0000,0.0000,0.0000,0.0000,0.0000,0.0000,0.0000,0.0000,0.0000,0.0000,0.0000,0.0000,0.0000,0.0000,0.0000,0.0000,0.0000,0.0000,0.0000,0.0000,0.0000,0.0000,0.0000,0.0000,0.0000,0.0000
45108.2500000,3.0084,5.2284,11.0555,8.0176,9.5473,13.0443,13.8783,7.9597,12.2520,12.3333,9.0664,13.9769,13.7539,13.7852,10.8843,12.0578,13.6899,13.5834,12.6873,9.5850,10.6680,5.4250,9.5266,9.1122,9.9662,12.5907,8.2779,5.1758,9.1785,5.9585,6.2961,4.1168,4.2532,8.1773,7.6836,8.6928,11.5955,11.1783,5.2888,14.7377,10.4106,13.7378,7.1865,9.5442,11.1634,12.8315,12.5728,11.8440,11.3666,9.1607,12.5823,12.0286,13.7410,13.2255,8.2610,4.6529,5.9606,5.4191,11.2568,13.8983,14.4353,14.2662,4.2070,4.0867,6.1814,4.9937,10.4851,9.1240,11.2232,13.1100,12.2661,7.2045,5.5773,12.5613,9.8400,11.6774,11.6337,7.6848,5.3934,6.9795,13.9744,14.4461,14.5670,13.6072,7.7132,10.0814,10.1197,8.4943,9.6694,12.9050,9.8565,11.1328,12.6586,10.4411,10.2008,11.8691,13.8247,14.1462,13.3343,13.7877,13.1388,13.5757,12.8326,10.2604,10.6533,11.8469,13.3874,9.5834,8.1624,10.8319,14.1994,13.6146,12.1009,13.3443,13.5869,11.4858,10.3419,13.1777,10.1603,11.1283,11.6873,13.3980,8.8104,12.8427,6.4929,9.8864,13.6778,13.9465,14.1917,9.5878,8.9893,9.1803,8.6062,7.7621,9.0030,9.4402,10.2576,11.6061,12.0809,11.1611,6.4330,10.4559,9.0936,13.6730,12.7942,7.9086,8.6913,9.7489,7.9839,6.6519,8.7315,9.4971,12.2933,6.5221,7.2096,11.8595,11.9427,9.9430,11.9365,13.5390,13.7947,12.3351,11.7710,12.7967,11.0098,7.9201,11.4800,9.5187,10.7770,13.1160,9.3962,13.9390,11.1154,12.5314,12.7312,15.4830,11.9413,14.2652,14.3392,14.4538,14.8895,14.4120,12.5412,11.1241,11.1091,14.5759
45108.2916667,9.8997,17.2054,36.3821,26.3864,31.4222,43.7747,60.6329,31.2733,55.2801,55.5423,44.7943,60.9571,60.2230,60.3260,35.8262,39.6890,45.0613,44.7111,41.7618,32.8145,35.1950,17.8587,31.3615,35.2674,38.9805,43.3116,27.5599,17.0425,45.1489,27.0707,20.8441,14.3355,24.5489,35.6202,25.3023,28.6260,53.1042,40.5293,20.0434,63.4512,34.2861,46.1080,23.6697,31.4363,36.7709,42.2656,41.4134,40.8092,52.3432,32.5616,56.3464,54.5222,60.1628,58.4644,27.2138,25.8520,20.6854,32.7479,37.6645,60.6803,62.4494,61.8924,13.8588,13.4624,20.3627,16.4548,39.5984,37.4916,51.8593,49.3440,55.2958,24.9548,27.9386,42.1797,32.9009,53.3519,38.8233,27.8618,18.7715,23.0034,49.1269,62.4722,62.8557,52.2679,25.4291,33.2363,33.3624,28.0037,31.8776,42.5446,32.4943,36.7013,43.0997,34.4248,33.6296,39.3395,46.3802,61.4762,43.9705,45.4656,45.1704,48.4621,57.1440,48.6614,49.9515,39.4205,45.9838,33.0771,31.5742,50.5454,61.6506,47.0314,47.8999,44.2249,59.6277,52.6961,45.4157,47.1575,48.3206,51.5130,38.5540,59.0000,30.5877,57.1676,21.4201,34.7635,59.9217,60.8077,61.6166,46.4272,44.4523,45.0822,43.1876,40.4019,31.5447,33.5158,34.7623,45.6767,54.6493,36.8245,21.2264,34.5006,30.0059,59.9014,42.8244,26.0964,28.9617,32.1708,33.7241,22.7109,29.2386,31.3411,44.2510,22.7048,25.2505,39.6788,39.4128,32.8139,39.3928,59.4558,60.2997,46.0329,43.1249,42.6563,42.9036,33.5128,38.8062,36.4278,42.9415,58.0583,38.3844,60.7744,36.9760,56.1288,56.7882,61.7025,40.1390,61.8510,62.0950,62.4737,63.9113,62.3349,41.9703,37.1744,37.0921,62.8746
45108.3333333,19.8494,34.4988,81.7554,52.9095,63.0089,144.7935,150.2975,71.0280,139.5634,140.0893,118.5361,150.9475,149.4754,149.6819,71.8435,138.2792,149.0519,148.3488,142.4331,68.7197,129.1010,60.4852,62.8945,79.4195,124.4550,90.7222,113.2963,34.1818,119.2406,67.2496,50.4371,55.0803,68.5263,86.9079,109.3595,59.4853,135.1955,87.1098,44.0909,155.9496,68.7736,149.3410,47.4803,63.0610,73.7635,84.7859,141.6376,84.3637,133.6669,68.8010,141.6971,138.0377,149.3530,145.9459,57.3890,71.1341,40.9168,94.3553,80.6847,150.3913,153.9403,152.8229,27.8025,27.0073,68.7112,33.0149,127.8130,118.8138,132.6923,109.4084,139.5874,51.6521,73.3370,141.5378,105.4041,135.6864,135.4004,59.1402,38.9210,51.0776,109.3571,153.9862,154.7558,148.4358,51.0337,71.6161,66.9547,56.2000,63.9745,143.7857,123.6162,132.0615,120.1627,127.4771,125.8936,136.9257,149.8647,151.9873,146.6133,149.6145,95.2371,104.2158,143.2919,126.2661,128.8555,136.7678,96.2562,96.1837,70.9540,130.0474,152.3373,148.4652,110.2552,146.6724,148.2767,134.3623,112.1613,102.5522,125.5778,131.9860,77.6103,147.0160,69.1276,143.3374,48.1316,72.8852,148.8664,150.6450,152.2689,121.7747,117.8096,119.0742,115.2702,109.6773,62.5367,70.7585,69.8379,135.1357,138.2804,96.5738,48.3975,86.5485,65.1199,148.8251,86.3335,52.3958,115.8187,65.1530,69.5213,50.3511,58.4099,63.5753,94.6423,48.5274,52.6711,136.8019,137.3532,79.0714,137.3111,147.9300,149.6246,109.6563,110.6382,86.4281,97.4369,80.1861,80.2137,121.2831,129.6221,145.1237,89.9683,150.5775,82.4557,141.2493,142.5733,152.4413,82.3803,152.7394,153.2293,153.9898,156.8765,153.7112,83.8247,75.3974,74.2008,154.7949
45108.3750000,29.4611,51.2050,144.9619,78.5332,226.9491,261.2008,269.3706,114.6511,253.4374,254.2179,222.2250,270.3353,268.1501,268.4565,240.0332,251.5306,267.5211,266.4774,257.6961,115.1236,237.9054,103.7875,93.6070,127.6875,231.0050,177.9118,214.4369,50.7447,223.2606,116.5182,86.3546,98.4521,129.6869,213.4339,208.5890,218.4823,246.9444,130.8675,68.5845,277.7563,147.3458,267.9440,70.4937,98.9025,109.5191,259.0434,256.5052,120.9847,244.6705,103.0466,256.5925,251.1592,267.9597,262.9006,214.1836,133.5526,67.5311,186.2995,243.5819,269.5010,274.7705,273.1115,54.6012,40.1000,118.6908,49.0246,235.9710,222.6076,243.2162,184.9078,253.4548,78.3569,133.1877,256.3508,184.4376,247.6607,247.2360,208.4622,62.4793,83.2695,270.1992,274.8331,275.9760,266.5901,75.7945,107.4117,112.0823,83.4668,95.0134,259.6825,229.7274,242.2704,187.0383,235.4595,233.1096,249.4926,268.7096,271.8610,263.8790,268.3367,261.9576,266.2506,258.9454,233.6566,237.5027,249.2551,187.4646,163.8322,113.5294,239.2727,272.3804,266.6288,182.4522,263.9651,266.3476,245.6781,197.8064,262.3128,232.6271,242.1458,155.9082,264.4724,119.6436,259.0076,72.6439,139.0729,267.2205,269.8626,272.2748,226.9743,221.0834,222.9618,217.3105,209.0013,141.6432,97.6073,111.9764,246.8207,251.4922,150.3352,70.7541,161.5742,222.0865,267.1570,157.4220,78.8688,218.1210,228.5241,211.1466,75.9512,218.5021,98.5980,129.9470,142.3539,80.1093,249.2926,250.1117,104.2440,250.0489,265.8254,268.3431,241.5322,248.3643,136.5258,158.7073,135.7523,139.2163,226.2341,238.6237,261.6551,150.2861,269.7582,120.9424,255.8988,257.8659,272.5273,129.0476,272.9702,273.6980,274.8280,279.1168,274.4137,255.9904,120.0224,118.1825,276.0234
45108.4166667,37.1807,64.6239,411.2290,188.4430,392.5554,435.7831,446.0944,135.6791,425.9834,426.9682,386.5863,447.3109,444.5526,444.9390,409.0623,423.5743,443.7576,442.4398,431.3553,199.0658,406.3719,143.4968,392.2328,171.6922,397.6496,430.1159,376.7248,338.3238,387.8613,176.6943,352.1772,153.8863,220.6585,375.4503,369.3317,381.8209,417.7536,223.4635,101.1245,456.6538,403.0648,444.2610,89.0079,121.5265,412.3519,433.0159,429.8108,183.5773,414.8668,144.6052,429.9175,423.0568,444.2705,437.8812,376.3620,225.5238,103.0512,341.1521,413.4859,446.2155,452.8696,450.7747,67.3225,69.6615,221.5656,189.7159,403.8545,386.9768,413.0043,436.3984,425.9349,100.1974,215.9415,429.5912,289.7784,418.6119,418.0754,369.1041,101.8830,189.3282,447.0641,452.9175,454.3613,442.5052,95.7499,143.0912,130.9692,124.2083,393.6080,433.7727,395.9315,411.7779,430.6933,403.1661,400.2037,420.8939,445.1700,449.1452,439.0606,444.6926,436.6331,442.0559,432.8260,400.8745,405.7341,420.5828,439.6905,246.6394,188.5570,407.9686,449.7990,442.5307,254.4994,439.1614,442.1698,416.0486,297.2832,437.0647,399.5498,411.5763,418.5247,439.7890,382.7530,432.8820,91.3686,396.1214,443.2588,446.5970,449.6448,392.3956,384.9498,387.3230,380.1801,369.6774,385.0994,154.8522,164.3401,417.4694,423.3727,411.9448,92.5860,403.1545,386.2057,443.1679,432.2334,166.6517,381.1911,394.3356,372.3703,118.0046,381.6652,137.9168,183.9542,227.5014,119.1752,420.5812,421.6163,147.2890,421.5359,441.4769,444.6594,410.7714,419.4061,194.6734,224.0438,201.0311,243.5356,391.4291,407.0898,436.2016,219.4020,446.4442,176.3444,428.9258,431.4120,449.9443,186.5527,450.5042,451.4238,452.8526,458.2735,452.3270,429.0388,173.7351,169.8137,454.3586
45108.4583333,37.5884,84.8225,616.4888,578.4957,597.5917,641.2939,651.7191,184.6725,631.3830,632.3780,190.9636,652.9469,650.1574,650.5473,614.2679,628.9419,649.3510,648.0179,636.8076,305.5638,611.5377,146.0544,597.2277,195.8978,602.6929,635.5242,581.5106,204.5575,592.7695,157.9424,556.6703,211.7397,311.6589,289.3374,574.0121,586.6437,622.9910,617.7599,150.8272,662.3417,608.1207,649.7954,97.6707,142.8253,617.4950,638.4034,635.1602,333.3486,620.0381,137.7092,635.2608,628.3186,649.7829,643.3156,171.7809,139.6467,145.7594,326.1693,618.6281,651.7483,658.4818,656.3619,101.5690,86.3826,107.6207,177.1759,608.8406,591.7565,618.1009,641.7797,631.1883,173.3151,149.0016,634.8867,206.5050,623.7653,623.2220,573.6512,147.5703,160.7850,652.5358,658.4624,659.9242,647.9202,117.6638,167.8240,604.0492,364.6506,598.3933,639.0643,600.7467,616.7949,635.9324,608.0591,605.0717,626.0105,650.5916,654.6041,644.3903,650.0947,641.9318,647.4217,638.0731,605.7105,610.6329,625.6727,645.0260,597.1756,398.1704,612.8929,655.2607,647.8961,628.8382,644.4756,647.5189,621.0501,210.5057,642.3329,604.3210,616.5015,623.5409,645.0827,587.2948,638.0826,558.0843,600.8336,648.5922,651.9728,655.0595,597.0516,589.5047,338.1154,147.4519,174.0243,293.8364,595.1602,605.4622,622.4427,628.4231,616.8507,557.2307,607.9316,590.7542,648.4772,637.3946,575.8021,585.6670,598.9804,184.5640,165.6707,194.3894,595.7903,631.0503,167.5516,173.8281,625.5708,626.6194,601.3964,626.5360,646.7465,649.9723,615.6263,624.3762,382.4361,361.8841,575.8472,620.7528,596.0107,611.8842,641.3912,594.4670,651.7731,616.1549,634.0169,636.5365,655.3208,236.3093,655.8883,656.8196,658.2688,663.7627,657.7322,634.1258,616.2399,616.0407,659.7844
45108.5000000,38.9656,151.4194,689.8080,650.4212,670.2159,715.5194,726.3267,214.5645,705.2448,706.2763,663.9438,727.5992,724.7073,725.1115,687.5014,702.7135,723.8710,722.4889,710.8674,670.6426,684.6698,173.3276,669.8331,225.6456,675.4971,709.5325,653.5346,120.5629,665.2061,186.5491,627.7808,143.6644,165.6783,652.1789,645.7579,658.8531,696.5351,691.1116,312.9719,737.3310,681.1170,724.3224,164.7537,166.6486,690.8327,712.5097,709.1472,699.6735,693.4691,205.0763,709.2505,702.0530,724.3063,717.6009,198.1718,167.2329,171.7236,314.6146,692.0054,726.3436,733.3247,731.1269,86.1466,71.4738,153.4360,303.2397,681.8521,664.1390,691.4531,716.0035,705.0221,639.1606,178.7757,708.8564,236.8424,697.3244,696.7611,645.3651,175.1977,187.6955,727.1499,733.2949,734.8106,722.3642,129.5517,239.9344,676.8736,277.1195,671.0093,713.1798,673.4496,690.0898,709.9306,681.0297,677.9340,699.6429,725.1302,729.2889,718.6982,724.6131,716.1489,721.8411,712.1474,678.5905,683.6946,699.2895,719.3570,669.7397,397.9218,686.0375,729.9689,722.3320,702.5701,718.7841,721.9392,694.4920,240.5375,716.5597,677.1429,689.7728,697.0722,719.4096,659.4864,712.1505,629.1956,673.5247,723.0479,726.5532,729.7538,669.6019,661.7757,664.2677,218.8451,212.0651,661.9191,667.6389,678.3218,695.9293,702.1306,690.1315,628.3057,680.8810,663.0682,722.9254,711.4327,647.5624,657.7921,671.5967,214.2594,194.3074,658.2731,668.2878,704.8521,196.8535,202.9593,699.1694,700.2568,674.1004,700.1700,721.1282,724.4734,688.8568,697.9301,711.4163,688.0279,647.6042,694.1715,668.5137,684.9746,715.5736,666.9130,726.3397,689.4035,707.9265,710.5392,730.0187,268.2213,730.6071,731.5728,733.0758,738.7730,732.5187,708.0386,689.4903,689.2831,734.6460
45108.5416667,117.5820,627.1794,705.1795,664.4780,684.9347,731.7516,742.9199,225.6609,721.1341,722.2001,678.4543,744.2352,741.2467,741.6645,702.7988,718.5188,740.3828,738.9546,726.9451,685.3775,699.8735,179.7926,684.5427,230.7619,690.3969,725.5687,228.4080,127.7309,679.7647,198.4836,202.8123,97.4695,172.1817,666.3038,659.6690,673.2012,712.1404,706.5361,190.5380,754.2972,696.2090,740.8556,211.6981,684.5246,706.2507,728.6505,725.1759,715.3865,708.9752,235.2901,725.2833,717.8460,740.8412,733.9125,667.2156,169.7307,181.2785,183.8712,707.4640,742.9467,750.1605,747.8894,164.1338,124.0432,168.7055,623.1489,696.9762,678.6730,706.8970,732.2653,720.9181,652.8627,630.9707,724.8804,396.4685,712.9651,712.3830,222.4510,184.5186,194.5095,743.7869,750.1365,751.7026,738.8418,659.4233,691.3202,691.8389,669.9549,685.7793,729.3532,688.3007,705.4946,725.9972,696.1344,692.9345,715.3671,741.7026,746.0010,735.0580,741.1696,732.4239,738.3057,728.2896,693.6167,698.8905,715.0040,735.7389,684.4721,665.3215,701.3116,746.7042,738.8136,718.3949,735.1485,738.4089,710.0499,694.6113,732.8519,692.1254,705.1755,712.7175,735.7976,673.8829,728.2974,207.5523,688.3882,739.5573,743.1793,746.4864,684.3357,237.7878,678.8247,230.0372,223.4016,676.3990,682.3086,256.4673,711.5394,717.9469,705.5484,641.6696,695.9917,677.5873,739.4330,727.5588,661.5669,672.1364,686.4003,225.8533,644.5389,672.6348,682.9821,720.7607,207.3350,652.0691,714.8896,716.0131,688.9883,715.9237,737.5778,741.0341,704.2347,713.6095,727.5435,703.3791,661.6133,709.7269,683.2172,700.2247,731.8396,681.5633,742.9632,704.8005,723.9386,726.6381,746.7643,715.9622,747.3723,748.3701,749.9229,755.8093,749.3478,724.0549,704.8911,704.6774,751.5463
45108.5833333,484.9804,517.1562,601.6952,557.5917,579.7689,630.5109,642.6148,208.1374,619.0064,620.1622,572.7572,644.0422,640.8041,641.2574,599.1410,616.1765,639.8699,638.3228,625.3100,580.2665,595.9792,160.9759,579.3764,573.3410,585.7309,623.8446,161.6465,83.4862,574.2307,177.7645,182.5146,121.1348,150.2972,209.2071,552.4706,198.9779,609.3206,603.2508,168.1968,654.9930,592.0706,640.4393,193.0655,579.4286,602.9673,627.2308,623.4673,612.8642,605.9197,573.8199,623.5901,615.5341,640.4431,632.9400,187.6493,149.9980,159.8481,159.4686,604.2937,642.7261,650.5395,648.0797,141.3185,117.0192,155.4111,134.9168,592.9693,573.1486,603.7140,631.1868,618.8988,545.1976,521.4930,623.1918,583.5438,610.2953,609.6651,200.4788,164.5672,541.8186,643.6990,650.5738,652.2694,638.3446,552.3775,586.9094,587.4701,563.7761,580.9085,628.0835,583.6378,602.2507,624.4620,592.1302,588.6553,612.9525,641.4656,646.1305,634.2848,640.9004,631.4333,637.8023,626.9605,589.4285,595.1369,612.5791,635.0239,579.5353,558.8041,597.7606,646.8966,638.3579,616.2595,634.3974,637.9301,342.3855,590.5351,631.9281,587.8551,252.6852,610.1449,635.1250,568.1194,627.0101,534.2544,583.8224,639.1994,643.1205,646.7006,231.0680,570.6943,225.3709,208.9822,151.1672,570.8657,577.2590,589.2031,608.8948,615.8299,602.4064,533.2911,592.0749,572.1613,639.0849,626.2375,554.8300,183.1542,581.7084,207.0003,536.4186,566.8193,578.0144,618.8917,187.1275,544.5677,612.5419,613.7580,584.5185,613.6628,637.0924,640.8318,601.0152,611.1599,626.2368,600.0962,554.9099,606.9664,578.2846,596.6856,630.8913,576.4948,642.9261,601.6362,622.3425,625.2636,647.0388,613.7126,647.6966,648.7768,650.4559,656.8252,649.8372,622.4733,601.7419,601.5142,652.2220
45108.6250000,520.6990,549.2084,624.1303,585.0368,604.6871,649.6565,660.3839,192.8132,639.4586,640.4825,598.4645,661.6476,658.7772,659.1786,621.8480,636.9472,657.9477,656.5760,645.0411,605.1155,619.0396,148.9500,604.3162,598.9621,609.9409,643.7235,147.9381,66.6765,307.9843,130.7797,171.6076,84.7669,140.9125,176.2209,263.3120,181.7015,630.8302,625.4479,157.9117,671.3199,615.5306,658.4114,343.2118,604.3111,625.1782,646.6913,643.3543,633.9525,627.7950,318.6754,643.4586,636.3156,658.4008,651.7466,170.9595,99.7781,147.0986,135.5109,626.3455,660.4233,667.3514,665.1703,131.6859,107.0391,159.6091,139.9972,224.6208,598.7012,625.8068,650.1699,639.2724,168.4979,139.6786,643.0780,607.9122,631.6361,631.0771,185.4552,153.2132,570.8938,661.2407,667.3383,668.8423,656.4917,580.2275,610.8583,611.3563,590.3405,605.5370,647.3816,607.9582,624.4694,644.1607,615.4829,214.5081,633.9524,659.2429,663.3725,652.8642,658.7331,650.3347,655.9832,646.3650,309.7470,618.1336,633.6070,653.5184,604.2889,585.8987,620.4590,664.0486,656.4719,636.8649,652.9535,656.0850,294.6590,614.0295,650.7509,217.6922,232.0862,631.4183,653.5810,594.1283,646.3794,564.0769,608.0577,657.1922,660.6703,663.8461,213.6917,321.2763,207.0166,139.9653,175.5693,596.5484,602.2226,612.8213,630.2913,636.4441,624.5377,314.9315,224.6023,206.9781,657.0761,645.6746,582.3089,165.6016,606.1553,191.5925,173.2990,201.9044,602.8739,639.1488,334.3281,181.3660,633.5119,634.5908,608.6419,634.5051,655.2973,658.6159,310.6447,632.2832,645.6626,622.4610,582.3586,628.5564,295.6401,619.4326,649.7888,601.5142,660.4693,623.8262,642.2022,254.1894,664.1192,634.5435,664.7029,665.6611,667.1519,672.8040,666.6002,642.3148,623.9145,623.7099,668.7123
45108.6666667,38.2540,151.1545,442.2426,403.5883,423.0285,467.5042,478.1131,128.4605,457.4213,458.4345,160.0080,479.3647,476.5267,476.9242,440.0111,454.9422,475.7085,474.3527,462.9478,423.4697,243.7570,170.1515,422.6938,417.4060,135.1579,461.6705,185.3050,65.9149,273.0690,95.6924,260.5123,68.7388,76.5205,189.7164,209.1572,187.8055,448.9487,443.6299,112.1400,488.9739,433.8344,476.2220,392.7269,422.7604,443.3885,464.6506,461.3527,452.0614,445.9761,417.8485,461.4620,454.4027,476.2303,469.6560,213.1576,91.5830,113.2142,105.5504,444.5543,478.2314,485.0781,482.9226,135.1378,116.6427,379.8506,141.4182,434.6411,417.2743,444.0559,468.1278,299.3769,392.7836,103.6914,461.1231,426.3856,449.8252,449.2731,137.7853,204.1921,389.8329,479.0998,485.1229,486.6085,474.4086,399.0972,429.3500,429.8410,409.0825,424.0921,465.4220,170.8465,442.7893,462.2523,433.9265,171.0853,452.1687,477.1490,481.2386,470.8613,476.6568,468.3633,473.9433,464.4455,431.5664,436.5671,451.8469,471.5093,422.9013,404.7397,438.8663,481.9109,474.4314,299.0620,470.9638,474.0593,212.1978,432.5444,468.8050,172.6989,186.2841,449.7257,471.6076,155.5914,464.4998,123.0802,426.6707,475.1779,478.6129,481.7492,230.2019,188.9047,417.6158,183.4585,172.8103,415.3267,420.9262,431.3881,448.6376,454.7124,442.9528,124.4289,433.9062,251.4340,475.0828,463.8302,401.2852,218.7417,424.8297,142.1692,128.4419,155.7034,229.0651,457.3989,190.9720,392.3012,191.1322,452.9032,251.6050,452.8204,473.3414,476.6165,441.7427,450.6285,463.8338,440.9397,144.8401,446.9576,196.6493,437.9533,467.9121,165.2964,478.4526,442.2891,460.4246,462.9832,482.0547,452.8662,482.6308,483.5771,485.0475,490.6261,484.5064,460.5405,442.3838,442.1854,486.5967
45108.7083333,31.6043,80.2823,275.3685,87.4137,109.9604,296.2460,305.0102,96.7167,209.3455,288.7547,110.8814,306.0449,303.7007,304.0294,273.5375,285.8716,303.0258,301.9061,292.4856,116.1959,127.9819,124.4897,259.2417,254.8769,104.8371,291.4426,139.4939,54.4396,163.9581,81.2867,82.0154,58.0252,63.3506,104.0851,114.5068,102.6231,180.4479,276.5553,99.5276,314.0029,268.4694,303.4754,234.5279,259.3320,276.3682,293.9256,291.2024,283.5305,193.0234,255.2811,291.2956,285.4665,303.4909,298.0631,99.2810,77.5374,93.6213,68.0035,192.2350,305.1443,310.7977,309.0179,72.1096,86.8742,144.0909,75.1707,269.1683,175.8471,276.9416,296.8153,242.8946,234.6116,66.7221,291.0334,262.3582,281.7093,281.2536,99.5361,138.2378,232.1923,305.8891,310.8609,312.0872,302.0167,239.8620,264.8319,265.2368,248.1021,260.4910,294.6044,119.6332,275.9224,291.9936,268.6136,121.8713,283.6704,304.2892,307.6697,299.1053,303.8882,297.0436,301.6497,293.8115,184.8487,124.7504,283.4140,299.6410,259.5288,244.5399,272.7029,308.2267,302.0551,208.9445,299.1965,301.7527,162.8968,212.2565,297.4225,121.4475,129.6962,281.6827,299.7391,107.8447,293.8752,135.6613,262.6631,302.6875,305.5224,308.1107,120.2975,118.4171,255.1964,134.5639,103.4408,253.3121,257.9312,266.5627,280.7968,285.8094,276.1039,97.7707,128.7636,114.6255,302.6179,293.3349,83.5271,92.4766,261.1624,105.6981,74.5477,107.5084,167.3884,288.0337,93.7181,234.3302,139.1546,141.3622,116.7229,166.0288,301.1880,303.8897,157.3926,204.8053,293.3451,274.4609,95.5779,279.4263,167.6204,271.9983,296.7124,166.3263,305.4076,275.5750,213.2764,292.6464,308.3790,284.3004,308.8543,309.6353,310.8478,315.4500,310.4030,290.6335,275.6568,275.4948,312.1299
45108.7500000,19.9887,39.2536,127.1173,53.2800,64.6949,140.3255,145.8681,58.7838,101.8545,81.9633,76.7385,146.5230,145.0406,145.2486,125.9665,133.7664,144.6144,101.0389,98.4322,68.1907,80.4761,49.9808,63.3334,114.1734,66.2642,137.2967,55.0473,34.4197,61.0393,47.6654,51.4239,33.9107,36.3249,63.9366,68.2662,64.0586,83.7667,127.8913,42.4069,151.5661,122.7814,144.9125,101.3276,117.0094,127.7801,138.8787,137.1573,132.3078,96.0027,114.4518,137.2179,133.5332,144.9271,141.4965,55.8373,42.6944,43.0402,43.8174,111.5121,145.9728,149.5463,148.4213,41.9349,27.1942,77.7391,33.2426,123.2423,93.7182,128.1552,140.7156,121.4455,101.4025,37.1296,83.6238,118.9414,131.1712,130.8832,59.1842,65.5243,99.8837,146.4586,149.6002,150.3751,144.0117,104.7434,120.5201,120.7757,109.9489,117.7768,139.3311,73.6695,127.5263,137.6846,122.9120,69.4277,84.1208,145.4533,147.5919,142.1812,145.2028,98.3195,143.7892,92.9179,101.2795,82.2383,132.2687,142.5202,117.1809,107.7114,125.5028,147.9449,144.0467,110.1999,142.2425,143.8581,92.9389,105.4049,141.1260,69.6351,78.0420,131.1860,93.7066,60.6876,138.8881,68.2344,76.5715,144.4551,146.2460,147.8810,69.7948,71.6235,67.5517,64.5341,63.4414,113.2739,116.1906,121.6420,130.6331,133.7992,127.6678,55.0824,76.9416,63.3330,144.4160,138.5538,52.7508,59.6517,118.2376,62.3211,50.8428,60.5859,71.8226,135.2085,46.8616,70.6351,80.5698,81.9691,72.8255,80.9760,143.5167,145.2227,94.1177,98.7488,138.5643,126.6403,55.6267,129.7765,77.3156,85.9041,140.6923,87.5988,146.1830,127.3445,103.8620,101.1693,148.0593,132.8543,148.3595,148.8528,149.6183,152.5246,149.3382,136.8548,127.3982,127.2969,150.4301
45108.7916667,13.8255,28.8393,51.6958,36.8517,43.9400,91.7444,95.5778,40.6884,69.3124,56.6902,41.6795,96.0304,68.6995,95.1488,81.8122,87.2070,94.7099,63.2223,68.3857,47.2499,55.4767,24.9439,43.8041,41.9010,45.8308,89.6448,38.0724,23.8057,42.2165,27.4062,28.9597,18.9326,19.5634,37.6145,35.3444,39.9874,59.4921,83.1363,27.0385,99.5102,47.8952,94.9071,64.7626,75.6077,83.0563,90.7322,89.5416,86.1876,53.1519,73.8378,89.5827,71.0396,94.9141,92.5413,38.0188,29.1781,27.4324,24.9394,51.8056,63.9616,98.1084,97.3303,19.3613,18.8075,50.7363,22.9900,79.9125,62.2342,83.3101,91.9966,56.4722,33.1690,25.6781,57.8326,45.3068,53.7652,53.5662,35.3840,24.8342,32.1417,95.9627,98.1353,98.6712,94.2706,35.5341,78.0228,78.1997,39.1316,76.1259,75.0871,50.8542,82.8685,89.8915,48.1055,48.2865,54.7137,95.2638,96.7407,92.9991,95.0887,62.4329,94.1107,59.6348,47.2843,49.0869,54.5955,61.6843,75.7095,69.1611,81.4646,96.9841,94.2879,74.0272,93.0392,94.1559,63.5077,69.8527,73.6318,47.6165,54.0657,54.6964,61.9900,44.1582,90.7155,29.9703,56.1386,94.5646,64.3220,96.9332,48.2856,49.1718,42.3336,39.6867,43.5136,73.0009,75.0180,78.7876,85.0045,87.1937,54.8067,29.6691,53.1561,43.0358,94.5344,90.4805,36.4768,40.0871,44.9681,37.0865,35.1480,43.8086,47.6271,88.1659,33.1064,48.8324,55.3456,57.2676,50.3471,56.8250,93.9102,95.0899,55.3808,67.1320,90.4855,82.2397,38.5831,65.8162,52.9266,60.2554,91.9560,58.9187,95.7528,82.7263,70.6669,61.1554,97.0502,86.5363,97.2578,97.5988,98.1283,100.1378,97.9340,89.3018,82.7626,82.6921,98.6879
45108.8333333,4.3128,7.4954,15.8493,11.4944,13.6876,18.7015,22.7757,12.4541,17.5657,17.6801,12.9986,20.0389,19.7192,19.7641,15.6050,17.2876,19.6275,19.4749,18.1902,13.7424,15.2954,7.7783,13.6591,13.0652,14.2900,18.0534,11.8697,7.4217,13.1613,8.5440,9.0282,5.9022,6.0988,11.7259,11.0180,12.4652,16.6278,16.0295,7.5841,21.1337,14.9290,19.7005,10.4066,13.7494,18.8718,21.2641,20.8931,19.8478,16.3010,13.1556,18.0448,17.2506,19.7065,18.9674,11.8476,6.6730,8.5485,7.7718,16.1441,19.9323,20.7024,20.4600,6.0335,5.8609,8.8651,7.1625,15.0389,13.0867,16.0976,18.8038,17.5935,10.3336,7.9997,18.0170,14.1140,16.7489,16.6869,11.0228,7.7361,10.0115,20.0464,20.7231,20.8899,19.5194,11.0652,17.3060,14.5175,12.1857,13.8715,18.5132,14.1399,15.9707,18.1604,14.9790,14.8232,17.0277,19.8334,20.2956,19.1307,19.7813,18.8503,19.4772,18.4112,14.7208,15.2820,16.9970,19.2040,13.7497,11.7109,17.2165,20.4001,22.3705,20.1981,19.1462,19.5037,16.4802,14.8390,18.9083,14.5789,15.9680,16.7702,19.2301,12.6422,18.4284,9.3169,14.1864,19.6269,20.0125,20.3646,13.7581,12.8994,13.1736,12.3498,11.1386,12.9195,13.5468,14.7202,19.4810,17.3365,16.0162,9.2316,15.2589,13.2526,19.6215,18.3605,11.3493,12.4726,13.9906,11.4577,9.5462,12.5307,13.6295,17.6423,10.0884,10.5578,17.0198,17.8676,15.1161,17.1305,22.2518,19.7972,18.7105,19.7064,21.1864,18.6212,11.3668,16.4758,13.6610,15.4669,18.8239,13.4852,20.0049,15.9526,17.9848,18.2716,20.4085,17.1378,20.4731,20.5793,20.7438,21.3690,20.6841,17.9991,18.7840,15.9441,21.3429
45108.8750000,0.0000,0.0000,0.0000,0.0000,0.0000,0.0000,0.0000,0.0000,0.0000,0.0000,0.0000,0.0000,0.0000,0.0000,0.0000,0.0000,0.0000,0.0000,0.0000,0.0000,0.0000,0.0000,0.0000,0.0000,0.0000,0.0000,0.0000,0.0000,0.0000,0.0000,0.0000,0.0000,0.0000,0.0000,0.0000,0.0000,0.0000,0.0000,0.0000,0.0000,0.0000,0.0000,0.0000,0.0000,0.0000,0.0000,0.0000,0.0000,0.0000,0.0000,0.0000,0.0000,0.0000,0.0000,0.0000,0.0000,0.0000,0.0000,0.0000,0.0000,0.0000,0.0000,0.0000,0.0000,0.0000,0.0000,0.0000,0.0000,0.0000,0.0000,0.0000,0.0000,0.0000,0.0000,0.0000,0.0000,0.0000,0.0000,0.0000,0.0000,0.0000,0.0000,0.0000,0.0000,0.0000,0.0000,0.0000,0.0000,0.0000,0.0000,0.0000,0.0000,0.0000,0.0000,0.0000,0.0000,0.0000,0.0000,0.0000,0.0000,0.0000,0.0000,0.0000,0.0000,0.0000,0.0000,0.0000,0.0000,0.0000,0.0000,0.0000,0.0000,0.0000,0.0000,0.0000,0.0000,0.0000,0.0000,0.0000,0.0000,0.0000,0.0000,0.0000,0.0000,0.0000,0.0000,0.0000,0.0000,0.0000,0.0000,0.0000,0.0000,0.0000,0.0000,0.0000,0.0000,0.0000,0.0000,0.0000,0.0000,0.0000,0.0000,0.0000,0.0000,0.0000,0.0000,0.0000,0.0000,0.0000,0.0000,0.0000,0.0000,0.0000,0.0000,0.0000,0.0000,0.0000,0.0000,0.0000,0.0000,0.0000,0.0000,0.0000,0.0000,0.0000,0.0000,0.0000,0.0000,0.0000,0.0000,0.0000,0.0000,0.0000,0.0000,0.0000,0.0000,0.0000,0.0000,0.0000,0.0000,0.0000,0.0000,0.0000,0.0000,0.0000,0.0000
45108.9166667,0.0000,0.0000,0.0000,0.0000,0.0000,0.0000,0.0000,0.0000,0.0000,0.0000,0.0000,0.0000,0.0000,0.0000,0.0000,0.0000,0.0000,0.0000,0.0000,0.0000,0.0000,0.0000,0.0000,0.0000,0.0000,0.0000,0.0000,0.0000,0.0000,0.0000,0.0000,0.0000,0.0000,0.0000,0.0000,0.0000,0.0000,0.0000,0.0000,0.0000,0.0000,0.0000,0.0000,0.0000,0.0000,0.0000,0.0000,0.0000,0.0000,0.0000,0.0000,0.0000,0.0000,0.0000,0.0000,0.0000,0.0000,0.0000,0.0000,0.0000,0.0000,0.0000,0.0000,0.0000,0.0000,0.0000,0.0000,0.0000,0.0000,0.0000,0.0000,0.0000,0.0000,0.0000,0.0000,0.0000,0.0000,0.0000,0.0000,0.0000,0.0000,0.0000,0.0000,0.0000,0.0000,0.0000,0.0000,0.0000,0.0000,0.0000,0.0000,0.0000,0.0000,0.0000,0.0000,0.0000,0.0000,0.0000,0.0000,0.0000,0.0000,0.0000,0.0000,0.0000,0.0000,0.0000,0.0000,0.0000,0.0000,0.0000,0.0000,0.0000,0.0000,0.0000,0.0000,0.0000,0.0000,0.0000,0.0000,0.0000,0.0000,0.0000,0.0000,0.0000,0.0000,0.0000,0.0000,0.0000,0.0000,0.0000,0.0000,0.0000,0.0000,0.0000,0.0000,0.0000,0.0000,0.0000,0.0000,0.0000,0.0000,0.0000,0.0000,0.0000,0.0000,0.0000,0.0000,0.0000,0.0000,0.0000,0.0000,0.0000,0.0000,0.0000,0.0000,0.0000,0.0000,0.0000,0.0000,0.0000,0.0000,0.0000,0.0000,0.0000,0.0000,0.0000,0.0000,0.0000,0.0000,0.0000,0.0000,0.0000,0.0000,0.0000,0.0000,0.0000,0.0000,0.0000,0.0000,0.0000,0.0000,0.0000,0.0000,0.0000,0.0000,0.0000
45108.9583333,0.0000,0.0000,0.0000,0.0000,0.0000,0.0000,0.0000,0.0000,0.0000,0.0000,0.0000,0.0000,0.0000,0.0000,0.0000,0.0000,0.0000,0.0000,0.0000,0.0000,0.0000,0.0000,0.0000,0.0000,0.0000,0.0000,0.0000,0.0000,0.0000,0.0000,0.0000,0.0000,0.0000,0.0000,0.0000,0.0000,0.0000,0.0000,0.0000,0.0000,0.0000,0.0000,0.0000,0.0000,0.0000,0.0000,0.0000,0.0000,0.0000,0.0000,0.0000,0.0000,0.0000,0.0000,0.0000,0.0000,0.0000,0.0000,0.0000,0.0000,0.0000,0.0000,0.0000,0.0000,0.0000,0.0000,0.0000,0.0000,0.0000,0.0000,0.0000,0.0000,0.0000,0.0000,0.0000,0.0000,0.0000,0.0000,0.0000,0.0000,0.0000,0.0000,0.0000,0.0000,0.0000,0.0000,0.0000,0.0000,0.0000,0.0000,0.0000,0.0000,0.0000,0.0000,0.0000,0.0000,0.0000,0.0000,0.0000,0.0000,0.0000,0.0000,0.0000,0.0000,0.0000,0.0000,0.0000,0.0000,0.0000,0.0000,0.0000,0.0000,0.0000,0.0000,0.0000,0.0000,0.0000,0.0000,0.0000,0.0000,0.0000,0.0000,0.0000,0.0000,0.0000,0.0000,0.0000,0.0000,0.0000,0.0000,0.0000,0.0000,0.0000,0.0000,0.0000,0.0000,0.0000,0.0000,0.0000,0.0000,0.0000,0.0000,0.0000,0.0000,0.0000,0.0000,0.0000,0.0000,0.0000,0.0000,0.0000,0.0000,0.0000,0.0000,0.0000,0.0000,0.0000,0.0000,0.0000,0.0000,0.0000,0.0000,0.0000,0.0000,0.0000,0.0000,0.0000,0.0000,0.0000,0.0000,0.0000,0.0000,0.0000,0.0000,0.0000,0.0000,0.0000,0.0000,0.0000,0.0000,0.0000,0.0000,0.0000,0.0000,0.0000,0.0000
45109.0000000,0.0000,0.0000,0.0000,0.0000,0.0000,0.0000,0.0000,0.0000,0.0000,0.0000,0.0000,0.0000,0.0000,0.0000,0.0000,0.0000,0.0000,0.0000,0.0000,0.0000,0.0000,0.0000,0.0000,0.0000,0.0000,0.0000,0.0000,0.0000,0.0000,0.0000,0.0000,0.0000,0.0000,0.0000,0.0000,0.0000,0.0000,0.0000,0.0000,0.0000,0.0000,0.0000,0.0000,0.0000,0.0000,0.0000,0.0000,0.0000,0.0000,0.0000,0.0000,0.0000,0.0000,0.0000,0.0000,0.0000,0.0000,0.0000,0.0000,0.0000,0.0000,0.0000,0.0000,0.0000,0.0000,0.0000,0.0000,0.0000,0.0000,0.0000,0.0000,0.0000,0.0000,0.0000,0.0000,0.0000,0.0000,0.0000,0.0000,0.0000,0.0000,0.0000,0.0000,0.0000,0.0000,0.0000,0.0000,0.0000,0.0000,0.0000,0.0000,0.0000,0.0000,0.0000,0.0000,0.0000,0.0000,0.0000,0.0000,0.0000,0.0000,0.0000,0.0000,0.0000,0.0000,0.0000,0.0000,0.0000,0.0000,0.0000,0.0000,0.0000,0.0000,0.0000,0.0000,0.0000,0.0000,0.0000,0.0000,0.0000,0.0000,0.0000,0.0000,0.0000,0.0000,0.0000,0.0000,0.0000,0.0000,0.0000,0.0000,0.0000,0.0000,0.0000,0.0000,0.0000,0.0000,0.0000,0.0000,0.0000,0.0000,0.0000,0.0000,0.0000,0.0000,0.0000,0.0000,0.0000,0.0000,0.0000,0.0000,0.0000,0.0000,0.0000,0.0000,0.0000,0.0000,0.0000,0.0000,0.0000,0.0000,0.0000,0.0000,0.0000,0.0000,0.0000,0.0000,0.0000,0.0000,0.0000,0.0000,0.0000,0.0000,0.0000,0.0000,0.0000,0.0000,0.0000,0.0000,0.0000,0.0000,0.0000,0.0000,0.0000,0.0000,0.0000
45109.0416667,0.0000,0.0000,0.0000,0.0000,0.0000,0.0000,0.0000,0.0000,0.0000,0.0000,0.0000,0.0000,0.0000,0.0000,0.0000,0.0000,0.0000,0.0000,0.0000,0.0000,0.0000,0.0000,0.0000,0.0000,0.0000,0.0000,0.0000,0.0000,0.0000,0.0000,0.0000,0.0000,0.0000,0.0000,0.0000,0.0000,0.0000,0.0000,0.0000,0.0000,0.0000,0.0000,0.0000,0.0000,0.0000,0.0000,0.0000,0.0000,0.0000,0.0000,0.0000,0.0000,0.0000,0.0000,0.0000,0.0000,0.0000,0.0000,0.0000,0.0000,0.0000,0.0000,0.0000,0.0000,0.0000,0.0000,0.0000,0.0000,0.0000,0.0000,0.0000,0.0000,0.0000,0.0000,0.0000,0.0000,0.0000,0.0000,0.0000,0.0000,0.0000,0.0000,0.0000,0.0000,0.0000,0.0000,0.0000,0.0000,0.0000,0.0000,0.0000,0.0000,0.0000,0.0000,0.0000,0.0000,0.0000,0.0000,0.0000,0.0000,0.0000,0.0000,0.0000,0.0000,0.0000,0.0000,0.0000,0.0000,0.0000,0.0000,0.0000,0.0000,0.0000,0.0000,0.0000,0.0000,0.0000,0.0000,0.0000,0.0000,0.0000,0.0000,0.0000,0.0000,0.0000,0.0000,0.0000,0.0000,0.0000,0.0000,0.0000,0.0000,0.0000,0.0000,0.0000,0.0000,0.0000,0.0000,0.0000,0.0000,0.0000,0.0000,0.0000,0.0000,0.0000,0.0000,0.0000,0.0000,0.0000,0.0000,0.0000,0.0000,0.0000,0.0000,0.0000,0.0000,0.0000,0.0000,0.0000,0.0000,0.0000,0.0000,0.0000,0.0000,0.0000,0.0000,0.0000,0.0000,0.0000,0.0000,0.0000,0.0000,0.0000,0.0000,0.0000,0.0000,0.0000,0.0000,0.0000,0.0000,0.0000,0.0000,0.0000,0.0000,0.0000,0.0000
45109.0833333,0.0000,0.0000,0.0000,0.0000,0.0000,0.0000,0.0000,0.0000,0.0000,0.0000,0.0000,0.0000,0.0000,0.0000,0.0000,0.0000,0.0000,0.0000,0.0000,0.0000,0.0000,0.0000,0.0000,0.0000,0.0000,0.0000,0.0000,0.0000,0.0000,0.0000,0.0000,0.0000,0.0000,0.0000,0.0000,0.0000,0.0000,0.0000,0.0000,0.0000,0.0000,0.0000,0.0000,0.0000,0.0000,0.0000,0.0000,0.0000,0.0000,0.0000,0.0000,0.0000,0.0000,0.0000,0.0000,0.0000,0.0000,0.0000,0.0000,0.0000,0.0000,0.0000,0.0000,0.0000,0.0000,0.0000,0.0000,0.0000,0.0000,0.0000,0.0000,0.0000,0.0000,0.0000,0.0000,0.0000,0.0000,0.0000,0.0000,0.0000,0.0000,0.0000,0.0000,0.0000,0.0000,0.0000,0.0000,0.0000,0.0000,0.0000,0.0000,0.0000,0.0000,0.0000,0.0000,0.0000,0.0000,0.0000,0.0000,0.0000,0.0000,0.0000,0.0000,0.0000,0.0000,0.0000,0.0000,0.0000,0.0000,0.0000,0.0000,0.0000,0.0000,0.0000,0.0000,0.0000,0.0000,0.0000,0.0000,0.0000,0.0000,0.0000,0.0000,0.0000,0.0000,0.0000,0.0000,0.0000,0.0000,0.0000,0.0000,0.0000,0.0000,0.0000,0.0000,0.0000,0.0000,0.0000,0.0000,0.0000,0.0000,0.0000,0.0000,0.0000,0.0000,0.0000,0.0000,0.0000,0.0000,0.0000,0.0000,0.0000,0.0000,0.0000,0.0000,0.0000,0.0000,0.0000,0.0000,0.0000,0.0000,0.0000,0.0000,0.0000,0.0000,0.0000,0.0000,0.0000,0.0000,0.0000,0.0000,0.0000,0.0000,0.0000,0.0000,0.0000,0.0000,0.0000,0.0000,0.0000,0.0000,0.0000,0.0000,0.0000,0.0000,0.0000
45109.1250000,0.0000,0.0000,0.0000,0.0000,0.0000,0.0000,0.0000,0.0000,0.0000,0.0000,0.0000,0.0000,0.0000,0.0000,0.0000,0.0000,0.0000,0.0000,0.0000,0.0000,0.0000,0.0000,0.0000,0.0000,0.0000,0.0000,0.0000,0.0000,0.0000,0.0000,0.0000,0.0000,0.0000,0.0000,0.0000,0.0000,0.0000,0.0000,0.0000,0.0000,0.0000,0.0000,0.0000,0.0000,0.0000,0.0000,0.0000,0.0000,0.0000,0.0000,0.0000,0.0000,0.0000,0.0000,0.0000,0.0000,0.0000,0.0000,0.0000,0.0000,0.0000,0.0000,0.0000,0.0000,0.0000,0.0000,0.0000,0.0000,0.0000,0.0000,0.0000,0.0000,0.0000,0.0000,0.0000,0.0000,0.0000,0.0000,0.0000,0.0000,0.0000,0.0000,0.0000,0.0000,0.0000,0.0000,0.0000,0.0000,0.0000,0.0000,0.0000,0.0000,0.0000,0.0000,0.0000,0.0000,0.0000,0.0000,0.0000,0.0000,0.0000,0.0000,0.0000,0.0000,0.0000,0.0000,0.0000,0.0000,0.0000,0.0000,0.0000,0.0000,0.0000,0.0000,0.0000,0.0000,0.0000,0.0000,0.0000,0.0000,0.0000,0.0000,0.0000,0.0000,0.0000,0.0000,0.0000,0.0000,0.0000,0.0000,0.0000,0.0000,0.0000,0.0000,0.0000,0.0000,0.0000,0.0000,0.0000,0.0000,0.0000,0.0000,0.0000,0.0000,0.0000,0.0000,0.0000,0.0000,0.0000,0.0000,0.0000,0.0000,0.0000,0.0000,0.0000,0.0000,0.0000,0.0000,0.0000,0.0000,0.0000,0.0000,0.0000,0.0000,0.0000,0.0000,0.0000,0.0000,0.0000,0.0000,0.0000,0.0000,0.0000,0.0000,0.0000,0.0000,0.0000,0.0000,0.0000,0.0000,0.0000,0.0000,0.0000,0.0000,0.0000,0.0000
45109.1666667,0.0000,0.0000,0.0000,0.0000,0.0000,0.0000,0.0000,0.0000,0.0000,0.0000,0.0000,0.0000,0.0000,0.0000,0.0000,0.0000,0.0000,0.0000,0.0000,0.0000,0.0000,0.0000,0.0000,0.0000,0.0000,0.0000,0.0000,0.0000,0.0000,0.0000,0.0000,0.0000,0.0000,0.0000,0.0000,0.0000,0.0000,0.0000,0.0000,0.0000,0.0000,0.0000,0.0000,0.0000,0.0000,0.0000,0.0000,0.0000,0.0000,0.0000,0.0000,0.0000,0.0000,0.0000,0.0000,0.0000,0.0000,0.0000,0.0000,0.0000,0.0000,0.0000,0.0000,0.0000,0.0000,0.0000,0.0000,0.0000,0.0000,0.0000,0.0000,0.0000,0.0000,0.0000,0.0000,0.0000,0.0000,0.0000,0.0000,0.0000,0.0000,0.0000,0.0000,0.0000,0.0000,0.0000,0.0000,0.0000,0.0000,0.0000,0.0000,0.0000,0.0000,0.0000,0.0000,0.0000,0.0000,0.0000,0.0000,0.0000,0.0000,0.0000,0.0000,0.0000,0.0000,0.0000,0.0000,0.0000,0.0000,0.0000,0.0000,0.0000,0.0000,0.0000,0.0000,0.0000,0.0000,0.0000,0.0000,0.0000,0.0000,0.0000,0.0000,0.0000,0.0000,0.0000,0.0000,0.0000,0.0000,0.0000,0.0000,0.0000,0.0000,0.0000,0.0000,0.0000,0.0000,0.0000,0.0000,0.0000,0.0000,0.0000,0.0000,0.0000,0.0000,0.0000,0.0000,0.0000,0.0000,0.0000,0.0000,0.0000,0.0000,0.0000,0.0000,0.0000,0.0000,0.0000,0.0000,0.0000,0.0000,0.0000,0.0000,0.0000,0.0000,0.0000,0.0000,0.0000,0.0000,0.0000,0.0000,0.0000,0.0000,0.0000,0.0000,0.0000,0.0000,0.0000,0.0000,0.0000,0.0000,0.0000,0.0000,0.0000,0.0000,0.0000
45109.2083333,0.0000,0.0000,0.0000,0.0000,0.0000,0.0000,0.0000,0.0000,0.0000,0.0000,0.0000,0.0000,0.0000,0.0000,0.0000,0.0000,0.0000,0.0000,0.0000,0.0000,0.0000,0.0000,0.0000,0.0000,0.0000,0.0000,0.0000,0.0000,0.0000,0.0000,0.0000,0.0000,0.0000,0.0000,0.0000,0.0000,0.0000,0.0000,0.0000,0.0000,0.0000,0.0000,0.0000,0.0000,0.0000,0.0000,0.0000,0.0000,0.0000,0.0000,0.0000,0.0000,0.0000,0.0000,0.0000,0.0000,0.0000,0.0000,0.0000,0.0000,0.0000,0.0000,0.0000,0.0000,0.0000,0.0000,0.0000,0.0000,0.0000,0.0000,0.0000,0.0000,0.0000,0.0000,0.0000,0.0000,0.0000,0.0000,0.0000,0.0000,0.0000,0.0000,0.0000,0.0000,0.0000,0.0000,0.0000,0.0000,0.0000,0.0000,0.0000,0.0000,0.0000,0.0000,0.0000,0.0000,0.0000,0.0000,0.0000,0.0000,0.0000,0.0000,0.0000,0.0000,0.0000,0.0000,0.0000,0.0000,0.0000,0.0000,0.0000,0.0000,0.0000,0.0000,0.0000,0.0000,0.0000,0.0000,0.0000,0.0000,0.0000,0.0000,0.0000,0.0000,0.0000,0.0000,0.0000,0.0000,0.0000,0.0000,0.0000,0.0000,0.0000,0.0000,0.0000,0.0000,0.0000,0.0000,0.0000,0.0000,0.0000,0.0000,0.0000,0.0000,0.0000,0.0000,0.0000,0.0000,0.0000,0.0000,0.0000,0.0000,0.0000,0.0000,0.0000,0.0000,0.0000,0.0000,0.0000,0.0000,0.0000,0.0000,0.0000,0.0000,0.0000,0.0000,0.0000,0.0000,0.0000,0.0000,0.0000,0.0000,0.0000,0.0000,0.0000,0.0000,0.0000,0.0000,0.0000,0.0000,0.0000,0.0000,0.0000,0.0000,0.0000,0.0000
45109.2500000,3.8132,6.6271,14.0132,10.1627,12.1017,16.5345,17.5917,10.0895,15.5303,15.6340,11.4923,17.7168,17.4341,17.4738,13.7967,15.2842,17.3530,17.2181,16.0822,12.1498,13.5227,6.8768,12.0760,11.5508,12.6335,15.9605,10.4936,6.5612,11.6353,7.5534,7.9814,5.2192,5.3916,10.3663,9.7404,11.0198,14.6996,14.1706,6.7046,18.6829,13.1976,17.4156,9.1106,12.0996,14.1524,16.2672,15.9392,15.0152,14.4100,11.6135,15.9514,15.2494,17.4203,16.7669,10.4731,5.8988,7.5567,6.8701,14.2711,17.6198,18.3006,18.0863,5.3336,5.1810,7.8366,6.3312,13.2935,11.5678,14.2292,16.6214,15.5515,9.1342,7.0712,15.9258,12.4757,14.8055,14.7499,9.7433,6.8381,8.8492,17.7186,18.3166,18.4718,17.2529,9.7800,12.7828,12.8313,10.7704,12.2604,16.3630,12.4976,14.1158,16.0509,13.2391,12.9342,15.0498,17.5295,17.9376,16.9081,17.4830,16.6602,17.2142,16.2720,13.0104,13.5092,15.0222,16.9764,12.1521,10.3501,13.7351,18.0053,17.2638,15.3444,16.9212,17.2290,14.5648,13.1143,16.7105,12.8842,14.1118,14.8207,16.9902,11.1725,16.2860,8.2337,12.5372,17.3451,17.6859,17.9969,12.1585,11.3996,11.6419,10.9139,9.8435,11.4172,11.9716,13.0081,14.7183,15.3205,14.1539,8.1581,13.2598,11.5322,17.3397,16.2252,10.0294,11.0220,12.3634,10.1251,8.4359,11.0732,12.0442,15.5903,8.2713,9.1432,15.0402,15.1458,12.6098,15.1379,17.1702,17.4945,16.4037,14.9303,16.2289,13.9628,10.0445,14.5592,12.0718,13.6676,16.6341,11.9165,17.6777,14.0969,15.8926,16.1460,18.0344,15.1442,18.0914,18.1853,18.3307,18.8832,18.2778,15.9051,14.1080,14.0891,18.4859
45109.2916667,12.4971,21.7200,45.9287,33.3107,39.6687,55.7507,85.6220,42.5645,78.8641,79.1951,65.6260,86.0309,85.1041,85.2340,45.2298,50.1067,56.8892,56.4471,52.7239,42.1973,44.4757,22.5470,39.5949,47.7283,52.9633,55.8144,34.9617,21.5181,66.0662,38.7061,26.3783,18.5250,37.3990,50.2553,31.9480,36.1448,76.1089,53.4351,26.9055,89.1734,43.2927,58.7207,29.8882,39.6958,46.4325,53.3708,52.2948,52.6249,75.1442,42.5693,80.1985,77.8950,85.0175,82.8726,34.3653,39.0380,26.7604,50.3980,47.9169,85.6708,87.9047,87.2014,17.5007,17.0002,25.7137,20.7807,53.0779,51.8611,74.5269,66.0513,78.8669,32.2549,41.0919,53.7245,41.8251,76.4107,49.3096,36.7310,24.3148,29.0528,63.9121,87.9255,88.4099,70.5227,32.1192,41.9803,42.1395,35.3709,40.2640,53.7372,41.0429,46.3563,55.2702,43.4824,42.4769,49.8072,59.0462,86.6629,55.5423,57.4308,58.1811,63.4642,81.1903,70.4751,72.1047,49.9856,59.2088,42.6801,42.7169,72.8546,86.8826,60.5748,65.3665,55.9878,84.3255,75.5682,64.2423,61.8188,70.0390,74.0715,48.7059,83.5297,39.5701,81.2145,27.0608,45.2262,84.6934,85.8125,86.8343,67.6445,65.1492,65.9449,63.5510,60.0314,40.9737,43.7855,44.4779,62.1972,78.0301,46.5234,26.8176,43.5885,37.9100,84.6651,54.4755,32.9710,36.7519,40.6461,47.0955,29.1572,37.2006,39.5982,58.1507,29.4066,32.7914,50.4443,49.7969,41.4596,49.7720,84.1000,85.1664,63.9348,57.1019,54.1541,58.2034,46.8279,49.5909,49.0763,58.7411,82.3333,52.9832,85.7651,46.8964,79.8954,80.7285,86.9379,51.1595,87.1254,87.4336,87.9123,89.7286,87.7365,53.3823,47.2501,47.1258,88.4176
45109.3333333,21.5672,37.4847,90.9315,57.4897,68.4641,171.2370,177.2175,81.5768,165.5539,166.1252,142.7055,177.9235,176.3239,176.5481,78.0650,164.1579,175.8633,175.0993,168.6711,75.8864,154.1837,71.5868,68.3430,90.8799,149.1321,100.2694,137.0041,37.1445,143.4629,79.7044,56.9204,66.4800,84.0576,102.2504,132.7235,65.0864,160.7986,97.8226,50.0966,183.3519,74.7373,176.1690,51.5983,68.5309,80.1623,92.1408,167.7956,93.1391,159.1332,76.7416,167.8592,163.8824,176.1792,172.4762,62.9984,86.8846,44.8073,116.4090,89.0895,177.3072,181.1641,179.9499,30.2149,29.3507,81.2895,35.8814,152.7645,142.9837,158.0673,124.3102,165.5609,57.0979,88.3553,167.6804,124.1248,161.3199,161.0090,66.1146,43.0806,56.6899,122.6142,181.2051,182.0416,175.1724,55.4702,79.0157,72.7750,61.0853,69.5357,170.1163,148.1936,157.3733,139.2450,152.3884,150.6689,162.6584,176.7220,179.0274,173.1860,176.4482,105.3631,116.4586,169.5754,151.0684,153.8831,162.4838,106.3322,112.3221,81.1521,155.1783,179.4072,175.1979,127.0043,173.2481,174.9914,159.8651,132.2786,114.8663,150.3141,157.2797,84.4114,173.6178,77.7140,169.6187,53.5476,80.9983,175.6285,177.5618,179.3269,146.1772,141.8664,143.2410,139.1055,133.0251,68.6272,78.8823,76.3436,160.6998,164.1181,110.3641,53.9931,98.1969,71.7859,175.5807,94.1817,56.9604,139.6984,70.9449,79.2653,56.2359,63.6068,69.2572,106.0276,53.9407,58.4309,162.5077,163.1071,89.1001,163.0610,174.6053,176.4476,127.8197,128.0320,94.3244,111.7418,93.7504,88.1284,145.6348,154.7006,171.5533,104.3852,177.4825,91.7379,167.3412,168.7806,179.5088,90.2857,179.8329,180.3654,181.1923,184.3305,180.8888,91.2870,82.3428,80.7868,182.0662
45109.3750000,29.8962,51.9644,188.8410,79.7051,381.7473,416.5058,424.7973,158.0829,408.6237,409.4152,376.9387,425.7741,423.5556,423.8658,118.7592,406.6829,422.9146,421.8544,412.9390,140.6915,392.8424,162.9084,95.3055,173.2866,385.8116,241.7379,368.9687,51.5329,377.9232,184.3415,115.3110,165.9921,231.5992,367.9329,363.0085,373.0540,401.9590,156.7628,88.6993,433.2522,199.6484,423.2761,71.6124,106.4959,111.2674,414.2191,411.6401,133.5242,399.6153,119.4769,411.7211,406.2007,423.2690,418.1266,368.6226,235.4724,78.7774,340.2917,398.4958,424.8322,430.1865,428.5009,70.6517,40.7451,186.5272,49.8293,390.7189,377.1349,398.0821,250.9525,408.4884,88.2255,224.4112,411.4295,287.1524,402.5877,402.1557,362.7411,74.2092,101.1837,425.4673,430.1794,431.3416,421.7975,77.0861,118.7536,128.3868,84.8869,96.6299,414.7584,384.2939,397.0527,260.2658,390.1095,387.7327,404.3817,423.9248,427.1166,418.9965,423.5315,255.4691,421.4068,413.9746,388.2463,392.1596,404.1162,253.3071,245.6890,153.3265,393.9567,427.6393,421.7847,257.6833,419.0664,421.4863,400.4454,310.2823,417.3655,387.1485,396.8320,204.4776,419.5528,158.7497,413.9884,83.9225,188.3286,422.3434,425.0309,427.4848,381.3728,375.3739,377.2846,371.5301,363.0684,203.5899,104.5927,126.3884,401.5589,406.3130,198.3675,80.3809,230.0487,376.3706,422.2549,195.5864,81.4502,372.3276,382.9114,365.2146,89.0935,372.7001,106.1151,142.3379,233.5999,91.8356,404.0489,404.8825,113.2739,404.8165,420.8813,423.4454,396.1446,403.0998,150.8599,218.7275,203.8096,171.1414,380.5543,393.1716,416.6257,218.6102,424.8778,136.0791,410.7641,412.7669,427.6978,144.3036,428.1488,428.8892,430.0410,434.4080,429.6149,410.8514,134.0039,130.2200,431.2470
45109.4166667,29.5563,51.3764,594.2811,236.1572,579.4067,613.7705,621.9686,143.9966,605.9743,606.7564,574.6393,622.9324,620.7381,621.0442,592.5096,604.0503,620.1018,619.0528,610.2347,236.1955,590.3545,188.0035,579.0894,193.6310,583.3777,609.2002,566.6991,536.1343,575.5522,241.0484,547.1482,222.8945,339.3144,565.6588,560.7833,570.7198,599.3162,260.0201,115.0106,630.2767,587.6070,620.3970,70.8669,99.8769,594.9657,611.4202,608.8677,181.8696,596.9660,145.2720,608.9407,603.4771,620.3687,615.2770,566.2760,343.1149,110.3241,538.2364,595.8457,621.9132,627.2128,625.5444,68.3186,73.8724,316.2572,275.6956,588.1086,574.6584,595.3978,614.0387,605.7002,90.2901,315.0446,608.6099,394.2592,599.8476,599.4197,560.3930,115.0617,251.0676,622.4732,627.1403,628.2915,618.8386,76.3620,131.2075,109.5241,116.8808,579.8216,611.8528,581.6755,594.3165,609.3750,587.4236,585.0810,601.5615,620.9199,624.0693,616.0237,620.5174,614.0870,618.4097,611.0451,585.5509,589.4289,601.2768,616.5224,321.0273,235.4022,591.2064,624.5819,618.7779,303.5576,616.0767,618.4709,597.6104,399.8288,614.3729,584.4172,594.0118,599.5583,616.5312,570.9936,611.0132,83.1468,581.6577,619.2915,621.9542,624.3855,578.6715,572.7223,574.6152,568.9085,560.5166,572.8229,159.8665,166.7873,598.6689,603.3810,594.2670,85.9747,587.2281,573.6882,619.1818,610.4455,198.9513,569.6742,580.1615,562.6104,128.3260,570.0295,129.2366,176.8995,324.0922,123.7037,601.1135,601.9397,140.4199,601.8723,617.8034,620.3465,593.2730,600.1688,189.7708,263.7605,260.3666,291.6284,577.8010,590.3143,613.5749,275.0451,621.7592,177.6330,607.7620,609.7478,624.5560,185.7218,625.0032,625.7367,626.8800,631.2105,626.4537,607.8431,172.9093,166.1548,628.0657
45109.4583333,33.9720,81.1237,671.2698,636.9243,654.1789,693.6765,703.0991,187.0746,684.7167,685.6157,190.9678,704.2075,701.6857,702.0377,669.2430,682.5070,700.9552,699.7497,689.6155,319.7949,666.7691,150.5203,653.8258,196.4595,658.7582,688.4358,639.5965,218.6535,649.7721,162.5022,617.1318,230.0267,343.7212,305.4474,632.8043,644.2236,677.0861,672.3550,156.3693,712.6648,663.6338,701.3145,89.9882,134.5581,672.0964,691.0038,688.0708,344.7845,674.3953,129.7610,688.1570,681.8791,701.2888,695.4388,171.4463,145.4939,148.5827,356.8196,673.1120,703.0644,709.1538,707.2367,103.3874,86.4104,104.2115,186.9503,664.2344,648.7812,672.6095,694.0269,684.4466,176.3343,153.4199,687.7903,206.3797,677.7257,677.2341,632.3957,152.3323,162.6965,703.7298,709.0914,710.4139,699.5543,111.3345,161.3292,659.8527,391.5944,654.7365,691.5332,656.8660,671.3870,688.6909,663.4734,660.7785,679.7147,701.9535,705.5754,696.3334,701.4952,694.1087,699.0749,690.6153,661.3307,665.7851,679.3945,696.9070,653.6035,430.8371,667.8280,706.1660,699.4999,682.2515,696.3995,699.1509,675.1923,209.4283,694.4482,660.0429,671.0643,677.4350,696.9303,644.6277,690.5933,618.1860,656.8778,700.1026,703.1613,705.9542,653.4502,646.6179,357.9287,142.4562,175.4605,308.1101,651.7308,661.0560,676.4225,681.8348,671.3649,617.3923,663.2843,647.7343,699.9836,689.9506,634.1967,643.1260,655.1726,186.8284,169.2292,195.8165,652.2813,684.2002,171.7636,176.8794,679.2377,680.1867,657.3523,680.1100,698.4058,701.3262,670.2341,678.1540,397.7450,379.6042,634.2154,674.8683,652.4691,666.8395,693.5523,651.0718,702.9512,670.7060,686.8765,689.1572,706.1630,234.1022,706.6766,707.5192,708.8319,713.8052,708.3435,686.9714,670.7771,670.5942,710.1969
45109.5000000,28.2072,158.5055,819.5313,790.9990,805.3172,838.1114,845.9358,220.4528,830.6675,831.4133,800.7534,846.8534,844.7582,845.0497,817.8094,828.8257,844.1482,843.1462,834.7268,805.5912,815.7423,185.6823,804.9759,226.2076,809.0571,833.7075,793.1130,118.4984,801.5613,198.9366,774.4330,156.8481,184.5502,792.1033,787.4435,796.9308,824.2390,820.3047,370.5401,853.8063,813.0449,844.3604,161.0761,145.5086,820.0514,835.7701,833.3315,826.4601,821.9607,198.8735,833.3935,828.1740,844.3096,839.4430,196.6584,183.5428,179.4941,371.7002,820.8773,845.7822,850.8454,849.2515,80.6705,62.4401,153.8791,357.6426,813.4432,800.5885,820.4082,838.2224,830.2531,782.4628,191.6278,833.0312,235.2757,824.6488,824.2397,786.9408,188.3372,192.6481,846.2402,850.7020,851.8025,842.7658,110.9539,237.4601,809.7029,297.5827,805.4466,836.0722,807.2197,819.3082,833.6887,812.7020,810.4748,826.2193,844.7266,847.7239,840.0296,844.3273,838.1776,842.3091,835.2654,810.8829,814.5920,825.9234,840.5041,804.4411,459.8925,816.2886,848.2082,842.6542,828.2871,840.0623,842.3480,822.3857,236.2323,838.4126,809.7499,818.9248,824.2307,840.4666,796.8989,835.1850,774.8655,807.0958,843.1008,845.6466,847.9713,804.2316,798.5369,800.3467,221.0133,218.5568,798.6214,802.7844,810.5542,823.3498,827.8572,819.1441,774.1624,812.3967,799.4379,842.9713,834.6093,788.1519,795.5912,805.6198,219.7318,203.7413,795.9166,803.2035,829.8024,208.0636,210.8259,825.6627,826.4530,807.4215,826.3865,841.6340,844.0682,818.1566,824.7549,834.5656,817.5400,788.1236,822.0055,803.3365,815.3138,837.5777,802.1725,845.4117,818.5367,832.0142,833.9145,848.0886,260.2640,848.5166,849.2178,850.3133,854.4576,849.9009,832.0858,818.5845,818.4268,851.4363
45109.5416667,132.3970,804.3444,857.6558,829.8141,843.7826,875.7797,883.4140,234.4191,868.5158,869.2434,839.3264,884.3087,882.2643,882.5485,855.9683,866.7174,881.6685,880.6905,872.4749,844.0450,853.9489,195.0230,843.4405,230.9281,847.4197,871.4726,235.2525,126.6015,840.0996,215.5693,218.3963,94.9391,195.2610,830.8676,826.3195,835.5772,862.2257,858.3858,210.8253,891.0790,851.2991,881.8586,222.4060,843.2633,858.1313,873.4715,871.0916,864.3854,859.9943,236.5931,871.1502,866.0563,881.8033,877.0533,831.3607,188.3129,192.1747,200.5875,858.9338,883.2397,888.1812,886.6255,184.7432,131.4109,173.1145,801.0724,851.6684,839.1219,858.4661,875.8529,868.0747,821.4309,806.4187,870.7855,450.2776,862.6021,862.2027,232.4698,201.6841,200.9047,883.6680,888.0231,889.0973,880.2767,825.7562,847.6420,847.9996,832.9890,843.8453,873.7395,845.5762,857.3765,871.4094,850.9242,848.7533,864.1187,882.1837,885.1060,877.5950,881.7904,875.7872,879.8196,872.9436,849.1418,852.7626,863.8242,878.0576,842.8518,829.7089,854.4180,885.5773,880.1548,866.1288,877.6227,879.8529,860.3633,849.7555,876.0073,848.0242,856.9802,862.1600,878.0099,835.4762,872.8531,222.9674,845.4297,880.5800,883.0650,885.3342,842.6317,241.4139,838.8381,234.3574,232.9899,837.1512,841.2161,255.2883,861.2928,865.6930,857.1884,813.2699,850.5980,837.9457,880.4476,872.2832,826.9258,834.1887,843.9782,234.2976,815.1901,834.5030,841.6176,867.5872,222.3921,820.3635,863.5446,864.3162,845.7344,864.2507,879.1375,881.5143,856.2155,862.6574,872.2359,855.6115,826.8898,859.9709,841.7431,853.4373,875.1750,840.6067,882.8239,856.5841,869.7430,871.5983,885.4375,864.2585,885.8555,886.5399,887.6098,891.6559,887.2061,869.8116,856.6286,856.4736,888.7033
45109.5833333,764.8174,785.0629,838.3214,810.5080,824.4631,856.4285,864.0552,227.4575,849.1721,849.8989,820.0121,864.9492,862.9068,863.1908,836.6374,847.3758,862.3118,861.3348,853.1276,824.7264,834.6206,186.9374,824.1236,820.3005,828.0995,852.1282,144.7232,61.2354,820.7882,206.9092,209.7428,140.1786,186.7841,225.9107,807.0230,201.0303,842.8925,839.0567,201.0356,871.7162,831.9778,862.5059,213.8961,823.9515,838.8043,854.1285,851.7511,845.0520,840.6654,820.3794,851.8101,846.7215,862.4521,857.7072,188.5882,180.2259,176.9135,184.4668,839.6068,863.8872,868.8235,867.2695,172.4652,133.6888,166.1656,149.8623,832.3515,819.8184,839.1420,856.5104,848.7404,802.1461,787.1501,851.4485,826.3602,843.2743,842.8754,218.6971,193.3503,799.9162,864.3198,868.6701,869.7431,860.9321,806.4719,828.3338,828.6910,813.6966,824.5411,854.4028,826.2701,838.0575,852.0762,831.6132,829.4438,844.7933,862.8387,865.7588,858.2560,862.4468,856.4502,860.4783,853.6099,829.8343,833.4512,844.5005,858.7183,823.5517,810.4231,835.1049,866.2299,860.8136,846.8033,858.2847,860.5127,397.8286,830.4494,856.6724,828.7208,253.6863,842.8411,858.6734,816.1873,853.5225,794.6998,826.1300,861.2410,863.7233,865.9901,240.8805,817.7818,237.5289,218.8356,134.8922,817.8620,821.9222,829.4993,841.9766,846.3719,837.8764,794.0081,831.2942,818.6563,861.1103,852.9552,807.6492,174.3614,824.6827,224.9301,795.9277,815.2186,822.3251,848.2652,213.8690,801.0953,844.2274,844.9981,826.4376,844.9329,859.8028,862.1768,836.9068,843.3414,852.9091,836.3040,807.6152,840.6585,822.4515,834.1324,855.8452,821.3164,863.4854,837.2756,850.4195,852.2727,866.0961,844.9412,866.5135,867.1972,868.2658,872.3074,867.8628,850.4883,837.3205,837.1660,869.3589
45109.6250000,697.0639,717.1953,770.1486,742.4970,756.3735,788.1560,795.7390,197.9791,780.9419,781.6646,751.9508,796.6283,794.5979,794.8803,768.4806,779.1570,794.0068,793.0356,784.8761,756.6395,766.4775,159.2835,756.0436,752.2441,759.9991,783.8890,132.8202,47.1825,347.0580,129.2543,183.0529,81.5367,158.3976,173.0020,298.2098,176.0724,774.7135,770.9005,172.9165,803.3685,763.8650,794.2144,413.9155,755.8896,770.6558,785.8895,783.5262,776.8668,772.5063,362.0831,783.5864,778.5280,794.1658,789.4494,164.9161,97.6661,151.9777,140.6508,771.4566,795.5931,800.5000,798.9552,145.9738,112.7876,167.3778,150.5993,219.9056,751.7947,771.0029,788.2675,780.5441,170.7637,145.0247,783.2365,758.3000,775.1130,774.7165,190.0984,165.4446,732.0192,796.0392,800.3632,801.4298,792.6719,738.5457,760.2747,760.6296,745.7257,756.5046,786.1852,758.2229,769.9384,783.8756,763.5363,208.3115,776.6367,794.5731,797.4783,790.0214,794.1865,788.2265,792.2306,785.4042,339.9606,765.3687,776.3504,790.4813,755.5311,742.4824,767.0130,797.9478,792.5652,778.6416,790.0536,792.2689,308.2659,762.3926,788.4553,213.0432,224.5206,774.7112,790.4462,748.2227,785.3277,726.8692,758.1051,792.9994,795.4667,797.7197,212.5144,367.1299,206.8241,118.6634,175.6090,749.8926,753.9272,761.4572,773.8582,778.2266,769.7821,380.7600,220.0190,207.5249,792.8746,784.7706,739.7465,153.5626,756.6757,195.9119,182.2224,203.6552,754.3340,780.1123,407.3922,188.5197,776.1004,776.8664,758.4220,776.8020,791.5790,793.9382,334.0533,775.2207,784.7287,768.2285,739.7197,772.5564,326.8743,766.0710,787.6481,753.3352,795.2404,769.1946,782.2562,241.0675,797.8347,776.8122,798.2496,798.9292,799.9908,804.0073,799.5913,782.3258,769.2411,769.0884,801.0796
45109.6666667,26.9853,128.4174,657.6524,630.3603,644.0608,675.4352,682.9206,121.8046,668.3150,669.0287,164.0706,683.7993,681.7952,682.0743,656.0166,666.5550,681.2127,680.2544,672.2010,644.3306,295.8431,235.8480,643.7483,640.0006,104.9263,671.2378,222.4387,46.5662,371.5777,90.2450,390.5950,67.2238,79.6182,231.9564,275.1151,220.8932,662.1924,658.4301,130.4796,690.4728,651.4899,681.4422,622.4076,643.6256,658.1992,673.2322,670.9001,664.3289,660.0258,640.1281,670.9623,665.9706,681.4026,676.7493,274.2303,101.6774,122.6489,116.3611,658.9946,682.8121,687.6542,686.1298,188.9073,156.4095,613.2398,188.9342,651.9004,639.6084,658.5611,675.5961,375.1903,622.2758,110.5901,670.6332,646.0315,662.6207,662.2295,142.9551,299.4743,620.1093,683.2795,687.5455,688.5978,679.9573,626.5658,648.0021,648.3518,633.6480,644.2818,673.5630,172.4278,657.5338,671.2895,651.2234,167.8400,664.1475,681.8431,684.7142,677.3582,681.4669,675.5876,679.5384,672.8046,649.4947,653.0405,663.8734,677.8128,643.3385,630.4661,654.6637,685.1795,679.8709,376.9735,677.3963,679.5830,225.1308,650.1171,675.8268,171.3459,182.3547,662.2734,677.7943,159.3865,672.7465,133.0446,645.8974,680.3149,682.7491,684.9718,286.3067,218.4477,639.4500,213.9595,206.5764,637.8046,641.7831,649.2097,661.4425,665.7515,657.4201,136.4051,650.9750,332.8614,680.2004,672.2084,627.8034,278.1734,644.5027,146.5747,140.6275,160.7092,285.5037,667.6185,258.4537,621.3893,180.5816,664.4186,320.5778,664.3558,678.9291,681.2556,656.4896,662.7968,672.1739,655.9033,152.4428,660.1723,225.0150,653.7765,675.0556,168.7442,682.5430,656.8568,669.7381,671.5545,685.1015,664.3693,685.5106,686.1811,687.2277,691.1889,686.8352,669.8088,656.9059,656.7568,688.3056
45109.7083333,27.5192,109.9328,491.2987,81.1312,110.9819,509.4479,517.0809,104.8896,309.5399,502.9179,121.2089,517.9786,515.9357,516.2208,489.6543,500.3991,515.3437,514.3671,506.1574,125.5942,136.5086,215.0321,477.1631,473.3478,91.4382,505.1993,204.4210,47.4627,249.4215,100.2734,96.4047,73.8596,84.6361,119.2661,152.9902,107.1060,249.5978,492.1692,156.1055,524.8256,485.1030,515.6295,455.4765,477.1030,491.9571,507.2751,504.8989,498.2039,284.1799,473.5486,504.9681,499.8820,515.6069,510.8673,106.0629,112.7554,130.4491,76.6275,284.0602,517.0452,521.9787,520.4255,106.8206,145.0567,250.3893,101.2397,485.5827,279.3183,492.3682,509.7205,391.5619,455.4075,70.8366,504.6674,479.6147,496.5123,496.1141,116.2568,249.2541,453.2304,517.5787,521.9229,522.9944,514.1955,459.8452,481.6708,482.0261,467.0533,477.8809,507.6954,129.3465,491.3722,505.3913,484.9588,129.1059,498.1184,516.1373,519.0710,511.5824,515.7649,509.7799,513.8036,506.9490,282.4446,128.5920,497.8571,512.0471,476.9585,463.8536,488.4846,519.5491,514.1474,311.0031,511.6347,513.8637,208.2942,348.4003,510.0520,128.6659,132.7765,496.2654,512.0625,117.7760,506.9273,224.6266,479.6067,514.6326,517.1110,519.3740,135.3588,140.7080,473.0540,186.7299,124.4120,471.3877,475.4344,482.9909,495.4424,499.8281,491.3446,132.6713,141.6220,129.6608,514.5343,506.4040,73.1322,82.0414,478.2212,126.2675,72.0257,118.2260,252.3894,501.7433,121.2005,454.7118,143.7341,147.7615,120.6251,208.3412,513.2544,515.6210,201.5710,306.2632,506.3832,489.8350,102.4692,494.1798,252.5914,487.6736,509.3206,251.4580,516.9372,490.8069,314.2744,505.7590,519.5399,498.4493,519.9561,520.6389,521.7027,525.7328,521.3066,503.9873,490.8638,490.7152,522.8080
45109.7500000,25.6883,60.6729,285.0884,68.4841,85.9822,302.0452,309.1694,88.9106,177.2700,105.3701,136.0372,310.0090,308.1029,308.3696,283.5794,293.6066,307.5526,154.2552,158.4904,97.8329,125.1644,95.8382,81.4381,268.3885,85.2161,298.1133,70.8015,44.2715,78.5120,79.5521,87.8187,58.4516,64.9655,103.9154,126.7552,96.5689,122.8069,285.9856,70.9324,316.4417,279.4032,307.8731,251.7874,271.9587,285.8132,300.0952,297.8799,291.6385,169.7684,268.6553,297.9507,293.2087,307.8704,303.4535,73.8230,81.5683,63.0404,73.9944,226.5632,309.2136,313.8128,312.3649,85.5991,34.9991,183.0983,42.7989,279.9181,195.4851,286.2426,302.4139,246.6330,251.7980,47.8057,107.6688,274.3677,290.1144,289.7434,94.4067,151.5659,249.8033,309.7699,313.8167,314.8148,306.6182,256.0109,276.3379,276.6681,262.7211,272.8059,300.5751,113.0869,285.3694,298.4405,279.4093,92.7868,119.8125,308.4493,311.1922,304.2192,308.1135,151.0991,306.2893,136.5194,205.1851,131.5289,291.4417,304.6538,271.9894,259.7863,282.7182,311.6418,306.6149,209.0875,304.2819,306.3605,156.9671,218.6222,302.8243,94.0785,109.3545,289.9997,130.7255,82.6568,299.9266,144.5809,122.8657,307.1010,309.4088,311.5159,103.3044,118.8672,101.4629,99.4079,108.3168,266.8728,270.6367,277.6677,289.2584,293.3404,285.4401,98.6782,115.5891,87.7632,307.0285,299.4654,68.0420,80.7566,273.2515,100.9614,80.2696,83.4577,111.8401,295.1389,68.0511,142.1932,107.2347,110.9525,108.6872,107.5080,305.8518,308.0531,167.3906,173.3655,299.4612,284.0723,78.0891,288.1160,131.0881,142.5596,302.1996,169.5437,309.2841,284.9784,179.9648,167.2992,311.7051,292.0872,312.0923,312.7280,313.7167,317.4659,313.3515,297.2432,285.0389,284.9041,314.7537
45109.7916667,17.6269,41.8328,66.8395,46.9886,56.0855,150.4291,155.3170,56.1973,102.0549,72.2908,53.1496,155.8935,93.3212,154.7689,137.7616,144.6409,154.2087,81.4325,97.7918,63.6059,77.5140,31.8115,55.8656,53.4402,58.4540,147.7390,48.5627,30.3654,53.8501,34.9588,36.9406,24.1506,24.9553,47.9820,45.0869,51.0103,82.3662,139.4269,37.3439,160.3146,61.1022,154.4397,115.9790,129.8133,139.3149,149.1085,147.5894,143.3097,68.7015,127.5508,147.6394,107.1499,154.4416,151.4133,48.5121,45.4032,35.0042,31.8225,66.1035,81.6143,158.5166,157.5238,24.7048,23.9982,88.1937,29.3410,135.2847,100.7149,139.6207,150.7069,72.0738,42.3325,32.7726,73.8111,57.8270,68.6230,68.3691,45.1622,31.6976,41.0279,155.7564,158.5299,159.2140,153.5962,45.3681,132.8471,133.0732,49.9602,130.4261,112.3218,70.6607,139.0355,147.9967,61.4214,63.0104,69.8889,154.8557,156.7374,151.9595,154.6279,81.6949,153.3783,76.6709,60.3813,62.6830,69.7172,78.7693,129.8776,121.5158,137.2281,157.0464,153.6025,113.7498,152.0054,153.4302,92.2272,112.5577,107.6035,61.6348,71.9626,70.7145,79.4082,60.1276,149.0274,38.3165,82.8178,153.9427,82.1792,156.9674,65.9701,70.9393,54.0787,50.6977,63.7117,126.3906,128.9682,133.7841,141.7243,144.5205,73.4986,37.9036,73.1026,56.1337,153.8969,148.7172,46.6026,51.2153,57.4532,47.6505,49.6070,59.6911,64.8716,145.7562,45.4795,78.7860,71.3869,75.4617,69.0445,74.4600,153.0940,154.6015,75.2956,99.3080,148.7177,138.1799,51.4520,97.6275,77.1149,88.0832,150.5944,91.6725,155.4459,138.8009,103.8257,80.6722,157.1038,143.6692,157.3689,157.8044,158.4813,161.0489,158.2318,147.2011,138.8442,138.7528,159.1931
45109.8333333,7.1998,12.5131,26.4598,19.1902,22.8526,31.2247,43.9480,22.9379,29.3286,29.5196,21.7032,33.4582,32.9245,32.9997,26.0554,28.8648,32.7719,32.5172,30.3723,22.9458,25.5394,12.9881,22.8083,21.8171,23.8629,30.1483,19.8226,12.3945,21.9800,14.2690,15.0778,9.8572,10.1855,19.5836,18.4016,20.8188,27.7712,26.7722,12.6669,35.2973,24.9351,32.9051,17.5845,23.0911,37.4196,41.4156,40.7958,39.0496,27.2292,22.0122,30.1431,28.8164,32.9192,31.6849,19.7916,11.1473,14.2805,12.9828,26.9687,33.2968,34.5834,34.1783,10.0790,9.7907,14.8090,11.9669,25.1268,21.8652,26.8957,31.4172,29.3951,17.2652,13.3660,30.1031,23.5827,27.9853,27.8817,18.4177,12.9263,16.7293,33.5007,34.6314,34.9103,32.6199,18.4933,34.7903,24.2629,20.3657,23.1830,30.9406,23.6316,26.6911,30.3531,25.0354,25.1646,28.4597,33.1495,33.9246,31.9774,33.0647,31.5087,32.5570,30.7751,24.6065,25.5446,28.4113,32.1003,22.9840,19.5757,32.2379,34.1563,43.2514,39.6197,32.0060,32.6231,27.5512,24.8077,31.6115,24.3740,26.6969,28.0381,32.1615,21.1368,30.8111,15.5775,23.7192,32.8157,33.4607,34.0495,23.0037,21.5681,22.0267,20.6494,18.6244,21.6026,22.6514,24.6144,38.4146,28.9889,26.7802,15.4366,26.0408,22.5800,32.8107,30.7022,18.9783,20.8566,23.3958,19.1604,15.9640,20.9550,22.7923,29.5030,18.3766,18.0923,28.4625,31.3859,27.0291,28.6478,43.0455,33.1074,37.1233,38.7887,41.2636,36.9732,19.0098,27.5542,22.8467,25.8668,31.4811,22.5527,33.4562,26.6792,30.0777,30.5574,34.1312,28.6613,34.2392,34.4170,34.6919,35.7376,34.5928,30.1025,37.2444,26.6664,36.5710
45109.8750000,0.0000,0.0000,0.0000,0.0000,0.0000,0.0000,0.0000,0.0000,0.0000,0.0000,0.0000,0.0000,0.0000,0.0000,0.0000,0.0000,0.0000,0.0000,0.0000,0.0000,0.0000,0.0000,0.0000,0.0000,0.0000,0.0000,0.0000,0.0000,0.0000,0.0000,0.0000,0.0000,0.0000,0.0000,0.0000,0.0000,0.0000,0.0000,0.0000,0.0000,0.0000,0.0000,0.0000,0.0000,0.0000,0.0000,0.0000,0.0000,0.0000,0.0000,0.0000,0.0000,0.0000,0.0000,0.0000,0.0000,0.0000,0.0000,0.0000,0.0000,0.0000,0.0000,0.0000,0.0000,0.0000,0.0000,0.0000,0.0000,0.0000,0.0000,0.0000,0.0000,0.0000,0.0000,0.0000,0.0000,0.0000,0.0000,0.0000,0.0000,0.0000,0.0000,0.0000,0.0000,0.0000,0.0000,0.0000,0.0000,0.0000,0.0000,0.0000,0.0000,0.0000,0.0000,0.0000,0.0000,0.0000,0.0000,0.0000,0.0000,0.0000,0.0000,0.0000,0.0000,0.0000,0.0000,0.0000,0.0000,0.0000,0.0000,0.0000,0.0000,0.0000,0.0000,0.0000,0.0000,0.0000,0.0000,0.0000,0.0000,0.0000,0.0000,0.0000,0.0000,0.0000,0.0000,0.0000,0.0000,0.0000,0.0000,0.0000,0.0000,0.0000,0.0000,0.0000,0.0000,0.0000,0.0000,0.0000,0.0000,0.0000,0.0000,0.0000,0.0000,0.0000,0.0000,0.0000,0.0000,0.0000,0.0000,0.0000,0.0000,0.0000,0.0000,0.0000,0.0000,0.0000,0.0000,0.0000,0.0000,0.0000,0.0000,0.0000,0.0000,0.0000,0.0000,0.0000,0.0000,0.0000,0.0000,0.0000,0.0000,0.0000,0.0000,0.0000,0.0000,0.0000,0.0000,0.0000,0.0000,0.0000,0.0000,0.0000,0.0000,0.0000,0.0000
45109.9166667,0.0000,0.0000,0.0000,0.0000,0.0000,0.0000,0.0000,0.0000,0.0000,0.0000,0.0000,0.0000,0.0000,0.0000,0.0000,0.0000,0.0000,0.0000,0.0000,0.0000,0.0000,0.0000,0.0000,0.0000,0.0000,0.0000,0.0000,0.0000,0.0000,0.0000,0.0000,0.0000,0.0000,0.0000,0.0000,0.0000,0.0000,0.0000,0.0000,0.0000,0.0000,0.0000,0.0000,0.0000,0.0000,0.0000,0.0000,0.0000,0.0000,0.0000,0.0000,0.0000,0.0000,0.0000,0.0000,0.0000,0.0000,0.0000,0.0000,0.0000,0.0000,0.0000,0.0000,0.0000,0.0000,0.0000,0.0000,0.0000,0.0000,0.0000,0.0000,0.0000,0.0000,0.0000,0.0000,0.0000,0.0000,0.0000,0.0000,0.0000,0.0000,0.0000,0.0000,0.0000,0.0000,0.0000,0.0000,0.0000,0.0000,0.0000,0.0000,0.0000,0.0000,0.0000,0.0000,0.0000,0.0000,0.0000,0.0000,0.0000,0.0000,0.0000,0.0000,0.0000,0.0000,0.0000,0.0000,0.0000,0.0000,0.0000,0.0000,0.0000,0.0000,0.0000,0.0000,0.0000,0.0000,0.0000,0.0000,0.0000,0.0000,0.0000,0.0000,0.0000,0.0000,0.0000,0.0000,0.0000,0.0000,0.0000,0.0000,0.0000,0.0000,0.0000,0.0000,0.0000,0.0000,0.0000,0.0000,0.0000,0.0000,0.0000,0.0000,0.0000,0.0000,0.0000,0.0000,0.0000,0.0000,0.0000,0.0000,0.0000,0.0000,0.0000,0.0000,0.0000,0.0000,0.0000,0.0000,0.0000,0.0000,0.0000,0.0000,0.0000,0.0000,0.0000,0.0000,0.0000,0.0000,0.0000,0.0000,0.0000,0.0000,0.0000,0.0000,0.0000,0.0000,0.0000,0.0000,0.0000,0.0000,0.0000,0.0000,0.0000,0.0000,0.0000
45109.9583333,0.0000,0.0000,0.0000,0.0000,0.0000,0.0000,0.0000,0.0000,0.0000,0.0000,0.0000,0.0000,0.0000,0.0000,0.0000,0.0000,0.0000,0.0000,0.0000,0.0000,0.0000,0.0000,0.0000,0.0000,0.0000,0.0000,0.0000,0.0000,0.0000,0.0000,0.0000,0.0000,0.0000,0.0000,0.0000,0.0000,0.0000,0.0000,0.0000,0.0000,0.0000,0.0000,0.0000,0.0000,0.0000,0.0000,0.0000,0.0000,0.0000,0.0000,0.0000,0.0000,0.0000,0.0000,0.0000,0.0000,0.0000,0.0000,0.0000,0.0000,0.0000,0.0000,0.0000,0.0000,0.0000,0.0000,0.0000,0.0000,0.0000,0.0000,0.0000,0.0000,0.0000,0.0000,0.0000,0.0000,0.0000,0.0000,0.0000,0.0000,0.0000,0.0000,0.0000,0.0000,0.0000,0.0000,0.0000,0.0000,0.0000,0.0000,0.0000,0.0000,0.0000,0.0000,0.0000,0.0000,0.0000,0.0000,0.0000,0.0000,0.0000,0.0000,0.0000,0.0000,0.0000,0.0000,0.0000,0.0000,0.0000,0.0000,0.0000,0.0000,0.0000,0.0000,0.0000,0.0000,0.0000,0.0000,0.0000,0.0000,0.0000,0.0000,0.0000,0.0000,0.0000,0.0000,0.0000,0.0000,0.0000,0.0000,0.0000,0.0000,0.0000,0.0000,0.0000,0.0000,0.0000,0.0000,0.0000,0.0000,0.0000,0.0000,0.0000,0.0000,0.0000,0.0000,0.0000,0.0000,0.0000,0.0000,0.0000,0.0000,0.0000,0.0000,0.0000,0.0000,0.0000,0.0000,0.0000,0.0000,0.0000,0.0000,0.0000,0.0000,0.0000,0.0000,0.0000,0.0000,0.0000,0.0000,0.0000,0.0000,0.0000,0.0000,0.0000,0.0000,0.0000,0.0000,0.0000,0.0000,0.0000,0.0000,0.0000,0.0000,0.0000,0.0000
