File Created:,Mon Jul 29 12:16:00 2024
Heat Source Version:,9.0.0b26
Simulation Name:,WFK23
User Text:,Westfork Kickapoo
Output:,Solar Radiation Flux below Land Cover (watts/square meter)
""
Datetime,23.500,23.400,23.300,23.200,23.100,23.000,22.900,22.800,22.700,22.600,22.500,22.400,22.300,22.200,22.100,22.000,21.900,21.800,21.700,21.600,21.500,21.400,21.300,21.200,21.100,21.000,20.900,20.800,20.700,20.600,20.500,20.400,20.300,20.200,20.100,20.000,19.900,19.800,19.700,19.600,19.500,19.400,19.300,19.200,19.100,19.000,18.900,18.800,18.700,18.600,18.500,18.400,18.300,18.200,18.100,18.000,17.900,17.800,17.700,17.600,17.500,17.400,17.300,17.200,17.100,17.000,16.900,16.800,16.700,16.600,16.500,16.400,16.300,16.200,16.100,16.000,15.900,15.800,15.700,15.600,15.500,15.400,15.300,15.200,15.100,15.000,14.900,14.800,14.700,14.600,14.500,14.400,14.300,14.200,14.100,14.000,13.900,13.800,13.700,13.600,13.500,13.400,13.300,13.200,13.100,13.000,12.900,12.800,12.700,12.600,12.500,12.400,12.300,12.200,12.100,12.000,11.900,11.800,11.700,11.600,11.500,11.400,11.300,11.200,11.100,11.000,10.900,10.800,10.700,10.600,10.500,10.400,10.300,10.200,10.100,10.000,9.900,9.800,9.700,9.600,9.500,9.400,9.300,9.200,9.100,9.000,8.900,8.800,8.700,8.600,8.500,8.400,8.300,8.200,8.100,8.000,7.900,7.800,7.700,7.600,7.500,7.400,7.300,7.200,7.100,7.000,6.900,6.800,6.700,6.600,6.500,6.400,6.300,6.200,6.100,6.000,5.900,5.800,5.700,5.600,5.500,5.400,5.300,5.200,5.100,5.000,4.900,4.800,4.700,4.600,4.500,4.400,4.300,4.200,4.100,4.000,3.900,3.800,3.700,3.600,3.500,3.400,3.300,3.200,3.100,3.000,2.900,2.800,2.700,2.600,2.500,2.400,2.300,2.200,2.100,2.000,1.900,1.800,1.700,1.600,1.500,1.400,1.300,1.200,1.100,1.000,0.900,0.800,0.700,0.600,0.500,0.400,0.300,0.200,0.100,0.000
45108.0000000,0.0000,0.0000,0.0000,0.0000,0.0000,0.0000,0.0000,0.0000,0.0000,0.0000,0.0000,0.0000,0.0000,0.0000,0.0000,0.0000,0.0000,0.0000,0.0000,0.0000,0.0000,0.0000,0.0000,0.0000,0.0000,0.0000,0.0000,0.0000,0.0000,0.0000,0.0000,0.0000,0.0000,0.0000,0.0000,0.0000,0.0000,0.0000,0.0000,0.0000,0.0000,0.0000,0.0000,0.0000,0.0000,0.0000,0.0000,0.0000,0.0000,0.0000,0.0000,0.0000,0.0000,0.0000,0.0000,0.0000,0.0000,0.0000,0.0000,0.0000,0.0000,0.0000,0.0000,0.0000,0.0000,0.0000,0.0000,0.0000,0.0000,0.0000,0.0000,0.0000,0.0000,0.0000,0.0000,0.0000,0.0000,0.0000,0.0000,0.0000,0.0000,0.0000,0.0000,0.0000,0.0000,0.0000,0.0000,0.0000,0.0000,0.0000,0.0000,0.0000,0.0000,0.0000,0.0000,0.0000,0.0000,0.0000,0.0000,0.0000,0.0000,0.0000,0.0000,0.0000,0.0000,0.0000,0.0000,0.0000,0.0000,0.0000,0.0000,0.0000,0.0000,0.0000,0.0000,0.0000,0.0000,0.0000,0.0000,0.0000,0.0000,0.0000,0.0000,0.0000,0.0000,0.0000,0.0000,0.0000,0.0000,0.0000,0.0000,0.0000,0.0000,0.0000,0.0000,0.0000,0.0000,0.0000,0.0000,0.0000,0.0000,0.0000,0.0000,0.0000,0.0000,0.0000,0.0000,0.0000,0.0000,0.0000,0.0000,0.0000,0.0000,0.0000,0.0000,0.0000,0.0000,0.0000,0.0000,0.0000,0.0000,0.0000,0.0000,0.0000,0.0000,0.0000,0.0000,0.0000,0.0000,0.0000,0.0000,0.0000,0.0000,0.0000,0.0000,0.0000,0.0000,0.0000,0.0000,0.0000,0.0000,0.0000,0.0000,0.0000,0.0000,0.0000,0.0000,0.0000,0.0000,0.0000,0.0000,0.0000,0.0000,0.0000,0.0000,0.0000,0.0000,0.0000,0.0000,0.0000,0.0000,0.0000,0.0000,0.0000,0.0000,0.0000,0.0000,0.0000,0.0000,0.0000,0.0000,0.0000,0.0000,0.0000,0.0000,0.0000,0.0000,0.0000,0.0000,0.0000,0.0000,0.0000,0.0000,0.0000,0.0000,0.0000,0.0000,0.0000,0.0000,0.0000,0.0000,0.0000,0.0000,0.0000,0.0000,0.0000
45108.0416667,0.0000,0.0000,0.0000,0.0000,0.0000,0.0000,0.0000,0.0000,0.0000,0.0000,0.0000,0.0000,0.0000,0.0000,0.0000,0.0000,0.0000,0.0000,0.0000,0.0000,0.0000,0.0000,0.0000,0.0000,0.0000,0.0000,0.0000,0.0000,0.0000,0.0000,0.0000,0.0000,0.0000,0.0000,0.0000,0.0000,0.0000,0.0000,0.0000,0.0000,0.0000,0.0000,0.0000,0.0000,0.0000,0.0000,0.0000,0.0000,0.0000,0.0000,0.0000,0.0000,0.0000,0.0000,0.0000,0.0000,0.0000,0.0000,0.0000,0.0000,0.0000,0.0000,0.0000,0.0000,0.0000,0.0000,0.0000,0.0000,0.0000,0.0000,0.0000,0.0000,0.0000,0.0000,0.0000,0.0000,0.0000,0.0000,0.0000,0.0000,0.0000,0.0000,0.0000,0.0000,0.0000,0.0000,0.0000,0.0000,0.0000,0.0000,0.0000,0.0000,0.0000,0.0000,0.0000,0.0000,0.0000,0.0000,0.0000,0.0000,0.0000,0.0000,0.0000,0.0000,0.0000,0.0000,0.0000,0.0000,0.0000,0.0000,0.0000,0.0000,0.0000,0.0000,0.0000,0.0000,0.0000,0.0000,0.0000,0.0000,0.0000,0.0000,0.0000,0.0000,0.0000,0.0000,0.0000,0.0000,0.0000,0.0000,0.0000,0.0000,0.0000,0.0000,0.0000,0.0000,0.0000,0.0000,0.0000,0.0000,0.0000,0.0000,0.0000,0.0000,0.0000,0.0000,0.0000,0.0000,0.0000,0.0000,0.0000,0.0000,0.0000,0.0000,0.0000,0.0000,0.0000,0.0000,0.0000,0.0000,0.0000,0.0000,0.0000,0.0000,0.0000,0.0000,0.0000,0.0000,0.0000,0.0000,0.0000,0.0000,0.0000,0.0000,0.0000,0.0000,0.0000,0.0000,0.0000,0.0000,0.0000,0.0000,0.0000,0.0000,0.0000,0.0000,0.0000,0.0000,0.0000,0.0000,0.0000,0.0000,0.0000,0.0000,0.0000,0.0000,0.0000,0.0000,0.0000,0.0000,0.0000,0.0000,0.0000,0.0000,0.0000,0.0000,0.0000,0.0000,0.0000,0.0000,0.0000,0.0000,0.0000,0.0000,0.0000,0.0000,0.0000,0.0000,0.0000,0.0000,0.0000,0.0000,0.0000,0.0000,0.0000,0.0000,0.0000,0.0000,0.0000,0.0000,0.0000,0.0000,0.0000,0.0000,0.0000,0.0000
45108.0833333,0.0000,0.0000,0.0000,0.0000,0.0000,0.0000,0.0000,0.0000,0.0000,0.0000,0.0000,0.0000,0.0000,0.0000,0.0000,0.0000,0.0000,0.0000,0.0000,0.0000,0.0000,0.0000,0.0000,0.0000,0.0000,0.0000,0.0000,0.0000,0.0000,0.0000,0.0000,0.0000,0.0000,0.0000,0.0000,0.0000,0.0000,0.0000,0.0000,0.0000,0.0000,0.0000,0.0000,0.0000,0.0000,0.0000,0.0000,0.0000,0.0000,0.0000,0.0000,0.0000,0.0000,0.0000,0.0000,0.0000,0.0000,0.0000,0.0000,0.0000,0.0000,0.0000,0.0000,0.0000,0.0000,0.0000,0.0000,0.0000,0.0000,0.0000,0.0000,0.0000,0.0000,0.0000,0.0000,0.0000,0.0000,0.0000,0.0000,0.0000,0.0000,0.0000,0.0000,0.0000,0.0000,0.0000,0.0000,0.0000,0.0000,0.0000,0.0000,0.0000,0.0000,0.0000,0.0000,0.0000,0.0000,0.0000,0.0000,0.0000,0.0000,0.0000,0.0000,0.0000,0.0000,0.0000,0.0000,0.0000,0.0000,0.0000,0.0000,0.0000,0.0000,0.0000,0.0000,0.0000,0.0000,0.0000,0.0000,0.0000,0.0000,0.0000,0.0000,0.0000,0.0000,0.0000,0.0000,0.0000,0.0000,0.0000,0.0000,0.0000,0.0000,0.0000,0.0000,0.0000,0.0000,0.0000,0.0000,0.0000,0.0000,0.0000,0.0000,0.0000,0.0000,0.0000,0.0000,0.0000,0.0000,0.0000,0.0000,0.0000,0.0000,0.0000,0.0000,0.0000,0.0000,0.0000,0.0000,0.0000,0.0000,0.0000,0.0000,0.0000,0.0000,0.0000,0.0000,0.0000,0.0000,0.0000,0.0000,0.0000,0.0000,0.0000,0.0000,0.0000,0.0000,0.0000,0.0000,0.0000,0.0000,0.0000,0.0000,0.0000,0.0000,0.0000,0.0000,0.0000,0.0000,0.0000,0.0000,0.0000,0.0000,0.0000,0.0000,0.0000,0.0000,0.0000,0.0000,0.0000,0.0000,0.0000,0.0000,0.0000,0.0000,0.0000,0.0000,0.0000,0.0000,0.0000,0.0000,0.0000,0.0000,0.0000,0.0000,0.0000,0.0000,0.0000,0.0000,0.0000,0.0000,0.0000,0.0000,0.0000,0.0000,0.0000,0.0000,0.0000,0.0000,0.0000,0.0000,0.0000,0.0000,0.0000,0.0000,0.0000
45108.1250000,0.0000,0.0000,0.0000,0.0000,0.0000,0.0000,0.0000,0.0000,0.0000,0.0000,0.0000,0.0000,0.0000,0.0000,0.0000,0.0000,0.0000,0.0000,0.0000,0.0000,0.0000,0.0000,0.0000,0.0000,0.0000,0.0000,0.0000,0.0000,0.0000,0.0000,0.0000,0.0000,0.0000,0.0000,0.0000,0.0000,0.0000,0.0000,0.0000,0.0000,0.0000,0.0000,0.0000,0.0000,0.0000,0.0000,0.0000,0.0000,0.0000,0.0000,0.0000,0.0000,0.0000,0.0000,0.0000,0.0000,0.0000,0.0000,0.0000,0.0000,0.0000,0.0000,0.0000,0.0000,0.0000,0.0000,0.0000,0.0000,0.0000,0.0000,0.0000,0.0000,0.0000,0.0000,0.0000,0.0000,0.0000,0.0000,0.0000,0.0000,0.0000,0.0000,0.0000,0.0000,0.0000,0.0000,0.0000,0.0000,0.0000,0.0000,0.0000,0.0000,0.0000,0.0000,0.0000,0.0000,0.0000,0.0000,0.0000,0.0000,0.0000,0.0000,0.0000,0.0000,0.0000,0.0000,0.0000,0.0000,0.0000,0.0000,0.0000,0.0000,0.0000,0.0000,0.0000,0.0000,0.0000,0.0000,0.0000,0.0000,0.0000,0.0000,0.0000,0.0000,0.0000,0.0000,0.0000,0.0000,0.0000,0.0000,0.0000,0.0000,0.0000,0.0000,0.0000,0.0000,0.0000,0.0000,0.0000,0.0000,0.0000,0.0000,0.0000,0.0000,0.0000,0.0000,0.0000,0.0000,0.0000,0.0000,0.0000,0.0000,0.0000,0.0000,0.0000,0.0000,0.0000,0.0000,0.0000,0.0000,0.0000,0.0000,0.0000,0.0000,0.0000,0.0000,0.0000,0.0000,0.0000,0.0000,0.0000,0.0000,0.0000,0.0000,0.0000,0.0000,0.0000,0.0000,0.0000,0.0000,0.0000,0.0000,0.0000,0.0000,0.0000,0.0000,0.0000,0.0000,0.0000,0.0000,0.0000,0.0000,0.0000,0.0000,0.0000,0.0000,0.0000,0.0000,0.0000,0.0000,0.0000,0.0000,0.0000,0.0000,0.0000,0.0000,0.0000,0.0000,0.0000,0.0000,0.0000,0.0000,0.0000,0.0000,0.0000,0.0000,0.0000,0.0000,0.0000,0.0000,0.0000,0.0000,0.0000,0.0000,0.0000,0.0000,0.0000,0.0000,0.0000,0.0000,0.0000,0.0000,0.0000,0.0000,0.0000,0.0000
45108.1666667,0.0000,0.0000,0.0000,0.0000,0.0000,0.0000,0.0000,0.0000,0.0000,0.0000,0.0000,0.0000,0.0000,0.0000,0.0000,0.0000,0.0000,0.0000,0.0000,0.0000,0.0000,0.0000,0.0000,0.0000,0.0000,0.0000,0.0000,0.0000,0.0000,0.0000,0.0000,0.0000,0.0000,0.0000,0.0000,0.0000,0.0000,0.0000,0.0000,0.0000,0.0000,0.0000,0.0000,0.0000,0.0000,0.0000,0.0000,0.0000,0.0000,0.0000,0.0000,0.0000,0.0000,0.0000,0.0000,0.0000,0.0000,0.0000,0.0000,0.0000,0.0000,0.0000,0.0000,0.0000,0.0000,0.0000,0.0000,0.0000,0.0000,0.0000,0.0000,0.0000,0.0000,0.0000,0.0000,0.0000,0.0000,0.0000,0.0000,0.0000,0.0000,0.0000,0.0000,0.0000,0.0000,0.0000,0.0000,0.0000,0.0000,0.0000,0.0000,0.0000,0.0000,0.0000,0.0000,0.0000,0.0000,0.0000,0.0000,0.0000,0.0000,0.0000,0.0000,0.0000,0.0000,0.0000,0.0000,0.0000,0.0000,0.0000,0.0000,0.0000,0.0000,0.0000,0.0000,0.0000,0.0000,0.0000,0.0000,0.0000,0.0000,0.0000,0.0000,0.0000,0.0000,0.0000,0.0000,0.0000,0.0000,0.0000,0.0000,0.0000,0.0000,0.0000,0.0000,0.0000,0.0000,0.0000,0.0000,0.0000,0.0000,0.0000,0.0000,0.0000,0.0000,0.0000,0.0000,0.0000,0.0000,0.0000,0.0000,0.0000,0.0000,0.0000,0.0000,0.0000,0.0000,0.0000,0.0000,0.0000,0.0000,0.0000,0.0000,0.0000,0.0000,0.0000,0.0000,0.0000,0.0000,0.0000,0.0000,0.0000,0.0000,0.0000,0.0000,0.0000,0.0000,0.0000,0.0000,0.0000,0.0000,0.0000,0.0000,0.0000,0.0000,0.0000,0.0000,0.0000,0.0000,0.0000,0.0000,0.0000,0.0000,0.0000,0.0000,0.0000,0.0000,0.0000,0.0000,0.0000,0.0000,0.0000,0.0000,0.0000,0.0000,0.0000,0.0000,0.0000,0.0000,0.0000,0.0000,0.0000,0.0000,0.0000,0.0000,0.0000,0.0000,0.0000,0.0000,0.0000,0.0000,0.0000,0.0000,0.0000,0.0000,0.0000,0.0000,0.0000,0.0000,0.0000,0.0000,0.0000,0.0000,0.0000,0.0000,0.0000
45108.2083333,0.0000,0.0000,0.0000,0.0000,0.0000,0.0000,0.0000,0.0000,0.0000,0.0000,0.0000,0.0000,0.0000,0.0000,0.0000,0.0000,0.0000,0.0000,0.0000,0.0000,0.0000,0.0000,0.0000,0.0000,0.0000,0.0000,0.0000,0.0000,0.0000,0.0000,0.0000,0.0000,0.0000,0.0000,0.0000,0.0000,0.0000,0.0000,0.0000,0.0000,0.0000,0.0000,0.0000,0.0000,0.0000,0.0000,0.0000,0.0000,0.0000,0.0000,0.0000,0.0000,0.0000,0.0000,0.0000,0.0000,0.0000,0.0000,0.0000,0.0000,0.0000,0.0000,0.0000,0.0000,0.0000,0.0000,0.0000,0.0000,0.0000,0.0000,0.0000,0.0000,0.0000,0.0000,0.0000,0.0000,0.0000,0.0000,0.0000,0.0000,0.0000,0.0000,0.0000,0.0000,0.0000,0.0000,0.0000,0.0000,0.0000,0.0000,0.0000,0.0000,0.0000,0.0000,0.0000,0.0000,0.0000,0.0000,0.0000,0.0000,0.0000,0.0000,0.0000,0.0000,0.0000,0.0000,0.0000,0.0000,0.0000,0.0000,0.0000,0.0000,0.0000,0.0000,0.0000,0.0000,0.0000,0.0000,0.0000,0.0000,0.0000,0.0000,0.0000,0.0000,0.0000,0.0000,0.0000,0.0000,0.0000,0.0000,0.0000,0.0000,0.0000,0.0000,0.0000,0.0000,0.0000,0.0000,0.0000,0.0000,0.0000,0.0000,0.0000,0.0000,0.0000,0.0000,0.0000,0.0000,0.0000,0.0000,0.0000,0.0000,0.0000,0.0000,0.0000,0.0000,0.0000,0.0000,0.0000,0.0000,0.0000,0.0000,0.0000,0.0000,0.0000,0.0000,0.0000,0.0000,0.0000,0.0000,0.0000,0.0000,0.0000,0.0000,0.0000,0.0000,0.0000,0.0000,0.0000,0.0000,0.0000,0.0000,0.0000,0.0000,0.0000,0.0000,0.0000,0.0000,0.0000,0.0000,0.0000,0.0000,0.0000,0.0000,0.0000,0.0000,0.0000,0.0000,0.0000,0.0000,0.0000,0.0000,0.0000,0.0000,0.0000,0.0000,0.0000,0.0000,0.0000,0.0000,0.0000,0.0000,0.0000,0.0000,0.0000,0.0000,0.0000,0.0000,0.0000,0.0000,0.0000,0.0000,0.0000,0.0000,0.0000,0.0000,0.0000,0.0000,0.0000,0.0000,0.0000,0.0000,0.0000,0.0000,0.0000,0.0000
45108.2500000,2.6001,4.8178,7.3611,5.8348,8.3059,7.9979,7.5533,5.6327,8.8754,8.6023,7.8009,8.0354,7.7601,8.2171,7.1944,8.3279,9.9634,9.5895,8.6163,7.4645,8.7931,4.4910,5.7974,7.0558,7.5273,11.2446,6.5067,3.7594,9.1382,4.6235,6.3597,3.6007,4.9562,7.8374,6.7853,6.8409,8.6581,9.0775,4.3214,10.7479,9.0291,9.9050,5.7518,7.3814,11.9212,10.7383,8.7145,7.7261,7.5129,6.1349,8.6904,9.0512,10.0880,9.5853,5.8770,4.1359,5.4356,6.8484,10.6099,9.4633,10.2489,8.4101,3.6546,3.2039,5.7418,4.7247,8.2324,8.2416,7.5832,7.9252,8.9221,6.4305,5.4672,8.0984,6.7432,11.5217,12.3587,13.1340,13.2096,11.0251,13.6395,11.2906,9.5343,8.4916,6.1787,8.2799,9.9412,8.2969,8.4619,9.4015,8.2663,9.4793,10.5748,9.2517,7.3418,7.6567,8.5064,8.1828,8.9960,8.7602,10.0789,9.9549,9.4521,9.2628,11.3054,11.0854,9.2440,7.8492,6.2286,10.3258,10.0299,9.2602,9.3578,9.1484,9.6374,8.8816,8.0624,10.0018,8.4621,9.3798,7.8100,10.2287,7.7130,10.3416,6.0206,9.7424,11.5944,11.7696,9.3984,6.3006,7.9984,8.2694,7.7040,7.3198,7.9404,7.9831,8.3571,10.1508,8.8352,8.2505,5.9121,9.8285,8.1475,9.6733,9.7553,5.9167,7.4465,9.0353,7.4357,5.9060,7.5084,7.5455,9.0810,4.6195,7.2517,8.8050,10.7682,9.1972,9.3716,9.8233,11.1907,9.4379,9.7201,10.8940,10.4183,8.0686,10.2394,9.0601,10.4987,10.6600,6.9248,9.3749,7.8285,11.6014,12.1001,11.1766,9.5559,9.9903,9.2241,11.8261,11.0877,9.6788,8.6707,8.8565,7.7600,10.3638,10.4829,10.5667,10.6491,10.7318,10.8155,10.8641,10.9472,11.0315,11.1171,11.2029,11.2898,11.3781,11.4679,11.5592,11.6520,11.7465,11.8427,11.9407,12.0404,12.1420,12.2455,12.3510,12.4585,12.5680,12.6797,12.7935,12.9095,13.0277,13.1482,13.2709,13.3960,13.5233,13.6530,13.7850,13.9192,14.0558,14.1945,14.3355,14.4786,14.6237,14.7708,14.9198,15.0706,15.2230,15.3769,15.5321,15.6885,15.8459,15.8889,16.0512
45108.2916667,8.5560,15.8544,24.5513,19.2027,27.3366,26.6663,24.8611,18.5397,29.3602,28.3818,25.7322,26.4196,25.7754,27.1782,23.8138,27.5367,35.0793,31.6392,28.4326,24.5705,28.9448,14.7840,19.1118,24.1703,25.6438,37.5187,21.4466,12.4646,30.4311,15.4084,21.0138,11.8919,20.6465,28.9926,22.3440,22.5138,28.8123,30.3902,16.4794,35.5698,29.7362,32.6913,20.5926,25.0976,40.3239,35.3706,28.7046,25.4491,24.7469,20.2086,29.1208,30.4395,34.4300,31.7827,19.4572,14.0103,18.0814,22.7919,35.1152,31.5147,34.4421,27.8075,13.8652,11.3976,25.9024,15.5684,27.1268,27.1573,24.9880,26.4487,29.6054,21.4595,18.3649,27.0262,22.8207,52.8406,46.7830,58.1535,58.4022,51.1999,59.8132,37.4612,31.7678,34.9583,21.0203,27.8176,33.2677,27.8283,27.8968,30.9944,27.2519,31.2502,34.8661,30.5030,24.2040,25.3426,28.0468,26.9834,29.7278,29.5370,33.4671,32.8275,31.1695,31.8173,37.6894,36.5622,31.0277,27.0829,21.6381,33.5859,47.8580,30.6967,31.5106,30.5105,32.1932,30.2177,26.8454,33.1831,28.0719,31.2805,25.9948,35.2061,25.6666,34.3740,20.3453,33.9475,38.4794,39.1671,31.2310,20.8382,26.7266,28.1523,27.0271,38.9425,26.6053,28.3497,28.2896,40.4297,43.9398,27.2214,20.0428,33.0781,27.3759,31.9190,32.1902,19.5239,24.6432,29.8161,24.7748,19.7165,25.0870,25.1135,30.0422,16.1868,24.2069,29.1212,35.7751,30.4269,31.0627,32.4189,36.9315,31.1469,35.9249,36.1434,34.6375,26.5522,34.5098,30.4231,35.6980,39.5211,22.9788,45.7109,25.8997,38.9690,40.1893,40.1354,32.0942,33.1992,30.7392,39.2297,36.8377,32.0294,29.0501,29.5676,25.7338,34.3067,34.7102,34.9979,35.4875,35.5627,35.8530,36.0287,36.3198,36.6165,36.9192,37.2247,37.5360,37.8543,37.9807,38.5274,38.8714,39.2246,39.5874,39.9606,40.3447,40.7405,41.1487,41.5699,43.3546,42.3634,42.8173,43.2865,43.7721,44.2749,44.7961,45.3368,45.8982,46.4817,47.0886,46.4306,48.5859,49.2974,50.0420,50.8221,51.6403,52.4994,53.4026,54.3532,55.3549,56.4118,65.5185,66.0309,66.5472,67.0667,67.2086,67.7442
45108.3333333,17.1553,31.7897,49.5592,38.5050,54.8163,54.8424,49.8539,37.1776,64.7624,59.4775,53.8161,55.6246,53.8978,56.2899,47.8436,55.4537,124.4540,66.1575,115.5607,50.8779,63.5283,31.0932,39.9997,64.0149,57.4890,75.9018,45.0227,26.9252,66.3017,38.3513,49.4785,31.3982,91.3489,82.9323,47.9194,46.6905,61.3935,71.5809,36.2990,77.9649,59.6472,68.2468,43.5676,51.2899,80.2674,92.2933,60.4292,51.0518,49.6433,46.7531,75.7471,78.6979,125.2127,70.8679,41.3385,39.9756,43.3889,52.2962,75.2702,65.5687,126.2744,58.6222,30.3640,23.8936,64.0136,31.2364,112.9192,71.0489,108.6268,53.4835,61.9282,45.6780,48.5083,55.6713,48.6561,134.6603,140.1941,145.3207,145.8197,131.3669,148.6502,82.5831,70.8266,114.5970,42.9439,57.3753,67.5584,56.3701,55.9856,62.2020,62.9687,67.1600,81.3837,119.6063,54.6300,53.0552,58.6628,57.0511,61.4829,116.3398,67.0663,78.5565,65.5153,119.6635,93.9064,90.6738,63.4104,83.0540,55.3054,124.4164,124.6532,80.6392,67.6010,62.3180,81.2674,117.1202,54.0729,66.8078,62.6406,67.5845,52.2266,126.0270,51.9431,76.5336,40.4910,70.6820,84.9923,80.2811,70.4499,44.0356,59.6485,73.4660,109.2943,106.7473,54.0773,59.7835,56.7494,125.4953,116.7789,56.0174,43.8661,66.0280,54.1207,66.8400,68.4469,40.1284,56.9353,61.6438,51.1179,44.2741,50.1171,50.4289,61.3177,34.8954,51.9761,60.6186,79.4312,61.7613,68.0054,67.5798,132.3692,64.1670,95.4376,72.4913,72.0352,61.1061,71.1207,118.2439,127.7781,128.8469,49.6052,120.3305,59.3039,135.0862,88.3279,132.2709,65.8329,74.0921,63.8431,85.2322,81.7694,66.7914,57.9422,59.9137,51.5320,71.5992,72.5534,73.2823,74.0122,74.7540,75.5139,76.0526,76.8322,77.6327,78.4552,79.2936,80.1546,81.0410,81.9542,82.8954,83.8661,84.8678,85.9018,87.2304,88.3568,89.5222,90.7286,91.9780,93.2724,94.6139,96.0048,97.4474,98.9441,100.4974,102.1099,103.7843,105.5235,107.3304,109.2080,111.1594,113.1880,115.2972,117.4905,153.2015,154.1499,155.1120,156.0871,157.0747,158.0739,159.0840,160.1040,161.1329,162.1696,163.2129,163.4979,164.5733
45108.3750000,25.4624,59.4776,75.7458,57.1527,118.7394,91.5482,74.0008,87.8485,127.6242,99.1381,89.3317,93.7276,90.8208,85.0491,75.2330,90.1897,231.0087,109.3590,217.8072,75.1879,129.3006,51.7539,60.0559,103.4838,78.3524,243.5299,68.1505,48.8277,127.4996,99.2675,83.5230,89.2367,181.8519,209.9933,199.7797,200.2813,114.6735,107.0457,56.2625,238.6289,93.5622,140.2340,66.0058,76.3613,250.1124,238.5075,100.7571,75.7985,87.3824,69.6543,218.4063,221.9469,232.1168,227.1824,71.2541,125.2727,60.4450,109.9936,237.2340,108.4725,233.6927,98.1892,46.6995,44.7507,110.2190,46.3836,213.8548,213.9440,207.4807,83.9308,220.6239,69.0359,128.4830,91.5997,93.5795,246.1370,254.3545,261.9675,262.7081,241.2438,266.9085,243.8329,108.4526,216.3357,63.8787,85.8803,107.3845,83.7025,83.1484,225.2565,214.1021,123.8267,162.4803,223.7696,110.5187,86.4320,96.6872,95.5393,101.1578,218.9138,114.6184,230.6551,108.3837,223.8498,243.9311,241.7686,142.4342,142.8711,89.0451,230.9087,231.2605,223.8164,102.1787,101.1968,227.5093,220.0662,89.8228,102.8844,215.9225,127.9158,79.5589,233.2933,85.0828,234.4011,66.1053,133.5495,246.7230,248.4444,225.1123,66.1725,119.8562,213.9980,208.4329,204.6486,109.2283,82.0512,91.0723,232.4989,219.5494,88.7476,63.9353,111.9053,212.7745,109.3183,123.7086,68.7360,205.8695,118.4509,205.7498,66.4803,206.4621,78.0938,91.3588,120.0129,78.5781,99.3659,238.5493,91.7274,129.9370,101.2400,242.7068,225.4505,228.2270,113.1639,166.0430,132.1436,123.4631,221.7186,235.8841,237.4719,121.8132,224.8189,86.3184,246.7420,251.6519,242.5592,103.3033,230.8779,105.3083,157.3058,241.6835,109.3098,89.4700,95.5632,83.3064,117.3891,119.1958,120.6800,122.1784,123.7074,125.2766,126.5306,128.1564,129.8274,131.5455,133.3020,135.1070,136.9651,138.8784,140.8492,142.8799,144.9727,147.1302,149.3549,151.6495,154.0165,156.4588,158.9793,161.5808,164.2663,167.0390,169.9019,172.8584,175.9117,179.0653,263.1723,264.4037,265.6578,266.9348,268.2344,269.5566,270.9012,272.2678,273.6559,275.0650,276.4945,277.9433,279.4106,280.8953,282.3961,283.9116,285.4403,286.9806,288.5308,288.9542,290.5520
45108.4166667,52.4425,76.0043,137.8674,99.9081,377.2070,142.3072,140.2042,100.8035,384.2283,153.1233,140.5361,146.8849,142.9507,147.7405,95.5989,145.6718,397.6707,166.7117,381.0062,104.8271,149.8958,100.5314,93.7166,138.6679,139.0368,413.4576,125.4502,65.6716,387.3620,151.5237,352.9643,138.8601,335.5794,371.1065,358.2099,358.8417,381.2307,188.9903,83.1962,407.2534,385.9574,166.1528,83.5151,93.6565,421.7389,407.0855,155.7197,126.5049,135.6256,131.2541,381.6987,386.1696,399.0104,392.7781,106.7947,211.9129,91.2430,358.8621,405.4700,165.9104,400.9985,152.9889,57.0109,54.6808,208.0856,177.9502,375.9230,376.0351,367.8722,147.0328,384.4710,87.8736,206.6056,143.4384,108.4149,416.6875,427.0661,436.6814,437.6154,410.4983,442.9073,413.7585,164.8791,379.0245,78.0992,114.3211,126.4795,103.9001,378.6193,390.2836,376.1926,391.2537,404.8198,388.3980,364.7139,132.2320,148.6680,148.9794,152.9736,382.2504,173.6380,397.0830,165.6664,388.4841,413.8560,411.1240,388.0623,216.6801,154.0409,397.4011,397.8454,388.4380,143.5010,150.9813,393.0957,383.6856,127.9999,169.5475,378.4409,389.8410,130.5720,400.3881,127.5246,401.7867,82.8137,394.3305,417.3556,419.5301,390.0433,122.8904,372.6281,375.9948,368.9608,364.1765,371.8830,130.6264,134.6616,399.3692,383.0024,375.7479,83.0778,395.3502,374.4367,165.1628,394.4308,78.8982,365.7066,385.4577,365.5492,102.8216,366.4474,109.4944,138.4987,195.8804,114.3733,150.7715,407.0020,133.3676,389.6194,167.6901,412.2560,390.4447,393.9532,153.1295,245.9802,193.0947,219.4946,385.7214,403.6268,405.6338,180.0369,389.6404,129.2858,417.3515,423.5574,412.0644,150.7200,397.2990,160.7520,420.1477,410.9572,165.0275,380.8625,139.6049,122.5826,176.9381,180.0120,182.6981,185.4221,188.2053,191.0603,193.5381,196.5075,199.5561,202.6867,205.8887,209.1752,212.5523,216.0233,219.5914,223.2598,227.0319,230.9112,421.5543,422.7960,424.0607,425.3493,426.6623,428.0004,429.3641,430.7541,432.1709,433.6148,435.0865,436.5862,438.1142,439.6709,441.2562,442.8703,444.5131,446.1845,447.8842,449.6116,451.3663,453.1476,454.9544,456.7859,458.6407,460.5174,462.4145,464.3302,466.2627,468.2098,470.1693,470.7045,472.7242
45108.4583333,54.5135,74.8363,194.9482,551.2123,582.0726,197.3009,197.2565,143.3852,589.1610,585.7431,575.7184,205.0185,574.7907,580.9100,568.1242,199.0422,602.7471,225.2397,211.1372,130.2616,588.0856,122.6681,125.8800,158.2020,197.0963,618.6753,559.3371,172.2558,592.2644,129.1643,557.4665,190.3531,306.6244,269.8776,562.7612,563.3975,586.0432,591.4468,126.5641,612.3657,590.8131,220.5605,77.3337,110.2135,626.9930,612.1661,213.8837,266.6718,192.8150,94.3309,205.0529,590.9930,603.9843,220.6744,130.9823,121.2462,128.0371,563.3529,610.5166,596.1421,605.9924,212.0334,85.6261,73.5675,95.5066,160.0614,580.5693,580.6816,200.8885,206.0191,217.4154,151.5758,135.8691,578.8729,155.6005,621.8173,632.3229,642.0562,642.9986,615.5340,648.3271,618.8142,596.7469,208.0523,81.6744,134.5253,601.1113,348.3593,583.2157,595.0274,580.7592,596.0126,609.7305,593.1039,186.9653,177.0944,202.5738,206.7916,204.2462,212.8841,603.4402,601.8720,595.5447,593.1611,618.8591,616.0926,592.7354,575.3553,359.4180,602.1895,228.2227,214.8953,594.3199,203.6743,597.8083,588.2655,169.9729,602.3421,582.9353,594.4807,173.3885,605.1636,573.4722,606.5776,552.1354,599.0192,622.3469,624.5481,594.6696,555.6367,577.0198,311.9803,128.2541,156.9183,265.4277,576.7968,581.5128,604.1011,206.9830,580.1727,550.6643,600.0230,578.8279,598.0574,599.0857,144.7958,569.9751,589.9832,165.5740,144.3320,166.8635,175.9370,590.5426,131.3876,162.3486,587.0499,611.8078,591.9904,207.0242,599.8844,617.1310,595.0250,227.4253,343.7666,337.0873,576.5261,605.1034,590.2255,608.3741,610.4083,193.8289,594.1981,172.3542,622.2855,628.5752,616.9266,194.0239,601.9607,217.6960,625.1199,238.3617,220.6309,200.7837,587.6290,190.2947,606.6351,608.1386,609.1955,610.2357,611.2786,612.3353,612.9487,613.9974,615.0613,616.1410,617.2237,618.3201,619.4344,620.5671,621.7191,622.8909,624.0834,625.2972,626.5330,627.7916,629.0736,630.3798,631.7107,633.0671,634.4494,635.8584,637.2945,638.7582,640.2499,641.7701,643.3190,644.8969,646.5039,648.1400,649.8053,651.4995,653.2223,654.9734,656.7521,658.5576,660.3892,662.2456,664.1257,666.0281,667.9511,669.8930,671.8518,673.8255,675.8118,676.3543,678.4016
45108.5000000,43.3467,133.1565,641.9467,622.1377,654.1279,650.1080,644.3380,169.6159,661.4745,657.9312,647.5387,650.1476,646.5768,652.9203,639.6655,654.3579,675.5580,670.7092,658.0854,643.1491,660.3574,146.9232,147.5879,184.4129,643.8548,692.0652,630.5470,92.1443,664.6825,154.5644,628.6063,123.5405,160.0787,647.6234,634.0938,634.7531,658.2301,663.8319,283.4383,685.5190,663.1735,674.5367,134.2270,129.8441,700.6798,685.3079,659.0083,646.1597,643.3887,152.6367,658.6644,663.3550,676.8237,670.2821,153.7114,146.0036,151.1874,634.6975,683.5957,668.6926,678.9052,655.0020,71.8729,88.6615,135.6813,282.7101,652.5401,652.6565,644.0901,648.5398,661.5085,629.0894,162.8706,650.7806,181.9164,695.3046,706.1970,716.2888,717.2654,688.7874,722.7861,692.1856,669.3050,655.7219,112.8149,199.2041,673.8274,257.7772,655.2722,667.5194,652.7252,668.5413,682.7623,665.5229,640.6721,644.7253,655.7891,651.5056,662.1117,659.0376,676.2371,674.6105,668.0498,665.5780,692.2243,689.3558,665.1369,647.1141,354.7058,674.9392,675.4055,665.5206,666.7777,664.0284,670.3934,660.4967,196.3590,675.0918,654.9672,666.9384,646.4354,678.0156,645.1531,679.4815,623.0270,671.6432,695.8328,698.1151,667.1321,626.6564,648.8294,652.3651,192.5892,191.5761,648.0317,648.5967,653.4871,676.9096,659.7092,652.0976,621.4965,672.6800,650.7008,670.6411,671.7071,621.5238,641.5198,662.2667,192.4276,170.0355,642.2796,642.7665,662.8460,157.2162,188.9137,659.2235,684.8972,664.3464,666.6254,672.5324,690.4171,667.4933,671.1786,686.5302,677.4904,648.3082,677.9429,662.5145,681.3347,683.4441,634.5829,666.6342,646.4052,695.7609,702.2833,690.2037,222.2367,674.6840,664.4897,698.7003,689.0394,670.5931,657.3989,659.8204,645.4577,679.5294,681.0886,682.1846,683.2632,684.3448,685.4406,686.0766,687.1642,688.2675,689.3872,690.5099,691.6469,692.8024,693.9771,695.1717,696.3869,697.6235,698.8822,700.1638,701.4690,702.7985,704.1530,705.5332,706.9397,708.3733,709.8344,711.3236,712.8415,714.3885,715.9649,717.5711,719.2074,720.8739,722.5706,724.2975,726.0545,727.8411,729.6569,731.5015,733.3739,735.2732,737.1984,739.1481,741.1209,743.1150,745.1288,747.1602,749.2069,751.2668,751.8293,753.9524
45108.5416667,99.5844,621.6831,655.7196,635.2499,668.3094,664.1561,658.1936,632.4668,675.9024,672.2409,661.5015,664.1976,660.5076,667.0630,653.3657,668.5488,690.4567,685.4461,672.4010,656.9662,674.7495,152.5779,634.5601,188.4100,657.6986,707.5185,189.3823,98.0667,679.2236,165.2460,188.3447,81.8455,166.4630,661.5963,647.6158,648.2973,672.5577,678.3465,162.1761,700.7572,677.6671,689.4097,177.2849,203.3385,716.4262,700.5418,673.3655,660.0886,657.2252,179.6665,673.0110,677.8580,691.7758,685.0164,162.4677,148.0900,159.9052,188.1502,698.7739,683.3740,693.9270,669.2271,141.9936,100.4088,149.5871,619.5321,666.6877,666.8080,657.9563,662.5543,675.9550,642.4560,629.4903,664.8701,192.6576,710.8780,722.1332,732.5611,733.5705,704.1454,739.2779,707.6587,684.0165,669.9813,638.7568,664.3221,688.6913,667.2968,669.5185,682.1732,666.8866,683.2289,697.9249,680.1116,654.4325,658.6221,670.0545,665.6304,676.5893,673.4129,691.1846,689.5042,682.7252,680.1714,707.7039,704.7399,679.7154,661.0940,637.0684,689.8442,690.3260,680.1128,681.4122,678.5719,685.1491,674.9243,206.6934,690.0055,214.0991,681.5822,660.3977,693.0278,659.0732,694.5426,185.8067,686.4442,711.4378,713.7961,681.7838,639.9632,209.2191,666.5266,202.8038,202.1256,662.0502,662.6338,215.5363,691.8879,674.1162,666.2509,634.6343,687.5182,664.8091,685.4120,686.5136,634.6634,655.3236,676.7604,203.1770,181.0158,656.1102,656.6132,677.3595,166.4270,199.0237,673.6171,700.1435,678.9104,681.2651,687.3682,705.8469,682.1618,685.9696,701.8310,692.4917,662.3407,692.9595,677.0187,696.4639,698.6433,648.1597,681.2752,660.3746,711.3690,718.1081,705.6273,683.7208,689.5923,679.0596,714.4060,704.4244,685.3661,671.7340,674.2362,659.3971,694.5999,696.2108,697.3433,698.4577,699.5752,700.7073,701.3645,702.4881,703.6281,704.7850,705.9449,707.1197,708.3136,709.5273,710.7615,712.0170,713.2947,714.5952,715.9194,717.2679,718.6415,720.0410,721.4670,722.9202,724.4013,725.9110,727.4496,729.0179,730.6162,732.2450,733.9046,735.5952,737.3170,739.0700,740.8542,742.6695,744.5154,746.3916,748.2973,750.2319,752.1943,754.1834,756.1978,758.2361,760.2965,762.3771,764.4758,766.5905,768.7188,769.3000,771.4936
45108.5833333,80.7024,511.1994,548.0910,141.9245,561.7518,557.2587,550.7988,162.2782,569.9899,566.0228,554.3860,557.3083,553.3101,560.4149,545.5726,562.0265,585.7677,580.3387,566.2038,549.4789,568.7545,135.9326,525.2170,543.4732,550.3019,604.2875,128.0122,60.4250,573.6445,146.3658,171.4489,103.7172,148.6651,554.5556,539.4125,540.1532,566.4389,572.7120,142.1294,596.9912,571.9841,584.7089,160.3494,547.9725,613.9894,596.7834,567.3461,552.9657,549.8642,529.8046,566.9705,572.2205,587.2976,579.9785,142.5295,130.9978,141.3494,168.8921,594.8812,578.2005,589.6308,562.8773,121.9419,94.5860,103.7147,121.0011,560.1681,560.2993,550.7133,555.6928,570.2057,533.9277,139.5812,558.2041,538.4432,608.0352,620.2236,631.5158,632.6116,600.7602,638.8169,604.5819,578.9839,563.7873,530.0032,557.6800,584.0624,560.8984,563.3037,577.0040,560.4537,578.1445,594.0714,574.7841,546.9712,551.5209,563.9011,559.1295,570.9925,567.5538,586.7918,584.9754,577.6378,574.8742,604.6773,601.4684,574.3793,554.2296,528.2214,585.3474,585.8692,574.8172,576.2284,573.1587,580.2826,569.2245,557.2554,585.5553,200.1527,215.2289,553.5213,588.8375,552.0917,590.4794,527.3567,581.7185,608.7681,611.3219,576.6797,171.0823,556.2184,200.0830,184.2811,137.2558,555.3383,555.9680,561.4353,587.6295,568.4000,559.8806,525.6781,222.8931,198.3646,580.6295,581.8235,127.6755,155.5186,571.2776,187.0616,163.7829,548.9394,549.4828,571.9308,147.3083,545.1830,567.8850,596.5870,573.6143,576.1627,582.7662,602.7595,577.1324,581.2541,598.4164,588.3166,555.6969,588.8251,212.2847,592.6167,594.9748,540.3540,576.1832,553.5698,608.7429,616.0346,602.5308,578.8292,585.1818,573.7871,612.0286,601.2297,580.6140,565.8665,568.5762,552.5260,590.6115,592.3543,593.5795,594.7852,595.9942,597.2191,597.9301,599.1457,600.3790,601.6306,602.8856,604.1566,605.4482,606.7613,608.0966,609.4550,610.8373,612.2443,613.6769,615.1358,616.6219,618.1360,619.6788,621.2511,622.8535,624.4867,626.1514,627.8481,629.5773,631.3394,633.1349,634.9640,636.8268,638.7234,640.6537,642.6176,644.6147,646.6445,648.7063,650.7993,652.9223,655.0743,657.2537,659.4589,661.6880,663.9390,666.2096,668.4975,670.8000,671.4288,673.8020
45108.6250000,73.1425,151.7797,184.2957,129.0436,588.7183,204.6446,579.0036,150.2940,596.0131,592.4963,582.1813,584.7710,581.2268,587.5235,177.4104,588.9509,609.9936,605.1811,592.6514,577.8264,594.9082,125.1117,138.6804,572.4863,162.5329,626.3867,116.9688,54.6954,292.2856,136.5852,159.8477,71.2682,137.6723,248.4036,236.6576,569.5118,213.2038,598.3734,132.9126,619.8977,597.7222,223.3606,310.4885,576.4211,634.9509,619.6952,593.5946,580.8434,578.0934,264.5330,593.2556,597.9106,611.2778,604.7864,129.5922,85.1546,129.2131,143.2313,617.9995,603.2093,613.3444,589.6224,112.8773,86.0129,91.4916,124.9881,183.0403,587.3064,578.8054,583.2212,213.2335,146.9721,127.3612,585.4459,188.5219,629.6318,640.4408,650.4553,651.4252,623.1687,656.9105,626.5456,603.8413,590.3628,560.3812,584.9316,608.3336,587.7879,589.9215,602.0739,587.3939,603.0873,617.2029,600.0962,165.4869,183.9271,207.8296,586.1938,596.7174,593.6672,610.7331,609.1199,602.6102,281.7026,626.5969,623.7506,599.7199,581.8394,558.7679,609.4470,609.9098,600.1028,601.3514,219.6984,604.9415,202.0443,206.1366,609.6077,183.4153,197.0367,187.1945,612.5117,173.9675,235.0393,557.9567,606.1910,630.1909,632.4557,601.7167,174.8689,293.3973,301.2888,121.9184,158.3563,582.7704,583.3304,588.1822,611.4216,214.5927,189.9840,293.5529,204.0037,182.2438,605.2046,606.2627,114.7008,139.9830,596.8990,172.0823,151.2904,173.6010,577.5546,597.4751,295.4675,573.7377,213.5470,619.3528,598.9652,601.2263,607.0864,624.8294,274.3969,605.7438,620.9738,612.0071,583.0571,612.4567,194.6849,615.8216,617.9143,569.4407,601.2376,581.1692,630.1332,636.6040,624.6201,603.5859,609.2236,599.1105,633.0492,623.4651,605.1664,207.0837,594.4804,197.4421,614.0338,615.5806,616.6679,617.7379,618.8109,619.8980,620.5290,621.6079,622.7024,623.8132,624.9270,626.0550,627.2013,628.3666,629.5517,630.7573,631.9840,633.2328,634.5042,635.7990,637.1179,638.4616,639.8308,641.2262,642.6483,644.0978,645.5752,647.0810,648.6157,650.1796,651.7730,653.3963,655.0495,656.7328,658.4459,660.1889,661.9613,663.7627,665.5926,667.4501,669.3343,671.2442,673.1784,675.1355,677.1138,679.1115,681.1267,683.1572,685.2007,685.7587,687.8650
45108.6666667,107.7722,74.8775,138.3761,99.4061,407.2369,152.5319,150.8488,93.5840,414.4601,165.3850,136.8875,158.6498,152.0709,160.7209,133.5925,162.6995,183.5417,178.7771,164.2442,146.7533,126.3157,68.9418,104.3628,125.9592,101.8299,444.5307,91.5638,66.2652,144.0314,74.4067,253.2218,58.4257,80.8316,176.1273,188.2203,155.3059,411.3695,416.8674,153.4779,192.0884,148.3917,174.4035,122.9617,150.4150,453.0472,437.9697,167.6789,399.5728,145.0172,131.7137,157.4712,416.4478,429.6600,174.6059,173.2917,79.1446,100.1682,117.4937,436.3064,177.6717,187.8317,164.3889,119.0963,97.0744,374.2456,129.1154,405.9004,406.0157,152.4497,157.3043,134.0018,382.9088,96.4119,157.6643,137.5417,447.8449,458.5243,468.4183,469.3791,441.4751,474.8224,444.8284,174.9228,162.3469,379.4952,157.8498,426.8556,406.5613,408.6686,176.6859,143.5025,421.6697,435.6279,418.7300,127.8866,139.1805,158.0837,158.7905,168.1865,166.1438,185.5215,427.6649,176.2607,418.8163,444.9247,442.1135,172.5613,400.7328,377.9484,427.9920,428.4491,170.7425,143.6129,165.8217,174.5325,201.6035,130.9117,182.6952,144.1319,156.9726,144.0454,431.0619,134.6953,432.5009,110.4328,424.8278,448.5219,450.7594,420.4155,178.6973,114.0738,405.9583,163.2203,158.4510,401.7262,402.2771,407.0659,430.0111,413.1684,405.7037,110.9729,425.8749,141.4438,423.8821,179.1692,89.4288,193.3677,415.6936,128.5517,112.0040,133.1029,194.6375,169.1689,157.1719,392.8402,412.7247,437.8638,138.6787,169.6294,425.7592,443.2705,420.8248,424.4352,439.4671,430.6226,138.6318,431.0686,182.0323,434.3895,436.4549,126.6176,419.9962,157.3616,448.5135,454.9000,443.0727,422.3138,427.8777,171.8615,451.3911,441.9332,423.8783,410.9624,413.3364,152.6734,432.6365,434.1630,435.2360,436.2920,437.3509,438.4236,439.0464,440.1111,441.1912,442.2874,443.3866,444.4997,445.6310,446.7810,447.9505,449.1402,450.3508,451.5831,452.8378,454.1156,455.4171,456.7432,458.0944,459.4714,460.8749,462.3053,463.7633,465.2493,466.7638,468.3071,469.8796,471.4815,473.1130,474.7741,476.4647,478.1848,479.9339,481.7116,483.5174,485.3504,487.2099,489.0946,491.0034,492.9347,494.8870,496.8585,498.8472,500.8509,502.8675,503.4183,505.4968
45108.7083333,33.0895,53.2900,80.8580,69.0816,94.7762,102.2857,99.3626,69.6398,169.0928,110.9174,94.6527,105.0136,100.7521,106.9736,125.1822,108.3954,125.6000,121.6676,110.4810,79.9328,96.4467,51.9832,70.7857,78.1650,79.1708,277.2861,83.2205,46.9653,104.2827,63.9927,79.7349,49.7781,67.4939,97.1977,100.6871,80.7326,144.4048,254.4536,107.8760,133.2407,105.9365,121.3339,78.2733,98.3713,284.3439,271.8936,112.5260,240.1877,86.6490,84.0058,107.9378,254.1258,265.0365,119.8473,71.6633,68.0279,83.8837,80.7177,180.5283,120.6141,128.9488,109.5915,62.2760,72.8072,134.6741,68.7201,245.4400,161.7854,100.2770,104.0984,105.0390,102.7330,63.6892,105.1012,89.5812,280.0745,288.8911,297.0591,297.8535,274.8233,302.3584,277.5998,119.7783,109.1140,223.6828,105.1031,262.7726,246.0211,247.7605,119.9223,99.9299,258.4902,270.0192,129.8723,88.9543,94.9425,107.3328,106.0508,114.1872,112.1292,127.1620,263.4567,119.9944,169.5004,129.1195,275.3812,117.2625,241.2339,222.4298,263.7286,264.1059,116.6176,108.0685,113.9187,120.1512,146.9377,87.2157,125.5487,100.7651,108.7343,97.8122,266.2835,93.4258,267.4720,125.7128,261.1425,280.6933,282.5403,257.5042,82.3006,86.9083,245.5780,120.2819,95.2529,242.0909,242.5445,246.4953,265.4290,251.5336,132.2832,88.1292,118.9191,98.5117,260.3760,122.8054,66.1901,79.0669,122.2361,96.4009,65.4865,91.7045,141.8126,115.0848,69.8267,234.7748,129.6780,126.0794,98.3260,102.9608,261.9344,276.3804,135.4877,178.4738,273.2436,265.9498,93.6867,266.3190,157.8168,269.0585,270.7624,135.2560,257.1849,103.7397,198.7378,285.9783,276.2214,259.0967,263.6866,116.9208,283.0835,275.2816,260.3897,249.7357,251.6954,101.3263,267.6180,268.8772,269.7623,270.6334,271.5068,272.3918,272.9055,273.7837,274.6747,275.5790,276.4857,277.4039,278.3371,279.2857,280.2505,281.2318,282.2305,283.2470,284.2820,285.3360,286.4097,287.5036,288.6182,289.7541,290.9118,292.0917,293.2944,294.5202,295.7695,297.0426,298.3398,299.6612,301.0070,302.3772,303.7718,305.1907,306.6335,308.0999,309.5895,311.1016,312.6355,314.1902,315.7647,317.3579,318.9683,320.5946,322.2350,323.8879,325.5514,326.0057,327.7202
45108.7500000,19.7080,33.3017,50.4300,39.3902,56.0887,56.0876,53.5162,42.2614,62.2750,60.6571,54.5780,56.6268,51.3591,58.0693,51.0071,58.8969,69.6784,67.0606,59.2224,50.8956,61.3727,31.4233,45.3552,47.0774,50.0846,82.5233,49.8286,28.5676,62.0743,37.5321,50.4805,23.9465,39.7451,60.2368,60.6287,50.6209,58.4741,113.9184,32.7410,74.8443,62.0068,68.3524,41.2679,52.1924,132.8218,78.9425,61.4804,61.2138,50.9399,44.2288,60.3100,66.9523,120.6196,66.2295,39.2559,37.7640,38.8072,52.0970,75.0947,66.5136,71.7559,59.5199,36.6776,36.8027,50.8231,31.4518,108.2458,86.4486,53.8907,53.7134,59.5674,43.6084,37.6839,57.4510,48.0110,76.7098,82.2819,140.8718,141.3746,126.8237,144.2276,82.3028,66.3411,59.9115,49.1454,56.6833,74.9613,64.2887,63.5209,66.1277,61.8256,77.5106,72.3026,65.2737,49.9768,57.7939,59.3977,57.6484,63.4225,61.5345,67.7778,119.6604,65.1999,93.2400,77.1694,83.2501,65.0137,105.6233,93.7434,119.8333,120.0717,64.7977,63.9877,63.9485,67.3379,79.5220,54.3578,69.1789,57.8238,65.5781,54.6162,71.6976,52.8720,76.6038,63.4479,74.1818,79.5644,131.7302,70.6934,46.8243,56.9723,56.0819,57.3419,59.0083,106.1868,106.4727,108.9678,120.9273,112.1519,61.2380,50.1014,71.5758,56.0491,117.7382,68.3381,39.7139,50.9022,61.0178,51.6758,44.7550,51.8563,57.5184,63.9620,33.4340,69.2477,61.7540,72.1544,63.2748,62.8658,75.1950,127.8506,81.5426,83.4257,81.8964,77.3142,55.3397,121.4996,72.6854,82.4707,124.3055,50.5592,72.4792,55.7819,95.9800,90.4685,127.7526,116.9389,119.8372,64.6881,88.2347,127.1593,73.0377,111.0295,68.5339,54.9510,79.4438,80.8193,81.9915,83.1893,84.4252,85.7070,86.7952,88.1566,89.5716,91.0431,92.5669,94.1517,129.0917,129.6907,130.2998,130.9195,131.5501,132.1920,132.8456,133.5111,134.1891,134.8798,135.5836,136.3009,137.0319,137.7770,138.5364,139.3104,140.0993,140.9032,141.7222,142.5566,143.4064,144.2717,145.1523,146.0482,146.9593,147.8852,148.8258,149.7806,150.7492,151.7309,152.7251,153.7311,154.7480,155.7749,156.8107,157.8544,158.9048,159.1917,160.2743
45108.7916667,12.2165,23.7040,34.5269,27.0863,38.1825,37.0857,35.1005,29.3043,42.5736,39.9624,36.1770,37.0931,35.5227,37.7737,33.4886,38.6941,46.1984,44.1687,39.8620,35.3139,42.5703,21.8528,27.0638,32.8717,34.6520,52.3607,34.4588,19.8684,42.8698,25.9422,34.8171,16.5620,22.7972,36.0005,31.2119,31.4493,39.7715,44.0848,21.3616,49.8472,41.8491,45.7844,26.5668,34.0721,56.7296,50.0202,40.5170,36.6340,34.6620,28.6231,40.2362,42.4904,50.0096,44.6382,27.5697,21.6669,26.3286,33.2510,50.0564,43.5515,47.1669,38.7045,16.8190,15.9639,27.6522,21.7515,69.5412,57.3773,35.2818,36.6092,41.5900,30.2974,25.4273,37.2852,31.0483,53.0507,56.9042,60.4739,60.8244,50.7725,62.8243,52.0051,44.0192,39.5271,28.4647,37.3929,45.7801,38.2223,39.9819,43.5061,42.7355,44.5880,49.0679,42.6252,34.7937,35.3756,39.4821,38.0333,41.8875,40.7199,46.6629,77.4249,43.6907,44.1255,54.6229,52.1539,42.5292,36.1746,27.9581,45.9988,77.7089,43.0219,44.1181,42.5212,44.8110,53.8406,37.9997,46.3693,39.5688,45.4639,36.2994,47.2993,35.7195,48.3122,27.7624,48.6009,53.8656,54.2935,43.9848,32.4462,39.5003,39.8430,41.0279,40.5608,36.6187,36.8150,70.0234,78.2929,72.2246,38.4514,34.3656,49.5082,38.2609,76.0869,45.1414,27.5545,34.7155,41.6767,35.0777,27.7978,34.7273,37.9673,42.3113,23.7581,40.2508,41.8100,49.7340,43.8742,43.7554,46.3471,53.8063,43.9878,56.7066,51.3056,47.9388,38.3878,51.8021,49.8569,57.9891,80.6249,32.4682,44.3660,36.5477,58.0856,56.4200,83.0086,46.9770,48.9849,42.8913,55.6653,82.5982,45.4987,41.7966,41.8946,36.2061,49.0412,49.7107,50.2286,50.7533,51.2931,51.7252,52.1181,52.6859,53.2763,53.8910,54.5273,55.1908,55.8852,56.6128,57.3766,58.1793,58.9437,59.8189,60.7413,61.7148,62.7436,63.8321,64.9852,66.2081,67.5067,68.8871,70.3561,90.9991,91.5446,92.1004,92.6668,93.2438,93.8314,94.4297,95.0386,95.6581,96.2880,96.9283,97.5787,98.2389,98.9087,99.5875,100.2750,100.9706,101.6737,102.3838,103.1001,103.8218,104.5481,104.7464,105.4951
45108.8333333,3.7274,6.9068,10.5529,8.3651,11.9079,11.4666,10.8291,8.0756,12.7247,12.5149,11.3930,11.4730,11.0784,11.7803,10.3148,11.9400,14.2847,13.7488,12.3534,10.7021,12.6072,6.4391,8.3123,10.1168,10.7930,16.1232,9.3300,5.6471,13.1034,6.6298,9.1194,5.1631,7.1069,11.2228,9.7298,9.8037,12.3977,13.0171,6.1969,15.4124,12.9479,14.2042,8.2484,10.5855,17.0962,15.5806,12.5262,11.1087,10.9914,8.8269,12.5352,13.0220,14.4962,13.7705,8.4966,6.3836,7.7956,9.8217,15.2163,13.5719,14.6986,12.0614,5.2413,4.5948,8.2346,6.7767,11.8363,11.8915,10.8767,11.3673,12.7970,9.2234,7.8418,11.6157,9.6722,16.5263,17.7267,18.8388,18.9475,15.8147,19.5659,16.1964,16.5233,12.1812,8.8638,11.5866,14.1822,11.9026,12.1677,13.4872,11.8586,13.5986,15.1709,13.2726,10.5323,10.9845,12.2320,11.8113,12.9350,12.6397,14.4602,14.2824,13.5611,13.2896,16.2201,15.9044,13.2405,11.2616,8.7038,14.3203,14.3717,13.2861,13.4976,13.1544,13.8562,12.7721,11.5909,14.3796,12.1422,13.4592,11.2067,14.6773,11.0675,17.6692,8.6883,13.9798,16.6374,16.8888,13.4863,9.0412,11.4775,11.8664,11.0551,10.5038,11.3945,11.4557,11.9925,14.5667,12.6788,11.8395,9.1570,14.3092,11.8523,13.9100,14.0278,8.5192,10.6863,12.9666,10.6709,8.4758,10.7755,10.8286,13.0323,6.6295,10.4070,12.6363,15.4945,13.9592,13.4763,14.5452,16.0602,13.6156,16.7710,15.7054,14.7157,14.2641,16.4587,13.1138,15.0675,15.2990,9.9383,13.4547,11.2353,16.6501,17.3658,16.0404,13.7144,14.3378,13.2198,16.9725,15.9129,13.8910,12.4442,12.7109,11.1374,14.8743,15.0454,15.1656,15.2839,15.4025,15.5227,15.5925,15.7118,15.8328,15.9556,16.0787,16.2034,16.3302,16.4590,16.5900,16.7233,16.8590,16.9970,17.1376,17.2807,17.4266,17.5751,17.7265,17.8808,18.0380,18.1983,18.3616,18.5281,18.6977,18.8707,19.0468,19.2263,19.4091,19.5952,19.7846,19.9773,20.1732,20.3724,20.5747,20.7801,20.9884,21.1995,21.4134,21.6297,21.8485,22.0693,22.2921,22.5166,22.7425,22.8042,23.0371
45108.8750000,0.0000,0.0000,0.0000,0.0000,0.0000,0.0000,0.0000,0.0000,0.0000,0.0000,0.0000,0.0000,0.0000,0.0000,0.0000,0.0000,0.0000,0.0000,0.0000,0.0000,0.0000,0.0000,0.0000,0.0000,0.0000,0.0000,0.0000,0.0000,0.0000,0.0000,0.0000,0.0000,0.0000,0.0000,0.0000,0.0000,0.0000,0.0000,0.0000,0.0000,0.0000,0.0000,0.0000,0.0000,0.0000,0.0000,0.0000,0.0000,0.0000,0.0000,0.0000,0.0000,0.0000,0.0000,0.0000,0.0000,0.0000,0.0000,0.0000,0.0000,0.0000,0.0000,0.0000,0.0000,0.0000,0.0000,0.0000,0.0000,0.0000,0.0000,0.0000,0.0000,0.0000,0.0000,0.0000,0.0000,0.0000,0.0000,0.0000,0.0000,0.0000,0.0000,0.0000,0.0000,0.0000,0.0000,0.0000,0.0000,0.0000,0.0000,0.0000,0.0000,0.0000,0.0000,0.0000,0.0000,0.0000,0.0000,0.0000,0.0000,0.0000,0.0000,0.0000,0.0000,0.0000,0.0000,0.0000,0.0000,0.0000,0.0000,0.0000,0.0000,0.0000,0.0000,0.0000,0.0000,0.0000,0.0000,0.0000,0.0000,0.0000,0.0000,0.0000,0.0000,0.0000,0.0000,0.0000,0.0000,0.0000,0.0000,0.0000,0.0000,0.0000,0.0000,0.0000,0.0000,0.0000,0.0000,0.0000,0.0000,0.0000,0.0000,0.0000,0.0000,0.0000,0.0000,0.0000,0.0000,0.0000,0.0000,0.0000,0.0000,0.0000,0.0000,0.0000,0.0000,0.0000,0.0000,0.0000,0.0000,0.0000,0.0000,0.0000,0.0000,0.0000,0.0000,0.0000,0.0000,0.0000,0.0000,0.0000,0.0000,0.0000,0.0000,0.0000,0.0000,0.0000,0.0000,0.0000,0.0000,0.0000,0.0000,0.0000,0.0000,0.0000,0.0000,0.0000,0.0000,0.0000,0.0000,0.0000,0.0000,0.0000,0.0000,0.0000,0.0000,0.0000,0.0000,0.0000,0.0000,0.0000,0.0000,0.0000,0.0000,0.0000,0.0000,0.0000,0.0000,0.0000,0.0000,0.0000,0.0000,0.0000,0.0000,0.0000,0.0000,0.0000,0.0000,0.0000,0.0000,0.0000,0.0000,0.0000,0.0000,0.0000,0.0000,0.0000,0.0000,0.0000,0.0000,0.0000,0.0000,0.0000,0.0000,0.0000,0.0000
45108.9166667,0.0000,0.0000,0.0000,0.0000,0.0000,0.0000,0.0000,0.0000,0.0000,0.0000,0.0000,0.0000,0.0000,0.0000,0.0000,0.0000,0.0000,0.0000,0.0000,0.0000,0.0000,0.0000,0.0000,0.0000,0.0000,0.0000,0.0000,0.0000,0.0000,0.0000,0.0000,0.0000,0.0000,0.0000,0.0000,0.0000,0.0000,0.0000,0.0000,0.0000,0.0000,0.0000,0.0000,0.0000,0.0000,0.0000,0.0000,0.0000,0.0000,0.0000,0.0000,0.0000,0.0000,0.0000,0.0000,0.0000,0.0000,0.0000,0.0000,0.0000,0.0000,0.0000,0.0000,0.0000,0.0000,0.0000,0.0000,0.0000,0.0000,0.0000,0.0000,0.0000,0.0000,0.0000,0.0000,0.0000,0.0000,0.0000,0.0000,0.0000,0.0000,0.0000,0.0000,0.0000,0.0000,0.0000,0.0000,0.0000,0.0000,0.0000,0.0000,0.0000,0.0000,0.0000,0.0000,0.0000,0.0000,0.0000,0.0000,0.0000,0.0000,0.0000,0.0000,0.0000,0.0000,0.0000,0.0000,0.0000,0.0000,0.0000,0.0000,0.0000,0.0000,0.0000,0.0000,0.0000,0.0000,0.0000,0.0000,0.0000,0.0000,0.0000,0.0000,0.0000,0.0000,0.0000,0.0000,0.0000,0.0000,0.0000,0.0000,0.0000,0.0000,0.0000,0.0000,0.0000,0.0000,0.0000,0.0000,0.0000,0.0000,0.0000,0.0000,0.0000,0.0000,0.0000,0.0000,0.0000,0.0000,0.0000,0.0000,0.0000,0.0000,0.0000,0.0000,0.0000,0.0000,0.0000,0.0000,0.0000,0.0000,0.0000,0.0000,0.0000,0.0000,0.0000,0.0000,0.0000,0.0000,0.0000,0.0000,0.0000,0.0000,0.0000,0.0000,0.0000,0.0000,0.0000,0.0000,0.0000,0.0000,0.0000,0.0000,0.0000,0.0000,0.0000,0.0000,0.0000,0.0000,0.0000,0.0000,0.0000,0.0000,0.0000,0.0000,0.0000,0.0000,0.0000,0.0000,0.0000,0.0000,0.0000,0.0000,0.0000,0.0000,0.0000,0.0000,0.0000,0.0000,0.0000,0.0000,0.0000,0.0000,0.0000,0.0000,0.0000,0.0000,0.0000,0.0000,0.0000,0.0000,0.0000,0.0000,0.0000,0.0000,0.0000,0.0000,0.0000,0.0000,0.0000,0.0000,0.0000,0.0000,0.0000,0.0000,0.0000
45108.9583333,0.0000,0.0000,0.0000,0.0000,0.0000,0.0000,0.0000,0.0000,0.0000,0.0000,0.0000,0.0000,0.0000,0.0000,0.0000,0.0000,0.0000,0.0000,0.0000,0.0000,0.0000,0.0000,0.0000,0.0000,0.0000,0.0000,0.0000,0.0000,0.0000,0.0000,0.0000,0.0000,0.0000,0.0000,0.0000,0.0000,0.0000,0.0000,0.0000,0.0000,0.0000,0.0000,0.0000,0.0000,0.0000,0.0000,0.0000,0.0000,0.0000,0.0000,0.0000,0.0000,0.0000,0.0000,0.0000,0.0000,0.0000,0.0000,0.0000,0.0000,0.0000,0.0000,0.0000,0.0000,0.0000,0.0000,0.0000,0.0000,0.0000,0.0000,0.0000,0.0000,0.0000,0.0000,0.0000,0.0000,0.0000,0.0000,0.0000,0.0000,0.0000,0.0000,0.0000,0.0000,0.0000,0.0000,0.0000,0.0000,0.0000,0.0000,0.0000,0.0000,0.0000,0.0000,0.0000,0.0000,0.0000,0.0000,0.0000,0.0000,0.0000,0.0000,0.0000,0.0000,0.0000,0.0000,0.0000,0.0000,0.0000,0.0000,0.0000,0.0000,0.0000,0.0000,0.0000,0.0000,0.0000,0.0000,0.0000,0.0000,0.0000,0.0000,0.0000,0.0000,0.0000,0.0000,0.0000,0.0000,0.0000,0.0000,0.0000,0.0000,0.0000,0.0000,0.0000,0.0000,0.0000,0.0000,0.0000,0.0000,0.0000,0.0000,0.0000,0.0000,0.0000,0.0000,0.0000,0.0000,0.0000,0.0000,0.0000,0.0000,0.0000,0.0000,0.0000,0.0000,0.0000,0.0000,0.0000,0.0000,0.0000,0.0000,0.0000,0.0000,0.0000,0.0000,0.0000,0.0000,0.0000,0.0000,0.0000,0.0000,0.0000,0.0000,0.0000,0.0000,0.0000,0.0000,0.0000,0.0000,0.0000,0.0000,0.0000,0.0000,0.0000,0.0000,0.0000,0.0000,0.0000,0.0000,0.0000,0.0000,0.0000,0.0000,0.0000,0.0000,0.0000,0.0000,0.0000,0.0000,0.0000,0.0000,0.0000,0.0000,0.0000,0.0000,0.0000,0.0000,0.0000,0.0000,0.0000,0.0000,0.0000,0.0000,0.0000,0.0000,0.0000,0.0000,0.0000,0.0000,0.0000,0.0000,0.0000,0.0000,0.0000,0.0000,0.0000,0.0000,0.0000,0.0000,0.0000,0.0000,0.0000,0.0000,0.0000,0.0000
